
[35m[1m══════════════════════════════════════════════════════════════[0m
[35m[1m  🚀  Deploy All Services[0m
  [2mThree-phase pipeline: build → transfer → restart[0m
[35m[1m══════════════════════════════════════════════════════════════[0m

[33m[1m┌──────────────────────────────────────────────────────────┐[0m
[33m[1m│  PHASE 0 — LIBRARY SYNC                                 │[0m
[33m[1m│  Pull, rebuild dist/, and push shared libraries          │[0m
[33m[1m└──────────────────────────────────────────────────────────┘[0m

[2m19:44:55[0m [36m[1m▸ Syncing utilities-library[0m
  Already up to date.
[2m19:44:56[0m   [2mBuilding dist/[0m
  
  > @rodrigo-barraza/utilities-library@0.2.0 build
  > tsc
  
[2m19:44:57[0m   [32m✔ utilities-library: dist/ already up to date[0m

[2m19:44:57[0m [36m[1m▸ Syncing components-library[0m
  Already up to date.
[2m19:44:58[0m   [2mBuilding dist/[0m
  
  > @rodrigo-barraza/components-library@0.2.0 build
  > tsc
  
  
  > @rodrigo-barraza/components-library@0.2.0 postbuild
  > copyfiles -u 1 "src/**/*.css" dist
  
[2m19:45:02[0m   [32m✔ components-library: dist/ already up to date[0m

[2m19:45:02[0m [36m[1m▸ Syncing service-library[0m
  Already up to date.
[2m19:45:03[0m   [2mBuilding dist/[0m
  
  > @rodrigo-barraza/service-library@0.2.0 build
  > tsc
  
[2m19:45:04[0m   [32m✔ service-library: dist/ already up to date[0m

[2m19:45:04[0m [36m[1m▸ Refreshing components-library dependencies (inter-library git deps)[0m
  (node:1159335) Warning: Setting the NODE_TLS_REJECT_UNAUTHORIZED environment variable to '0' makes TLS connections and HTTPS requests insecure by disabling certificate verification.
  (Use `node --trace-warnings ...` to show where the warning was created)
  
  > @rodrigo-barraza/components-library@0.2.0 prepare
  > [ -d node_modules/typescript ] && tsc || true
  
  
  up to date, audited 268 packages in 3s
  
  61 packages are looking for funding
    run `npm fund` for details
  
  found 0 vulnerabilities
[2m19:45:08[0m   [2mRebuilding components-library with updated dependencies[0m
  
  > @rodrigo-barraza/components-library@0.2.0 build
  > tsc
  
  
  > @rodrigo-barraza/components-library@0.2.0 postbuild
  > copyfiles -u 1 "src/**/*.css" dist
  
[2m19:45:11[0m   [32m✔ components-library: dist/ unchanged after dep refresh[0m

[2m19:45:11[0m [36m[1m▸ Refreshing service-library dependencies (inter-library git deps)[0m
  (node:1159437) Warning: Setting the NODE_TLS_REJECT_UNAUTHORIZED environment variable to '0' makes TLS connections and HTTPS requests insecure by disabling certificate verification.
  (Use `node --trace-warnings ...` to show where the warning was created)
  
  > @rodrigo-barraza/service-library@0.2.0 prepare
  > [ -d node_modules/typescript ] && tsc || true
  
  
  up to date, audited 252 packages in 1s
  
  80 packages are looking for funding
    run `npm fund` for details
  
  found 0 vulnerabilities
[2m19:45:12[0m   [2mRebuilding service-library with updated dependencies[0m
  
  > @rodrigo-barraza/service-library@0.2.0 build
  > tsc
  
[2m19:45:13[0m   [32m✔ service-library: dist/ unchanged after dep refresh[0m

[2m19:45:13[0m [36m[1m▸ Pre-flight check[0m
[2m19:45:13[0m   [32m✔ lupos-bot/deploy.sh[0m
[2m19:45:13[0m   [32m✔ tools-service/deploy.sh[0m
[2m19:45:13[0m   [32m✔ portal-service/deploy.sh[0m
[2m19:45:13[0m   [32m✔ lights-service/deploy.sh[0m
[2m19:45:13[0m   [32m✔ clock-crew-service/deploy.sh[0m
[2m19:45:13[0m   [32m✔ prism-service/deploy.sh[0m
[2m19:45:13[0m   [32m✔ prism-client/deploy.sh[0m
[2m19:45:13[0m   [32m✔ portal-client/deploy.sh[0m
[2m19:45:13[0m   [32m✔ clock-crew-client/deploy.sh[0m
[2m19:45:13[0m   [32m✔ lights-client/deploy.sh[0m
[2m19:45:13[0m   [32m✔ rod-dev-client/deploy.sh[0m
[2m19:45:13[0m   [32m✔ meepothegeomancer-client/deploy.sh[0m
[2m19:45:13[0m   [32m✔ classic-whitemane-client/deploy.sh[0m
[2m19:45:13[0m   [32m✔ messages-service/deploy.sh[0m
[2m19:45:13[0m   [32m✔ messages-client/deploy.sh[0m
[2m19:45:13[0m   [32m✔ ledger-service/deploy.sh[0m
[2m19:45:13[0m   [32m✔ ledger-client/deploy.sh[0m
[2m19:45:13[0m   [32m✔ workspace-service/deploy.sh[0m
[2m19:45:13[0m   [32m✔ sessions-service/deploy.sh[0m
[2m19:45:13[0m   [32m✔ dygest-service/deploy.sh[0m
[2m19:45:13[0m   [32m✔ dygest-client/deploy.sh[0m
[2m19:45:13[0m   [32m✔ gauge-service/deploy.sh[0m
[2m19:45:13[0m   [32m✔ gauge-client/deploy.sh[0m
[2m19:45:13[0m   [32m✔ reels-service/deploy.sh[0m
[2m19:45:13[0m   [32m✔ reels-client/deploy.sh[0m
[2m19:45:13[0m   [32m✔ clankerbox-service/deploy.sh[0m
[2m19:45:13[0m   [32m✔ clankerbox-client/deploy.sh[0m
[2m19:45:13[0m   [32m✔ iron-service/deploy.sh[0m
[2m19:45:13[0m   [32m✔ iron-client/deploy.sh[0m
[2m19:45:13[0m   [32m✔ games-service/deploy.sh[0m
[2m19:45:13[0m   [32m✔ games-client/deploy.sh[0m
[2m19:45:13[0m   [32m✔ qbittorrent-service/deploy.sh[0m
[2m19:45:13[0m   [32m✔ lupos-client/deploy.sh[0m
[2m19:45:13[0m   [32m✔ vault-service/deploy.sh[0m

[2m19:45:13[0m [36m[1m▸ Pruning orphaned Docker networks on synology (nas)[0m
[2m19:45:13[0m   [32m✔ No orphaned networks[0m

[36m[1m┌──────────────────────────────────────────────────────────┐[0m
[36m[1m│  PHASE 1 — BUILD                                        │[0m
[36m[1m│  All services build in parallel across all tiers         │[0m
[36m[1m└──────────────────────────────────────────────────────────┘[0m

[2m19:45:13[0m [36m[1m▸ Launching builds — Tier 0 — Foundation: vault-service[0m
[2m19:45:13[0m   [2m  ⟶ vault-service (PID 1159602)[0m

[2m19:45:13[0m [36m[1m▸ Launching builds — Tier 1 — Services & Clients: tools-service portal-service lights-service clock-crew-service prism-service prism-client portal-client clock-crew-client lights-client rod-dev-client meepothegeomancer-client classic-whitemane-client messages-service messages-client ledger-service ledger-client workspace-service sessions-service dygest-service dygest-client gauge-service gauge-client reels-service reels-client clankerbox-service clankerbox-client iron-service iron-client games-service games-client qbittorrent-service lupos-client[0m
[2m19:45:13[0m   [2m  ⟶ tools-service (PID 1159615)[0m
[2m19:45:13[0m   [2m  ⟶ portal-service (PID 1159623)[0m
[2m19:45:13[0m   [2m  ⟶ lights-service (PID 1159635)[0m
[2m19:45:13[0m [38;5;33m[1m[vault-service       ][0m 
[2m19:45:13[0m   [2m  ⟶ clock-crew-service (PID 1159648)[0m
[2m19:45:13[0m [38;5;33m[1m[vault-service       ][0m [36m[1m══════════════════════════════════════════════════════[0m
[2m19:45:13[0m   [2m  ⟶ prism-service (PID 1159665)[0m
[2m19:45:13[0m [38;5;33m[1m[vault-service       ][0m [36m[1m  🔐 Vault Service — Build[0m
[2m19:45:13[0m   [2m  ⟶ prism-client (PID 1159684)[0m
[2m19:45:13[0m [38;5;33m[1m[tools-service       ][0m 
[2m19:45:13[0m [38;5;33m[1m[vault-service       ][0m [36m[1m══════════════════════════════════════════════════════[0m
[2m19:45:13[0m [38;5;33m[1m[tools-service       ][0m [36m[1m══════════════════════════════════════════════════════[0m
[2m19:45:13[0m   [2m  ⟶ portal-client (PID 1159703)[0m
[2m19:45:13[0m [38;5;33m[1m[vault-service       ][0m 
[2m19:45:13[0m [38;5;33m[1m[portal-service      ][0m 
[2m19:45:13[0m [38;5;33m[1m[vault-service       ][0m [2m19:45:13[0m [36m[1m▸ Validating deployment files[0m
[2m19:45:13[0m [38;5;33m[1m[portal-service      ][0m [36m[1m══════════════════════════════════════════════════════[0m
[2m19:45:13[0m [38;5;33m[1m[lights-service      ][0m 
[2m19:45:13[0m   [2m  ⟶ clock-crew-client (PID 1159731)[0m
[2m19:45:13[0m [38;5;33m[1m[portal-service      ][0m [36m[1m  🔌 Portal Service — Build[0m
[2m19:45:13[0m [38;5;33m[1m[lights-service      ][0m [36m[1m══════════════════════════════════════════════════════[0m
[2m19:45:13[0m [38;5;33m[1m[clock-crew-service  ][0m 
[2m19:45:13[0m [38;5;33m[1m[tools-service       ][0m [36m[1m  🔧 Tools Service — Build[0m
[2m19:45:13[0m [38;5;33m[1m[lights-service      ][0m [36m[1m  💡 Lights Service — Build[0m
[2m19:45:13[0m   [2m  ⟶ lights-client (PID 1159772)[0m
[2m19:45:13[0m [38;5;33m[1m[portal-service      ][0m [36m[1m══════════════════════════════════════════════════════[0m
[2m19:45:13[0m [38;5;33m[1m[prism-service       ][0m 
[2m19:45:13[0m [38;5;33m[1m[clock-crew-service  ][0m [36m[1m══════════════════════════════════════════════════════[0m
[2m19:45:13[0m [38;5;33m[1m[portal-service      ][0m 
[2m19:45:13[0m [38;5;33m[1m[vault-service       ][0m [2m19:45:13[0m   [32m✔ vault.key found[0m
[2m19:45:13[0m [38;5;33m[1m[lights-service      ][0m [36m[1m══════════════════════════════════════════════════════[0m
[2m19:45:13[0m   [2m  ⟶ rod-dev-client (PID 1159798)[0m
[2m19:45:13[0m [38;5;33m[1m[vault-service       ][0m [2m19:45:13[0m   [2mBranch: master @ a04e6d8[0m
[2m19:45:13[0m [38;5;33m[1m[prism-service       ][0m [36m[1m══════════════════════════════════════════════════════[0m
[2m19:45:13[0m [38;5;33m[1m[tools-service       ][0m [36m[1m══════════════════════════════════════════════════════[0m
[2m19:45:13[0m [38;5;33m[1m[portal-service      ][0m [2m19:45:13[0m [36m[1m▸ Validating deployment files[0m
[2m19:45:13[0m [38;5;34m[1m[prism-client        ][0m 
[2m19:45:13[0m   [2m  ⟶ meepothegeomancer-client (PID 1159837)[0m
[2m19:45:13[0m [38;5;33m[1m[vault-service       ][0m [2m19:45:13[0m   [2mTime:   2026-05-21T02:45:13Z[0m
[2m19:45:13[0m [38;5;33m[1m[prism-service       ][0m [36m[1m  🔷 Prism Service — Build[0m
[2m19:45:13[0m [38;5;33m[1m[lights-service      ][0m 
[2m19:45:13[0m [38;5;33m[1m[tools-service       ][0m 
[2m19:45:13[0m [38;5;33m[1m[portal-service      ][0m [2m19:45:13[0m   [32m✔ .env.deploy found (17 lines)[0m
[2m19:45:13[0m [38;5;33m[1m[prism-service       ][0m [36m[1m══════════════════════════════════════════════════════[0m
[2m19:45:13[0m [38;5;33m[1m[lights-service      ][0m [2m19:45:13[0m [36m[1m▸ Validating deployment files[0m
[2m19:45:13[0m [38;5;33m[1m[clock-crew-service  ][0m [36m[1m  🕐 Clock Crew Service — Build[0m
[2m19:45:13[0m [38;5;33m[1m[tools-service       ][0m [2m19:45:13[0m [36m[1m▸ Validating deployment files[0m
[2m19:45:13[0m [38;5;33m[1m[vault-service       ][0m 
[2m19:45:13[0m [38;5;33m[1m[lights-service      ][0m [2m19:45:13[0m   [32m✔ .env.deploy found (17 lines)[0m
[2m19:45:13[0m [38;5;34m[1m[portal-client       ][0m 
[2m19:45:13[0m   [2m  ⟶ classic-whitemane-client (PID 1159859)[0m
[2m19:45:13[0m [38;5;34m[1m[portal-client       ][0m [36m[1m══════════════════════════════════════════════════════[0m
[2m19:45:13[0m [38;5;33m[1m[vault-service       ][0m [2m19:45:13[0m [36m[1m▸ Pulling latest changes[0m
[2m19:45:13[0m [38;5;34m[1m[rod-dev-client      ][0m 
[2m19:45:13[0m   [2m  ⟶ messages-service (PID 1159908)[0m
[2m19:45:13[0m [38;5;34m[1m[portal-client       ][0m [36m[1m  🖥️ Portal Client — Build[0m
[2m19:45:13[0m [38;5;33m[1m[clock-crew-service  ][0m [36m[1m══════════════════════════════════════════════════════[0m
[2m19:45:13[0m [38;5;34m[1m[rod-dev-client      ][0m [36m[1m══════════════════════════════════════════════════════[0m
[2m19:45:13[0m [38;5;34m[1m[lights-client       ][0m 
[2m19:45:13[0m [38;5;34m[1m[portal-client       ][0m [36m[1m══════════════════════════════════════════════════════[0m
[2m19:45:13[0m [38;5;33m[1m[clock-crew-service  ][0m 
[2m19:45:13[0m [38;5;34m[1m[rod-dev-client      ][0m [36m[1m  🚀 Rod Dev Client — Build[0m
[2m19:45:13[0m   [2m  ⟶ messages-client (PID 1159927)[0m
[2m19:45:13[0m [38;5;34m[1m[lights-client       ][0m [36m[1m══════════════════════════════════════════════════════[0m
[2m19:45:13[0m [38;5;33m[1m[tools-service       ][0m [2m19:45:13[0m   [32m✔ .env.deploy found (17 lines)[0m
[2m19:45:13[0m [38;5;34m[1m[portal-client       ][0m 
[2m19:45:13[0m [38;5;33m[1m[clock-crew-service  ][0m [2m19:45:13[0m [36m[1m▸ Validating deployment files[0m
[2m19:45:13[0m [38;5;34m[1m[lights-client       ][0m [36m[1m  💡 Lights Client — Build[0m
[2m19:45:13[0m [38;5;34m[1m[rod-dev-client      ][0m [36m[1m══════════════════════════════════════════════════════[0m
[2m19:45:13[0m   [2m  ⟶ ledger-service (PID 1159964)[0m
[2m19:45:13[0m [38;5;33m[1m[prism-service       ][0m 
[2m19:45:13[0m [38;5;34m[1m[portal-client       ][0m [2m19:45:13[0m [36m[1m▸ Validating deployment files[0m
[2m19:45:13[0m [38;5;34m[1m[clock-crew-client   ][0m 
[2m19:45:13[0m [38;5;33m[1m[clock-crew-service  ][0m [2m19:45:13[0m   [32m✔ .env.deploy found (17 lines)[0m
[2m19:45:13[0m [38;5;34m[1m[rod-dev-client      ][0m 
[2m19:45:13[0m [38;5;34m[1m[lights-client       ][0m [36m[1m══════════════════════════════════════════════════════[0m
[2m19:45:13[0m [38;5;33m[1m[prism-service       ][0m [2m19:45:13[0m [36m[1m▸ Validating deployment files[0m
[2m19:45:13[0m [38;5;34m[1m[prism-client        ][0m [36m[1m══════════════════════════════════════════════════════[0m
[2m19:45:13[0m [38;5;34m[1m[portal-client       ][0m [2m19:45:13[0m   [32m✔ .env.deploy found (17 lines)[0m
[2m19:45:13[0m [38;5;34m[1m[clock-crew-client   ][0m [36m[1m══════════════════════════════════════════════════════[0m
[2m19:45:13[0m [38;5;34m[1m[lights-client       ][0m 
[2m19:45:13[0m [38;5;34m[1m[prism-client        ][0m [36m[1m  🔷 Prism Client — Build[0m
[2m19:45:13[0m [38;5;34m[1m[clock-crew-client   ][0m [36m[1m  ⏰ Clock Crew Client — Build[0m
[2m19:45:13[0m [38;5;34m[1m[meepothegeomancer-client][0m 
[2m19:45:13[0m [38;5;34m[1m[lights-client       ][0m [2m19:45:13[0m [36m[1m▸ Validating deployment files[0m
[2m19:45:13[0m   [2m  ⟶ ledger-client (PID 1159991)[0m
[2m19:45:13[0m [38;5;33m[1m[messages-service    ][0m 
[2m19:45:13[0m [38;5;34m[1m[prism-client        ][0m [36m[1m══════════════════════════════════════════════════════[0m
[2m19:45:13[0m [38;5;34m[1m[clock-crew-client   ][0m [36m[1m══════════════════════════════════════════════════════[0m
[2m19:45:13[0m [38;5;34m[1m[rod-dev-client      ][0m [2m19:45:13[0m [36m[1m▸ Validating deployment files[0m
[2m19:45:13[0m [38;5;34m[1m[classic-whitemane-client][0m 
[2m19:45:13[0m [38;5;34m[1m[meepothegeomancer-client][0m [36m[1m══════════════════════════════════════════════════════[0m
[2m19:45:13[0m [38;5;34m[1m[lights-client       ][0m [2m19:45:13[0m   [32m✔ .env.deploy found (17 lines)[0m
[2m19:45:13[0m [38;5;34m[1m[clock-crew-client   ][0m 
[2m19:45:13[0m [38;5;34m[1m[prism-client        ][0m 
[2m19:45:13[0m [38;5;34m[1m[classic-whitemane-client][0m [36m[1m══════════════════════════════════════════════════════[0m
[2m19:45:13[0m [38;5;34m[1m[meepothegeomancer-client][0m [36m[1m  🐉 Meepo Client — Build[0m
[2m19:45:13[0m [38;5;33m[1m[ledger-service      ][0m 
[2m19:45:13[0m [38;5;34m[1m[prism-client        ][0m [2m19:45:13[0m [36m[1m▸ Validating deployment files[0m
[2m19:45:13[0m [38;5;33m[1m[prism-service       ][0m [2m19:45:13[0m   [32m✔ .env.deploy found (17 lines)[0m
[2m19:45:13[0m [38;5;34m[1m[clock-crew-client   ][0m [2m19:45:13[0m [36m[1m▸ Validating deployment files[0m
[2m19:45:13[0m [38;5;34m[1m[meepothegeomancer-client][0m [36m[1m══════════════════════════════════════════════════════[0m
[2m19:45:13[0m [38;5;34m[1m[classic-whitemane-client][0m [36m[1m  ⚔️ Classic Whitemane Client — Build[0m
[2m19:45:13[0m [38;5;34m[1m[messages-client     ][0m 
[2m19:45:13[0m [38;5;33m[1m[ledger-service      ][0m [36m[1m══════════════════════════════════════════════════════[0m
[2m19:45:13[0m [38;5;33m[1m[messages-service    ][0m [36m[1m══════════════════════════════════════════════════════[0m
[2m19:45:13[0m [38;5;34m[1m[clock-crew-client   ][0m [2m19:45:13[0m   [32m✔ .env.deploy found (17 lines)[0m
[2m19:45:13[0m [38;5;34m[1m[prism-client        ][0m [2m19:45:13[0m   [32m✔ .env.deploy found (17 lines)[0m
[2m19:45:13[0m [38;5;34m[1m[classic-whitemane-client][0m [36m[1m══════════════════════════════════════════════════════[0m
[2m19:45:13[0m [38;5;34m[1m[ledger-client       ][0m 
[2m19:45:13[0m   [2m  ⟶ workspace-service (PID 1160060)[0m
[2m19:45:13[0m [38;5;33m[1m[ledger-service      ][0m [36m[1m  📒 Ledger Service — Build[0m
[2m19:45:13[0m [38;5;33m[1m[messages-service    ][0m [36m[1m  📱 Messages Service — Build[0m
[2m19:45:13[0m [38;5;34m[1m[messages-client     ][0m [36m[1m══════════════════════════════════════════════════════[0m
[2m19:45:13[0m [38;5;34m[1m[classic-whitemane-client][0m 
[2m19:45:13[0m [38;5;34m[1m[meepothegeomancer-client][0m 
[2m19:45:13[0m   [2m  ⟶ sessions-service (PID 1160138)[0m
[2m19:45:13[0m [38;5;33m[1m[ledger-service      ][0m [36m[1m══════════════════════════════════════════════════════[0m
[2m19:45:13[0m [38;5;33m[1m[messages-service    ][0m [36m[1m══════════════════════════════════════════════════════[0m
[2m19:45:13[0m [38;5;34m[1m[messages-client     ][0m [36m[1m  💬 Messages Client — Build[0m
[2m19:45:13[0m   [2m  ⟶ dygest-service (PID 1160158)[0m
[2m19:45:13[0m [38;5;33m[1m[ledger-service      ][0m 
[2m19:45:13[0m [38;5;34m[1m[meepothegeomancer-client][0m [2m19:45:13[0m [36m[1m▸ Validating deployment files[0m
[2m19:45:13[0m [38;5;33m[1m[workspace-service   ][0m 
[2m19:45:13[0m [38;5;33m[1m[messages-service    ][0m 
[2m19:45:13[0m [38;5;34m[1m[messages-client     ][0m [36m[1m══════════════════════════════════════════════════════[0m
[2m19:45:13[0m [38;5;33m[1m[ledger-service      ][0m [2m19:45:13[0m [36m[1m▸ Validating deployment files[0m
[2m19:45:13[0m [38;5;34m[1m[ledger-client       ][0m [36m[1m══════════════════════════════════════════════════════[0m
[2m19:45:13[0m [38;5;33m[1m[workspace-service   ][0m [36m[1m══════════════════════════════════════════════════════[0m
[2m19:45:13[0m   [2m  ⟶ dygest-client (PID 1160180)[0m
[2m19:45:13[0m [38;5;34m[1m[messages-client     ][0m 
[2m19:45:13[0m [38;5;33m[1m[ledger-service      ][0m [2m19:45:13[0m   [32m✔ .env.deploy found (17 lines)[0m
[2m19:45:13[0m [38;5;33m[1m[workspace-service   ][0m [36m[1m  🔌 Workspace Service — Build[0m
[2m19:45:13[0m [38;5;33m[1m[messages-service    ][0m [2m19:45:13[0m [36m[1m▸ Validating deployment files[0m
[2m19:45:13[0m [38;5;34m[1m[messages-client     ][0m [2m19:45:13[0m [36m[1m▸ Validating deployment files[0m
[2m19:45:13[0m   [2m  ⟶ gauge-service (PID 1160207)[0m
[2m19:45:13[0m [38;5;34m[1m[classic-whitemane-client][0m [2m19:45:13[0m [36m[1m▸ Validating deployment files[0m
[2m19:45:13[0m [38;5;33m[1m[workspace-service   ][0m [36m[1m══════════════════════════════════════════════════════[0m
[2m19:45:13[0m [38;5;34m[1m[ledger-client       ][0m [36m[1m  📒 Ledger Client — Build[0m
[2m19:45:13[0m [38;5;33m[1m[messages-service    ][0m [2m19:45:13[0m   [32m✔ .env.deploy found (17 lines)[0m
[2m19:45:13[0m   [2m  ⟶ gauge-client (PID 1160229)[0m
[2m19:45:13[0m [38;5;34m[1m[messages-client     ][0m [2m19:45:13[0m   [32m✔ .env.deploy found (17 lines)[0m
[2m19:45:13[0m [38;5;33m[1m[sessions-service    ][0m 
[2m19:45:13[0m [38;5;34m[1m[ledger-client       ][0m [36m[1m══════════════════════════════════════════════════════[0m
[2m19:45:13[0m [38;5;33m[1m[workspace-service   ][0m 
[2m19:45:13[0m   [2m  ⟶ reels-service (PID 1160252)[0m
[2m19:45:13[0m [38;5;33m[1m[workspace-service   ][0m [2m19:45:13[0m [36m[1m▸ Validating deployment files[0m
[2m19:45:13[0m [38;5;34m[1m[ledger-client       ][0m 
[2m19:45:13[0m [38;5;33m[1m[sessions-service    ][0m [36m[1m══════════════════════════════════════════════════════[0m
[2m19:45:13[0m   [2m  ⟶ reels-client (PID 1160273)[0m
[2m19:45:13[0m [38;5;34m[1m[dygest-client       ][0m 
[2m19:45:13[0m [38;5;34m[1m[ledger-client       ][0m [2m19:45:13[0m [36m[1m▸ Validating deployment files[0m
[2m19:45:13[0m [38;5;33m[1m[sessions-service    ][0m [36m[1m  📊 Sessions Service — Build[0m
[2m19:45:13[0m [38;5;33m[1m[workspace-service   ][0m [2m19:45:13[0m   [32m✔ .env.deploy found (17 lines)[0m
[2m19:45:13[0m   [2m  ⟶ clankerbox-service (PID 1160299)[0m
[2m19:45:13[0m [38;5;33m[1m[dygest-service      ][0m 
[2m19:45:13[0m [38;5;34m[1m[dygest-client       ][0m [36m[1m══════════════════════════════════════════════════════[0m
[2m19:45:13[0m [38;5;33m[1m[sessions-service    ][0m [36m[1m══════════════════════════════════════════════════════[0m
[2m19:45:13[0m   [2m  ⟶ clankerbox-client (PID 1160318)[0m
[2m19:45:13[0m [38;5;34m[1m[ledger-client       ][0m [2m19:45:13[0m   [32m✔ .env.deploy found (17 lines)[0m
[2m19:45:13[0m [38;5;34m[1m[classic-whitemane-client][0m [2m19:45:13[0m   [32m✔ .env.deploy found (17 lines)[0m
[2m19:45:13[0m [38;5;33m[1m[sessions-service    ][0m 
[2m19:45:13[0m [38;5;34m[1m[dygest-client       ][0m [36m[1m  🥗 Dygest Client — Build[0m
[2m19:45:13[0m   [2m  ⟶ iron-service (PID 1160344)[0m
[2m19:45:13[0m [38;5;33m[1m[dygest-service      ][0m [36m[1m══════════════════════════════════════════════════════[0m
[2m19:45:13[0m [38;5;34m[1m[gauge-client        ][0m 
[2m19:45:13[0m [38;5;33m[1m[gauge-service       ][0m 
[2m19:45:13[0m [38;5;34m[1m[dygest-client       ][0m [36m[1m══════════════════════════════════════════════════════[0m
[2m19:45:13[0m [38;5;33m[1m[gauge-service       ][0m [36m[1m══════════════════════════════════════════════════════[0m
[2m19:45:13[0m [38;5;34m[1m[gauge-client        ][0m [36m[1m══════════════════════════════════════════════════════[0m
[2m19:45:13[0m [38;5;34m[1m[dygest-client       ][0m 
[2m19:45:13[0m [38;5;33m[1m[dygest-service      ][0m [36m[1m  🥗 Dygest Service — Build[0m
[2m19:45:13[0m   [2m  ⟶ iron-client (PID 1160373)[0m
[2m19:45:13[0m [38;5;33m[1m[sessions-service    ][0m [2m19:45:13[0m [36m[1m▸ Validating deployment files[0m
[2m19:45:13[0m [38;5;33m[1m[dygest-service      ][0m [36m[1m══════════════════════════════════════════════════════[0m
[2m19:45:13[0m [38;5;33m[1m[gauge-service       ][0m [36m[1m  🌡️ Gauge Service — Build[0m
[2m19:45:13[0m   [2m  ⟶ games-service (PID 1160409)[0m
[2m19:45:13[0m [38;5;34m[1m[dygest-client       ][0m [2m19:45:13[0m [36m[1m▸ Validating deployment files[0m
[2m19:45:13[0m [38;5;34m[1m[gauge-client        ][0m [36m[1m  🌡️ Gauge Client — Build[0m
[2m19:45:13[0m [38;5;33m[1m[sessions-service    ][0m [2m19:45:13[0m   [32m✔ .env.deploy found (17 lines)[0m
[2m19:45:13[0m [38;5;34m[1m[reels-client        ][0m 
[2m19:45:13[0m [38;5;34m[1m[dygest-client       ][0m [2m19:45:13[0m   [32m✔ .env.deploy found (17 lines)[0m
[2m19:45:13[0m [38;5;33m[1m[reels-service       ][0m 
[2m19:45:13[0m [38;5;33m[1m[dygest-service      ][0m 
[2m19:45:13[0m [38;5;33m[1m[clankerbox-service  ][0m 
[2m19:45:13[0m [38;5;33m[1m[gauge-service       ][0m [36m[1m══════════════════════════════════════════════════════[0m
[2m19:45:13[0m [38;5;34m[1m[reels-client        ][0m [36m[1m══════════════════════════════════════════════════════[0m
[2m19:45:13[0m   [2m  ⟶ games-client (PID 1160434)[0m
[2m19:45:13[0m [38;5;33m[1m[reels-service       ][0m [36m[1m══════════════════════════════════════════════════════[0m
[2m19:45:13[0m [38;5;34m[1m[reels-client        ][0m [36m[1m  🎬 Reels Client — Build[0m
[2m19:45:13[0m [38;5;34m[1m[gauge-client        ][0m [36m[1m══════════════════════════════════════════════════════[0m
[2m19:45:13[0m [38;5;33m[1m[clankerbox-service  ][0m [36m[1m══════════════════════════════════════════════════════[0m
[2m19:45:13[0m [38;5;33m[1m[iron-service        ][0m 
[2m19:45:13[0m [38;5;33m[1m[dygest-service      ][0m [2m19:45:13[0m [36m[1m▸ Validating deployment files[0m
[2m19:45:13[0m [38;5;33m[1m[gauge-service       ][0m 
[2m19:45:13[0m   [2m  ⟶ qbittorrent-service (PID 1160485)[0m
[2m19:45:13[0m [38;5;33m[1m[reels-service       ][0m [36m[1m  🎬 Reels Service — Build[0m
[2m19:45:13[0m [38;5;34m[1m[reels-client        ][0m [36m[1m══════════════════════════════════════════════════════[0m
[2m19:45:13[0m [38;5;34m[1m[iron-client         ][0m 
[2m19:45:13[0m [38;5;33m[1m[dygest-service      ][0m [2m19:45:13[0m   [32m✔ .env.deploy found (17 lines)[0m
[2m19:45:13[0m [38;5;33m[1m[iron-service        ][0m [36m[1m══════════════════════════════════════════════════════[0m
[2m19:45:13[0m [38;5;33m[1m[gauge-service       ][0m [2m19:45:13[0m [36m[1m▸ Validating deployment files[0m
[2m19:45:13[0m [38;5;33m[1m[clankerbox-service  ][0m [36m[1m  🤖 Clankerbox Service — Build[0m
[2m19:45:13[0m [38;5;34m[1m[clankerbox-client   ][0m 
[2m19:45:13[0m [38;5;34m[1m[iron-client         ][0m [36m[1m══════════════════════════════════════════════════════[0m
[2m19:45:13[0m [38;5;34m[1m[reels-client        ][0m 
[2m19:45:13[0m   [2m  ⟶ lupos-client (PID 1160520)[0m
[2m19:45:13[0m [38;5;33m[1m[reels-service       ][0m [36m[1m══════════════════════════════════════════════════════[0m
[2m19:45:13[0m [38;5;33m[1m[iron-service        ][0m [36m[1m  🏋️ Iron Service — Build[0m
[2m19:45:13[0m [38;5;33m[1m[gauge-service       ][0m [2m19:45:13[0m   [32m✔ .env.deploy found (17 lines)[0m
[2m19:45:13[0m [38;5;34m[1m[iron-client         ][0m [36m[1m  🏋️ Iron Client — Build[0m
[2m19:45:13[0m [38;5;34m[1m[clankerbox-client   ][0m [36m[1m══════════════════════════════════════════════════════[0m
[2m19:45:13[0m [38;5;33m[1m[clankerbox-service  ][0m [36m[1m══════════════════════════════════════════════════════[0m
[2m19:45:13[0m [38;5;34m[1m[reels-client        ][0m [2m19:45:13[0m [36m[1m▸ Validating deployment files[0m
[2m19:45:13[0m [38;5;34m[1m[gauge-client        ][0m 

[2m19:45:13[0m [36m[1m▸ Launching builds — Tier 2 — Bots: lupos-bot[0m
[2m19:45:13[0m [38;5;33m[1m[iron-service        ][0m [36m[1m══════════════════════════════════════════════════════[0m
[2m19:45:13[0m [38;5;34m[1m[iron-client         ][0m [36m[1m══════════════════════════════════════════════════════[0m
[2m19:45:13[0m [38;5;34m[1m[clankerbox-client   ][0m [36m[1m  🤖 Clankerbox Client — Build[0m
[2m19:45:13[0m [38;5;33m[1m[clankerbox-service  ][0m 
[2m19:45:13[0m [38;5;33m[1m[qbittorrent-service ][0m 🧲 qBittorrent — Deploying to nas
[2m19:45:13[0m [38;5;34m[1m[gauge-client        ][0m [2m19:45:13[0m [36m[1m▸ Validating deployment files[0m
[2m19:45:13[0m [38;5;33m[1m[qbittorrent-service ][0m    Compose dir: /volume1/docker/qbittorrent-service
[2m19:45:13[0m [38;5;34m[1m[games-client        ][0m 
[2m19:45:13[0m [38;5;34m[1m[iron-client         ][0m 
[2m19:45:13[0m [38;5;33m[1m[iron-service        ][0m 
[2m19:45:13[0m   [2m  ⟶ lupos-bot (PID 1160582)[0m
[2m19:45:13[0m [38;5;33m[1m[clankerbox-service  ][0m [2m19:45:13[0m [36m[1m▸ Validating deployment files[0m
[2m19:45:13[0m [38;5;34m[1m[clankerbox-client   ][0m [36m[1m══════════════════════════════════════════════════════[0m
[2m19:45:13[0m [38;5;33m[1m[games-service       ][0m 
[2m19:45:13[0m [38;5;33m[1m[reels-service       ][0m 
[2m19:45:13[0m [38;5;34m[1m[gauge-client        ][0m [2m19:45:13[0m   [32m✔ .env.deploy found (17 lines)[0m
[2m19:45:13[0m [38;5;34m[1m[iron-client         ][0m [2m19:45:13[0m [36m[1m▸ Validating deployment files[0m
[2m19:45:13[0m [38;5;34m[1m[games-client        ][0m [36m[1m══════════════════════════════════════════════════════[0m
[2m19:45:13[0m [38;5;34m[1m[reels-client        ][0m [2m19:45:13[0m   [32m✔ .env.deploy found (17 lines)[0m
[2m19:45:13[0m [38;5;33m[1m[clankerbox-service  ][0m [2m19:45:13[0m   [32m✔ .env.deploy found (17 lines)[0m
[2m19:45:13[0m [38;5;33m[1m[games-service       ][0m [36m[1m══════════════════════════════════════════════════════[0m
[2m19:45:13[0m [38;5;33m[1m[iron-service        ][0m [2m19:45:13[0m [36m[1m▸ Validating deployment files[0m
[2m19:45:13[0m [38;5;33m[1m[qbittorrent-service ][0m    Image: lscr.io/linuxserver/qbittorrent:latest
[2m19:45:13[0m [38;5;34m[1m[clankerbox-client   ][0m 
[2m19:45:13[0m [38;5;33m[1m[reels-service       ][0m [2m19:45:13[0m [36m[1m▸ Validating deployment files[0m
[2m19:45:13[0m [38;5;34m[1m[iron-client         ][0m [2m19:45:13[0m   [32m✔ .env.deploy found (17 lines)[0m
[2m19:45:13[0m [38;5;34m[1m[games-client        ][0m [36m[1m  🎮 Games Client — Build[0m
[2m19:45:13[0m [38;5;34m[1m[clankerbox-client   ][0m [2m19:45:13[0m [36m[1m▸ Validating deployment files[0m
[2m19:45:13[0m [38;5;33m[1m[iron-service        ][0m [2m19:45:13[0m   [32m✔ .env.deploy found (17 lines)[0m
[2m19:45:13[0m [38;5;33m[1m[qbittorrent-service ][0m    ⬇️  Pulling lscr.io/linuxserver/qbittorrent:latest on NAS...
[2m19:45:13[0m [38;5;33m[1m[reels-service       ][0m [2m19:45:13[0m   [32m✔ .env.deploy found (17 lines)[0m
[2m19:45:13[0m [38;5;33m[1m[games-service       ][0m [36m[1m  🎮 Games Service — Build[0m
[2m19:45:13[0m [38;5;34m[1m[games-client        ][0m [36m[1m══════════════════════════════════════════════════════[0m
[2m19:45:13[0m [38;5;34m[1m[clankerbox-client   ][0m [2m19:45:13[0m   [32m✔ .env.deploy found (17 lines)[0m
[2m19:45:13[0m [38;5;33m[1m[games-service       ][0m [36m[1m══════════════════════════════════════════════════════[0m
[2m19:45:13[0m [38;5;34m[1m[games-client        ][0m 
[2m19:45:13[0m [38;5;34m[1m[games-client        ][0m [2m19:45:13[0m [36m[1m▸ Validating deployment files[0m
[2m19:45:13[0m [38;5;33m[1m[games-service       ][0m 
[2m19:45:13[0m [38;5;33m[1m[games-service       ][0m [2m19:45:13[0m [36m[1m▸ Validating deployment files[0m
[2m19:45:13[0m [38;5;34m[1m[games-client        ][0m [2m19:45:13[0m   [32m✔ .env.deploy found (17 lines)[0m
[2m19:45:13[0m [38;5;33m[1m[games-service       ][0m [2m19:45:13[0m   [32m✔ .env.deploy found (17 lines)[0m

[2m19:45:13[0m   [2mAll builds + transfers launched — transfers start as builds complete[0m

[33m[1m┌──────────────────────────────────────────────────────────┐[0m
[33m[1m│  PRE-DEPLOY — Cross-device orphan teardown               │[0m
[33m[1m│  Checking other devices for stale containers             │[0m
[33m[1m└──────────────────────────────────────────────────────────┘[0m
[2m19:45:13[0m [38;5;33m[1m[tools-service       ][0m [2m19:45:13[0m   [2mBranch: master @ 9f4f0fb[0m
[2m19:45:13[0m [38;5;33m[1m[portal-service      ][0m [2m19:45:13[0m   [2mBranch: master @ 4049ff4[0m
[2m19:45:13[0m [38;5;33m[1m[tools-service       ][0m [2m19:45:13[0m   [2mTime:   2026-05-21T02:45:13Z[0m
[2m19:45:13[0m [38;5;33m[1m[portal-service      ][0m [2m19:45:13[0m   [2mTime:   2026-05-21T02:45:13Z[0m
[2m19:45:13[0m [38;5;33m[1m[portal-service      ][0m 
[2m19:45:13[0m [38;5;33m[1m[tools-service       ][0m 
[2m19:45:13[0m [38;5;33m[1m[portal-service      ][0m [2m19:45:13[0m [36m[1m▸ Pulling latest changes[0m
[2m19:45:13[0m [38;5;33m[1m[tools-service       ][0m [2m19:45:13[0m [36m[1m▸ Pulling latest changes[0m
[2m19:45:13[0m [38;5;33m[1m[ledger-service      ][0m [2m19:45:13[0m   [2mBranch: master @ 5824fde[0m
[2m19:45:13[0m [38;5;33m[1m[sessions-service    ][0m [2m19:45:13[0m   [2mBranch: master @ cdf98c8[0m
[2m19:45:13[0m [38;5;33m[1m[messages-service    ][0m [2m19:45:13[0m   [2mBranch: master @ f0b3e3d[0m
[2m19:45:13[0m [38;5;33m[1m[dygest-service      ][0m [2m19:45:13[0m   [2mBranch: master @ 06f8acb[0m
[2m19:45:13[0m [38;5;33m[1m[gauge-service       ][0m [2m19:45:13[0m   [2mBranch: master @ 1fa0a44[0m
[2m19:45:13[0m [38;5;33m[1m[clock-crew-service  ][0m [2m19:45:13[0m   [2mBranch: master @ 2996e70[0m
[2m19:45:13[0m [38;5;33m[1m[prism-service       ][0m [2m19:45:13[0m   [2mBranch: master @ 71d5b56[0m
[2m19:45:13[0m [38;5;33m[1m[workspace-service   ][0m [2m19:45:13[0m   [2mBranch: master @ 8b6bb12[0m
[2m19:45:13[0m [38;5;34m[1m[reels-client        ][0m [2m19:45:13[0m   [2mBranch: master @ df068ec[0m
[2m19:45:13[0m [38;5;34m[1m[classic-whitemane-client][0m [2m19:45:13[0m   [2mBranch: master @ 0789060[0m
[2m19:45:13[0m [38;5;34m[1m[lights-client       ][0m [2m19:45:13[0m   [2mBranch: master @ b65b858[0m
[2m19:45:13[0m [38;5;33m[1m[dygest-service      ][0m [2m19:45:13[0m   [2mTime:   2026-05-21T02:45:13Z[0m
[2m19:45:13[0m [38;5;34m[1m[messages-client     ][0m [2m19:45:13[0m   [2mBranch: master @ 3f6480b[0m
[2m19:45:13[0m [38;5;33m[1m[reels-service       ][0m [2m19:45:13[0m   [2mBranch: master @ c86d360[0m
[2m19:45:13[0m [38;5;33m[1m[clankerbox-service  ][0m [2m19:45:13[0m   [2mBranch: master @ 4875aaa[0m
[2m19:45:13[0m [38;5;34m[1m[rod-dev-client      ][0m [2m19:45:13[0m   [2mBranch: master @ ad58b96[0m
[2m19:45:13[0m [38;5;34m[1m[ledger-client       ][0m [2m19:45:13[0m   [2mBranch: master @ cdab4a8[0m
[2m19:45:13[0m [38;5;33m[1m[messages-service    ][0m [2m19:45:13[0m   [2mTime:   2026-05-21T02:45:13Z[0m
[2m19:45:13[0m [38;5;33m[1m[clock-crew-service  ][0m [2m19:45:13[0m   [2mTime:   2026-05-21T02:45:13Z[0m
[2m19:45:13[0m [38;5;34m[1m[classic-whitemane-client][0m [2m19:45:13[0m   [2mTime:   2026-05-21T02:45:13Z[0m
[2m19:45:13[0m [38;5;33m[1m[reels-service       ][0m [2m19:45:13[0m   [2mTime:   2026-05-21T02:45:13Z[0m
[2m19:45:13[0m [38;5;33m[1m[prism-service       ][0m [2m19:45:13[0m   [2mTime:   2026-05-21T02:45:13Z[0m
[2m19:45:13[0m [38;5;33m[1m[sessions-service    ][0m [2m19:45:13[0m   [2mTime:   2026-05-21T02:45:13Z[0m
[2m19:45:13[0m [38;5;34m[1m[clankerbox-client   ][0m [2m19:45:13[0m   [2mBranch: master @ abeb0e8[0m
[2m19:45:13[0m [38;5;33m[1m[clankerbox-service  ][0m [2m19:45:13[0m   [2mTime:   2026-05-21T02:45:13Z[0m
[2m19:45:13[0m [38;5;34m[1m[classic-whitemane-client][0m 
[2m19:45:13[0m [38;5;34m[1m[ledger-client       ][0m [2m19:45:13[0m   [2mTime:   2026-05-21T02:45:13Z[0m
[2m19:45:13[0m [38;5;33m[1m[ledger-service      ][0m [2m19:45:13[0m   [2mTime:   2026-05-21T02:45:13Z[0m
[2m19:45:13[0m [38;5;33m[1m[clock-crew-service  ][0m 
[2m19:45:13[0m [38;5;34m[1m[portal-client       ][0m [2m19:45:13[0m   [2mBranch: master @ 7313bb9[0m
[2m19:45:13[0m [38;5;33m[1m[dygest-service      ][0m 
[2m19:45:13[0m [38;5;33m[1m[lights-service      ][0m [2m19:45:13[0m   [2mBranch: master @ 36d0155[0m
[2m19:45:13[0m [38;5;33m[1m[sessions-service    ][0m 
[2m19:45:13[0m [38;5;33m[1m[ledger-service      ][0m 
[2m19:45:13[0m [38;5;33m[1m[workspace-service   ][0m [2m19:45:13[0m   [2mTime:   2026-05-21T02:45:13Z[0m
[2m19:45:13[0m [38;5;34m[1m[rod-dev-client      ][0m [2m19:45:13[0m   [2mTime:   2026-05-21T02:45:13Z[0m
[2m19:45:13[0m [38;5;34m[1m[clankerbox-client   ][0m [2m19:45:13[0m   [2mTime:   2026-05-21T02:45:13Z[0m
[2m19:45:13[0m [38;5;33m[1m[clankerbox-service  ][0m 
[2m19:45:13[0m [38;5;33m[1m[clock-crew-service  ][0m [2m19:45:13[0m [36m[1m▸ Pulling latest changes[0m
[2m19:45:13[0m [38;5;33m[1m[reels-service       ][0m 
[2m19:45:13[0m [38;5;33m[1m[ledger-service      ][0m [2m19:45:13[0m [36m[1m▸ Pulling latest changes[0m
[2m19:45:13[0m [38;5;33m[1m[gauge-service       ][0m [2m19:45:13[0m   [2mTime:   2026-05-21T02:45:13Z[0m
[2m19:45:13[0m [38;5;33m[1m[iron-service        ][0m [2m19:45:13[0m   [2mBranch: master @ 6a1ff39[0m
[2m19:45:13[0m [38;5;34m[1m[ledger-client       ][0m 
[2m19:45:13[0m [38;5;33m[1m[lights-service      ][0m [2m19:45:13[0m   [2mTime:   2026-05-21T02:45:13Z[0m
[2m19:45:13[0m [38;5;34m[1m[classic-whitemane-client][0m [2m19:45:13[0m [36m[1m▸ Pulling latest changes[0m
[2m19:45:13[0m [38;5;34m[1m[gauge-client        ][0m [2m19:45:13[0m   [2mBranch: master @ e431901[0m
[2m19:45:13[0m [38;5;33m[1m[clankerbox-service  ][0m [2m19:45:13[0m [36m[1m▸ Pulling latest changes[0m
[2m19:45:13[0m [38;5;34m[1m[meepothegeomancer-client][0m [2m19:45:13[0m   [2mBranch: master @ c5a05ea[0m
[2m19:45:13[0m [38;5;33m[1m[sessions-service    ][0m [2m19:45:13[0m [36m[1m▸ Pulling latest changes[0m
[2m19:45:13[0m [38;5;33m[1m[workspace-service   ][0m 
[2m19:45:13[0m [38;5;33m[1m[gauge-service       ][0m 
[2m19:45:13[0m [38;5;34m[1m[ledger-client       ][0m [2m19:45:13[0m [36m[1m▸ Pulling latest changes[0m
[2m19:45:13[0m [38;5;34m[1m[clankerbox-client   ][0m 
[2m19:45:13[0m [38;5;34m[1m[portal-client       ][0m [2m19:45:13[0m   [2mTime:   2026-05-21T02:45:13Z[0m
[2m19:45:13[0m [38;5;33m[1m[prism-service       ][0m 
[2m19:45:13[0m [38;5;34m[1m[clock-crew-client   ][0m [2m19:45:13[0m   [2mBranch: master @ bc9862f[0m
[2m19:45:13[0m [38;5;34m[1m[rod-dev-client      ][0m 
[2m19:45:13[0m [38;5;33m[1m[dygest-service      ][0m [2m19:45:13[0m [36m[1m▸ Pulling latest changes[0m
[2m19:45:13[0m [38;5;34m[1m[gauge-client        ][0m [2m19:45:13[0m   [2mTime:   2026-05-21T02:45:13Z[0m
[2m19:45:13[0m [38;5;34m[1m[clankerbox-client   ][0m [2m19:45:13[0m [36m[1m▸ Pulling latest changes[0m
[2m19:45:13[0m [38;5;34m[1m[dygest-client       ][0m [2m19:45:13[0m   [2mBranch: master @ 030e097[0m
[2m19:45:13[0m [38;5;33m[1m[lights-service      ][0m 
[2m19:45:13[0m [38;5;34m[1m[portal-client       ][0m 
[2m19:45:13[0m [38;5;33m[1m[prism-service       ][0m [2m19:45:13[0m [36m[1m▸ Pulling latest changes[0m
[2m19:45:13[0m [38;5;34m[1m[clock-crew-client   ][0m [2m19:45:13[0m   [2mTime:   2026-05-21T02:45:13Z[0m
[2m19:45:13[0m [38;5;34m[1m[lights-client       ][0m [2m19:45:13[0m   [2mTime:   2026-05-21T02:45:13Z[0m
[2m19:45:13[0m [38;5;34m[1m[gauge-client        ][0m 
[2m19:45:13[0m [38;5;33m[1m[workspace-service   ][0m [2m19:45:13[0m [36m[1m▸ Pulling latest changes[0m
[2m19:45:13[0m [38;5;33m[1m[reels-service       ][0m [2m19:45:13[0m [36m[1m▸ Pulling latest changes[0m
[2m19:45:13[0m [38;5;34m[1m[meepothegeomancer-client][0m [2m19:45:13[0m   [2mTime:   2026-05-21T02:45:13Z[0m
[2m19:45:13[0m [38;5;34m[1m[rod-dev-client      ][0m [2m19:45:13[0m [36m[1m▸ Pulling latest changes[0m
[2m19:45:13[0m [38;5;34m[1m[dygest-client       ][0m [2m19:45:13[0m   [2mTime:   2026-05-21T02:45:13Z[0m
[2m19:45:13[0m [38;5;33m[1m[gauge-service       ][0m [2m19:45:13[0m [36m[1m▸ Pulling latest changes[0m
[2m19:45:13[0m [38;5;34m[1m[gauge-client        ][0m [2m19:45:13[0m [36m[1m▸ Pulling latest changes[0m
[2m19:45:13[0m [38;5;33m[1m[messages-service    ][0m 
[2m19:45:13[0m [38;5;33m[1m[iron-service        ][0m [2m19:45:13[0m   [2mTime:   2026-05-21T02:45:13Z[0m
[2m19:45:13[0m [38;5;34m[1m[messages-client     ][0m [2m19:45:13[0m   [2mTime:   2026-05-21T02:45:13Z[0m
[2m19:45:13[0m [38;5;33m[1m[messages-service    ][0m [2m19:45:13[0m [36m[1m▸ Pulling latest changes[0m
[2m19:45:13[0m [38;5;34m[1m[reels-client        ][0m [2m19:45:13[0m   [2mTime:   2026-05-21T02:45:13Z[0m
[2m19:45:13[0m [38;5;34m[1m[prism-client        ][0m [2m19:45:13[0m   [2mBranch: master @ f8a93d3[0m
[2m19:45:13[0m [38;5;34m[1m[iron-client         ][0m [2m19:45:13[0m   [2mBranch: master @ 007b879[0m
[2m19:45:13[0m [38;5;34m[1m[clock-crew-client   ][0m 
[2m19:45:13[0m [38;5;34m[1m[lights-client       ][0m 
[2m19:45:13[0m [38;5;33m[1m[lights-service      ][0m [2m19:45:13[0m [36m[1m▸ Pulling latest changes[0m
[2m19:45:13[0m [38;5;34m[1m[messages-client     ][0m 
[2m19:45:13[0m [38;5;34m[1m[reels-client        ][0m 
[2m19:45:13[0m [38;5;34m[1m[portal-client       ][0m [2m19:45:13[0m [36m[1m▸ Pulling latest changes[0m
[2m19:45:13[0m [38;5;34m[1m[meepothegeomancer-client][0m 
[2m19:45:13[0m [38;5;34m[1m[dygest-client       ][0m 
[2m19:45:13[0m [38;5;34m[1m[prism-client        ][0m [2m19:45:13[0m   [2mTime:   2026-05-21T02:45:13Z[0m
[2m19:45:13[0m [38;5;34m[1m[iron-client         ][0m [2m19:45:13[0m   [2mTime:   2026-05-21T02:45:13Z[0m
[2m19:45:13[0m [38;5;34m[1m[reels-client        ][0m [2m19:45:13[0m [36m[1m▸ Pulling latest changes[0m
[2m19:45:13[0m [38;5;34m[1m[clock-crew-client   ][0m [2m19:45:13[0m [36m[1m▸ Pulling latest changes[0m
[2m19:45:13[0m [38;5;34m[1m[lights-client       ][0m [2m19:45:13[0m [36m[1m▸ Pulling latest changes[0m
[2m19:45:13[0m [38;5;34m[1m[messages-client     ][0m [2m19:45:13[0m [36m[1m▸ Pulling latest changes[0m
[2m19:45:13[0m [38;5;34m[1m[meepothegeomancer-client][0m [2m19:45:13[0m [36m[1m▸ Pulling latest changes[0m
[2m19:45:13[0m [38;5;33m[1m[iron-service        ][0m 
[2m19:45:13[0m [38;5;34m[1m[dygest-client       ][0m [2m19:45:13[0m [36m[1m▸ Pulling latest changes[0m
[2m19:45:13[0m [38;5;34m[1m[prism-client        ][0m 
[2m19:45:13[0m [38;5;34m[1m[games-client        ][0m [2m19:45:13[0m   [2mBranch: master @ 8d9d6e7[0m
[2m19:45:13[0m [38;5;33m[1m[games-service       ][0m [2m19:45:13[0m   [2mBranch: master @ 4a5d122[0m
[2m19:45:13[0m [38;5;34m[1m[iron-client         ][0m 
[2m19:45:13[0m [38;5;33m[1m[iron-service        ][0m [2m19:45:13[0m [36m[1m▸ Pulling latest changes[0m
[2m19:45:13[0m [38;5;34m[1m[prism-client        ][0m [2m19:45:13[0m [36m[1m▸ Pulling latest changes[0m
[2m19:45:13[0m [38;5;33m[1m[games-service       ][0m [2m19:45:13[0m   [2mTime:   2026-05-21T02:45:13Z[0m
[2m19:45:13[0m [38;5;34m[1m[games-client        ][0m [2m19:45:13[0m   [2mTime:   2026-05-21T02:45:13Z[0m
[2m19:45:13[0m [38;5;34m[1m[iron-client         ][0m [2m19:45:13[0m [36m[1m▸ Pulling latest changes[0m
[2m19:45:13[0m [38;5;34m[1m[games-client        ][0m 
[2m19:45:13[0m [38;5;33m[1m[games-service       ][0m 
[2m19:45:13[0m [38;5;34m[1m[games-client        ][0m [2m19:45:13[0m [36m[1m▸ Pulling latest changes[0m
[2m19:45:13[0m [38;5;33m[1m[games-service       ][0m [2m19:45:13[0m [36m[1m▸ Pulling latest changes[0m
[2m19:45:14[0m [38;5;33m[1m[qbittorrent-service ][0m latest: Pulling from linuxserver/qbittorrent
[2m19:45:14[0m [38;5;33m[1m[vault-service       ][0m   Already up to date.
[2m19:45:14[0m [38;5;33m[1m[vault-service       ][0m [2m19:45:14[0m   [32m✔ Now at a04e6d8[0m
[2m19:45:14[0m [38;5;33m[1m[vault-service       ][0m 
[2m19:45:14[0m [38;5;33m[1m[vault-service       ][0m [2m19:45:14[0m [36m[1m▸ Syncing dependencies[0m
[2m19:45:14[0m [38;5;33m[1m[qbittorrent-service ][0m Digest: sha256:eeea9f8a8cdde23555186843d26e8ded1222421f31f98a5cc1b50c2882ebcf4e
[2m19:45:14[0m [38;5;33m[1m[qbittorrent-service ][0m Status: Image is up to date for lscr.io/linuxserver/qbittorrent:latest
[2m19:45:14[0m [38;5;33m[1m[vault-service       ][0m [2m19:45:14[0m   [2mUpdating git deps: @rodrigo-barraza/utilities-library[0m
[2m19:45:14[0m [38;5;33m[1m[qbittorrent-service ][0m lscr.io/linuxserver/qbittorrent:latest
[2m19:45:14[0m [38;5;33m[1m[qbittorrent-service ][0m    ✅ Image pulled
[2m19:45:14[0m [38;5;33m[1m[qbittorrent-service ][0m    ✅ Build phase complete (image pulled)
[2m19:45:14[0m [38;5;34m[1m[lupos-client        ][0m 
[2m19:45:14[0m [38;5;34m[1m[lupos-client        ][0m [36m[1m══════════════════════════════════════════════════════[0m
[2m19:45:14[0m [38;5;34m[1m[lupos-client        ][0m [36m[1m  🐺 Lupos Client — Build[0m
[2m19:45:14[0m [38;5;34m[1m[lupos-client        ][0m [36m[1m══════════════════════════════════════════════════════[0m
[2m19:45:14[0m [38;5;34m[1m[lupos-client        ][0m 
[2m19:45:14[0m [38;5;34m[1m[lupos-client        ][0m [2m19:45:14[0m [36m[1m▸ Validating deployment files[0m
[2m19:45:14[0m [38;5;34m[1m[lupos-client        ][0m [2m19:45:14[0m   [32m✔ .env.deploy found (17 lines)[0m
[2m19:45:14[0m [38;5;33m[1m[qbittorrent-service ][0m 🧲 qBittorrent — Deploying to nas
[2m19:45:14[0m [38;5;33m[1m[qbittorrent-service ][0m    Compose dir: /volume1/docker/qbittorrent-service
[2m19:45:14[0m [38;5;33m[1m[qbittorrent-service ][0m    Image: lscr.io/linuxserver/qbittorrent:latest
[2m19:45:14[0m [38;5;33m[1m[qbittorrent-service ][0m    ⬇️  Pulling lscr.io/linuxserver/qbittorrent:latest on NAS...
[2m19:45:14[0m [38;5;34m[1m[lupos-client        ][0m [2m19:45:14[0m   [2mBranch: master @ 087c9b8[0m
[2m19:45:14[0m [38;5;34m[1m[lupos-client        ][0m [2m19:45:14[0m   [2mTime:   2026-05-21T02:45:14Z[0m
[2m19:45:14[0m [38;5;34m[1m[lupos-client        ][0m 
[2m19:45:14[0m [38;5;34m[1m[lupos-client        ][0m [2m19:45:14[0m [36m[1m▸ Pulling latest changes[0m
[2m19:45:14[0m [38;5;33m[1m[portal-service      ][0m   Already up to date.
[2m19:45:14[0m [38;5;33m[1m[portal-service      ][0m [2m19:45:14[0m   [32m✔ Now at 4049ff4[0m
[2m19:45:14[0m [38;5;33m[1m[portal-service      ][0m 
[2m19:45:14[0m [38;5;33m[1m[portal-service      ][0m [2m19:45:14[0m [36m[1m▸ Syncing dependencies[0m
[2m19:45:14[0m [38;5;33m[1m[portal-service      ][0m [2m19:45:14[0m   [2mUpdating git deps: @rodrigo-barraza/utilities-library[0m
[2m19:45:14[0m [38;5;33m[1m[tools-service       ][0m   Already up to date.
[2m19:45:14[0m [38;5;33m[1m[tools-service       ][0m [2m19:45:14[0m   [32m✔ Now at 9f4f0fb[0m
[2m19:45:14[0m [38;5;33m[1m[workspace-service   ][0m   Already up to date.
[2m19:45:14[0m [38;5;34m[1m[rod-dev-client      ][0m   Already up to date.
[2m19:45:14[0m [38;5;33m[1m[tools-service       ][0m 
[2m19:45:14[0m [38;5;33m[1m[tools-service       ][0m [2m19:45:14[0m [36m[1m▸ Syncing dependencies[0m
[2m19:45:14[0m [38;5;33m[1m[workspace-service   ][0m [2m19:45:14[0m   [32m✔ Now at 8b6bb12[0m
[2m19:45:14[0m [38;5;34m[1m[rod-dev-client      ][0m [2m19:45:14[0m   [32m✔ Now at ad58b96[0m
[2m19:45:14[0m [38;5;33m[1m[workspace-service   ][0m 
[2m19:45:14[0m [38;5;34m[1m[rod-dev-client      ][0m 
[2m19:45:14[0m [38;5;33m[1m[workspace-service   ][0m [2m19:45:14[0m [36m[1m▸ Syncing dependencies[0m
[2m19:45:14[0m [38;5;34m[1m[rod-dev-client      ][0m [2m19:45:14[0m [36m[1m▸ Syncing dependencies[0m
[2m19:45:14[0m [38;5;33m[1m[clankerbox-service  ][0m   Already up to date.
[2m19:45:14[0m [38;5;33m[1m[gauge-service       ][0m   Already up to date.
[2m19:45:14[0m [38;5;34m[1m[clankerbox-client   ][0m   Already up to date.
[2m19:45:14[0m [38;5;33m[1m[gauge-service       ][0m [2m19:45:14[0m   [32m✔ Now at 1fa0a44[0m
[2m19:45:14[0m [38;5;34m[1m[classic-whitemane-client][0m   Already up to date.
[2m19:45:14[0m [38;5;33m[1m[clankerbox-service  ][0m [2m19:45:14[0m   [32m✔ Now at 4875aaa[0m
[2m19:45:14[0m [38;5;34m[1m[lights-client       ][0m   Already up to date.
[2m19:45:14[0m [38;5;34m[1m[portal-client       ][0m   Already up to date.
[2m19:45:14[0m [38;5;33m[1m[tools-service       ][0m [2m19:45:14[0m   [2mUpdating git deps: @rodrigo-barraza/utilities-library[0m
[2m19:45:14[0m [38;5;34m[1m[lights-client       ][0m [2m19:45:14[0m   [32m✔ Now at b65b858[0m
[2m19:45:14[0m [38;5;33m[1m[lights-service      ][0m   Already up to date.
[2m19:45:14[0m [38;5;33m[1m[clankerbox-service  ][0m 
[2m19:45:14[0m [38;5;33m[1m[sessions-service    ][0m   Already up to date.
[2m19:45:14[0m [38;5;33m[1m[clankerbox-service  ][0m [2m19:45:14[0m [36m[1m▸ Syncing dependencies[0m
[2m19:45:14[0m [38;5;34m[1m[classic-whitemane-client][0m [2m19:45:14[0m   [32m✔ Now at 0789060[0m
[2m19:45:14[0m [38;5;34m[1m[clock-crew-client   ][0m   Already up to date.
[2m19:45:14[0m [38;5;34m[1m[clock-crew-client   ][0m [2m19:45:14[0m   [32m✔ Now at bc9862f[0m
[2m19:45:14[0m [38;5;34m[1m[games-client        ][0m   Already up to date.
[2m19:45:14[0m [38;5;34m[1m[clock-crew-client   ][0m 
[2m19:45:14[0m [38;5;34m[1m[lights-client       ][0m 
[2m19:45:14[0m [38;5;33m[1m[sessions-service    ][0m [2m19:45:14[0m   [32m✔ Now at cdf98c8[0m
[2m19:45:14[0m [38;5;33m[1m[lights-service      ][0m [2m19:45:14[0m   [32m✔ Now at 36d0155[0m
[2m19:45:14[0m [38;5;34m[1m[clock-crew-client   ][0m [2m19:45:14[0m [36m[1m▸ Syncing dependencies[0m
[2m19:45:14[0m [38;5;34m[1m[lights-client       ][0m [2m19:45:14[0m [36m[1m▸ Syncing dependencies[0m
[2m19:45:14[0m [38;5;33m[1m[workspace-service   ][0m [2m19:45:14[0m   [2mUpdating git deps: @rodrigo-barraza/utilities-library[0m
[2m19:45:14[0m [38;5;33m[1m[sessions-service    ][0m 
[2m19:45:14[0m [38;5;33m[1m[gauge-service       ][0m 
[2m19:45:14[0m [38;5;33m[1m[sessions-service    ][0m [2m19:45:14[0m [36m[1m▸ Syncing dependencies[0m
[2m19:45:14[0m [38;5;33m[1m[gauge-service       ][0m [2m19:45:14[0m [36m[1m▸ Syncing dependencies[0m
[2m19:45:14[0m [38;5;34m[1m[portal-client       ][0m [2m19:45:14[0m   [32m✔ Now at 7313bb9[0m
[2m19:45:14[0m [38;5;33m[1m[prism-service       ][0m   Already up to date.
[2m19:45:14[0m [38;5;34m[1m[dygest-client       ][0m   Already up to date.
[2m19:45:14[0m [38;5;34m[1m[portal-client       ][0m 
[2m19:45:14[0m [38;5;34m[1m[prism-client        ][0m   Already up to date.
[2m19:45:14[0m [38;5;33m[1m[lights-service      ][0m 
[2m19:45:14[0m [38;5;33m[1m[lights-service      ][0m [2m19:45:14[0m [36m[1m▸ Syncing dependencies[0m
[2m19:45:14[0m [38;5;34m[1m[clankerbox-client   ][0m [2m19:45:14[0m   [32m✔ Now at abeb0e8[0m
[2m19:45:14[0m [38;5;34m[1m[rod-dev-client      ][0m [2m19:45:14[0m   [2mUpdating git deps: @rodrigo-barraza/components-library @rodrigo-barraza/utilities-library[0m
[2m19:45:14[0m [38;5;34m[1m[clankerbox-client   ][0m 
[2m19:45:14[0m [38;5;34m[1m[portal-client       ][0m [2m19:45:14[0m [36m[1m▸ Syncing dependencies[0m
[2m19:45:14[0m [38;5;34m[1m[prism-client        ][0m [2m19:45:14[0m   [32m✔ Now at f8a93d3[0m
[2m19:45:14[0m [38;5;34m[1m[classic-whitemane-client][0m 
[2m19:45:14[0m [38;5;33m[1m[iron-service        ][0m   Already up to date.
[2m19:45:14[0m [38;5;34m[1m[classic-whitemane-client][0m [2m19:45:14[0m [36m[1m▸ Syncing dependencies[0m
[2m19:45:14[0m [38;5;34m[1m[clankerbox-client   ][0m [2m19:45:14[0m [36m[1m▸ Syncing dependencies[0m
[2m19:45:14[0m [38;5;34m[1m[reels-client        ][0m   Already up to date.
[2m19:45:14[0m [38;5;33m[1m[reels-service       ][0m   Already up to date.
[2m19:45:14[0m [38;5;33m[1m[prism-service       ][0m [2m19:45:14[0m   [32m✔ Now at 71d5b56[0m
[2m19:45:14[0m [38;5;33m[1m[dygest-service      ][0m   Already up to date.
[2m19:45:14[0m [38;5;33m[1m[iron-service        ][0m [2m19:45:14[0m   [32m✔ Now at 6a1ff39[0m
[2m19:45:14[0m [38;5;34m[1m[prism-client        ][0m 
[2m19:45:14[0m [38;5;33m[1m[prism-service       ][0m 
[2m19:45:14[0m [38;5;34m[1m[gauge-client        ][0m   Already up to date.
[2m19:45:14[0m [38;5;34m[1m[meepothegeomancer-client][0m   Already up to date.
[2m19:45:14[0m [38;5;34m[1m[prism-client        ][0m [2m19:45:14[0m [36m[1m▸ Syncing dependencies[0m
[2m19:45:14[0m [38;5;33m[1m[prism-service       ][0m [2m19:45:14[0m [36m[1m▸ Syncing dependencies[0m
[2m19:45:14[0m [38;5;34m[1m[dygest-client       ][0m [2m19:45:14[0m   [32m✔ Now at 030e097[0m
[2m19:45:14[0m [38;5;34m[1m[ledger-client       ][0m   Already up to date.
[2m19:45:14[0m [38;5;34m[1m[dygest-client       ][0m 
[2m19:45:14[0m [38;5;33m[1m[iron-service        ][0m 
[2m19:45:14[0m [38;5;34m[1m[dygest-client       ][0m [2m19:45:14[0m [36m[1m▸ Syncing dependencies[0m
[2m19:45:14[0m [38;5;33m[1m[iron-service        ][0m [2m19:45:14[0m [36m[1m▸ Syncing dependencies[0m
[2m19:45:14[0m [38;5;34m[1m[clock-crew-client   ][0m [2m19:45:14[0m   [2mUpdating git deps: @rodrigo-barraza/components-library @rodrigo-barraza/utilities-library[0m
[2m19:45:14[0m [38;5;34m[1m[ledger-client       ][0m [2m19:45:14[0m   [32m✔ Now at cdab4a8[0m
[2m19:45:14[0m [38;5;34m[1m[meepothegeomancer-client][0m [2m19:45:14[0m   [32m✔ Now at c5a05ea[0m
[2m19:45:14[0m [38;5;33m[1m[reels-service       ][0m [2m19:45:14[0m   [32m✔ Now at c86d360[0m
[2m19:45:14[0m [38;5;34m[1m[meepothegeomancer-client][0m 
[2m19:45:14[0m [38;5;33m[1m[reels-service       ][0m 
[2m19:45:14[0m [38;5;34m[1m[meepothegeomancer-client][0m [2m19:45:14[0m [36m[1m▸ Syncing dependencies[0m
[2m19:45:14[0m [38;5;34m[1m[games-client        ][0m [2m19:45:14[0m   [32m✔ Now at 8d9d6e7[0m
[2m19:45:14[0m [38;5;33m[1m[reels-service       ][0m [2m19:45:14[0m [36m[1m▸ Syncing dependencies[0m
[2m19:45:14[0m [38;5;33m[1m[clock-crew-service  ][0m   Already up to date.
[2m19:45:14[0m [38;5;34m[1m[ledger-client       ][0m 
[2m19:45:14[0m [38;5;34m[1m[games-client        ][0m 
[2m19:45:14[0m [38;5;33m[1m[messages-service    ][0m   Already up to date.
[2m19:45:14[0m [38;5;34m[1m[iron-client         ][0m   Already up to date.
[2m19:45:14[0m [38;5;34m[1m[ledger-client       ][0m [2m19:45:14[0m [36m[1m▸ Syncing dependencies[0m
[2m19:45:14[0m [38;5;34m[1m[games-client        ][0m [2m19:45:14[0m [36m[1m▸ Syncing dependencies[0m
[2m19:45:14[0m [38;5;34m[1m[lights-client       ][0m [2m19:45:14[0m   [2mUpdating git deps: @rodrigo-barraza/components-library @rodrigo-barraza/utilities-library[0m
[2m19:45:14[0m [38;5;34m[1m[classic-whitemane-client][0m [2m19:45:14[0m   [2mUpdating git deps: @rodrigo-barraza/components-library @rodrigo-barraza/utilities-library[0m
[2m19:45:14[0m [38;5;33m[1m[gauge-service       ][0m [2m19:45:14[0m   [2mUpdating git deps: @rodrigo-barraza/service-library @rodrigo-barraza/utilities-library[0m
[2m19:45:14[0m [38;5;34m[1m[gauge-client        ][0m [2m19:45:14[0m   [32m✔ Now at e431901[0m
[2m19:45:14[0m [38;5;34m[1m[iron-client         ][0m [2m19:45:14[0m   [32m✔ Now at 007b879[0m
[2m19:45:14[0m [38;5;33m[1m[clankerbox-service  ][0m [2m19:45:14[0m   [2mUpdating git deps: @rodrigo-barraza/service-library @rodrigo-barraza/utilities-library[0m
[2m19:45:14[0m [38;5;33m[1m[dygest-service      ][0m [2m19:45:14[0m   [32m✔ Now at 06f8acb[0m
[2m19:45:14[0m [38;5;34m[1m[iron-client         ][0m 
[2m19:45:15[0m [38;5;34m[1m[gauge-client        ][0m 
[2m19:45:15[0m [38;5;34m[1m[messages-client     ][0m   Already up to date.
[2m19:45:14[0m [38;5;33m[1m[games-service       ][0m   Already up to date.
[2m19:45:15[0m [38;5;33m[1m[messages-service    ][0m [2m19:45:15[0m   [32m✔ Now at f0b3e3d[0m
[2m19:45:15[0m [38;5;34m[1m[reels-client        ][0m [2m19:45:14[0m   [32m✔ Now at df068ec[0m
[2m19:45:15[0m [38;5;33m[1m[dygest-service      ][0m 
[2m19:45:15[0m [38;5;34m[1m[clankerbox-client   ][0m [2m19:45:15[0m   [2mUpdating git deps: @rodrigo-barraza/components-library @rodrigo-barraza/utilities-library[0m
[2m19:45:15[0m [38;5;34m[1m[gauge-client        ][0m [2m19:45:14[0m [36m[1m▸ Syncing dependencies[0m
[2m19:45:15[0m [38;5;33m[1m[messages-service    ][0m 
[2m19:45:15[0m [38;5;34m[1m[iron-client         ][0m [2m19:45:14[0m [36m[1m▸ Syncing dependencies[0m
[2m19:45:15[0m [38;5;34m[1m[dygest-client       ][0m [2m19:45:15[0m   [2mUpdating git deps: @rodrigo-barraza/components-library @rodrigo-barraza/utilities-library[0m
[2m19:45:15[0m [38;5;33m[1m[dygest-service      ][0m [2m19:45:14[0m [36m[1m▸ Syncing dependencies[0m
[2m19:45:15[0m [38;5;33m[1m[clock-crew-service  ][0m [2m19:45:14[0m   [32m✔ Now at 2996e70[0m
[2m19:45:15[0m [38;5;33m[1m[games-service       ][0m [2m19:45:14[0m   [32m✔ Now at 4a5d122[0m
[2m19:45:15[0m [38;5;33m[1m[reels-service       ][0m [2m19:45:15[0m   [2mUpdating git deps: @rodrigo-barraza/service-library @rodrigo-barraza/utilities-library[0m
[2m19:45:15[0m [38;5;33m[1m[games-service       ][0m 
[2m19:45:15[0m [38;5;33m[1m[lights-service      ][0m [2m19:45:14[0m   [2mUpdating git deps: @rodrigo-barraza/utilities-library[0m
[2m19:45:15[0m [38;5;33m[1m[games-service       ][0m [2m19:45:15[0m [36m[1m▸ Syncing dependencies[0m
[2m19:45:15[0m [38;5;34m[1m[reels-client        ][0m 
[2m19:45:15[0m [38;5;34m[1m[portal-client       ][0m [2m19:45:15[0m   [2mUpdating git deps: @rodrigo-barraza/components-library @rodrigo-barraza/utilities-library[0m
[2m19:45:15[0m [38;5;33m[1m[iron-service        ][0m [2m19:45:15[0m   [2mUpdating git deps: @rodrigo-barraza/service-library @rodrigo-barraza/utilities-library[0m
[2m19:45:15[0m [38;5;34m[1m[gauge-client        ][0m [2m19:45:15[0m   [2mUpdating git deps: @rodrigo-barraza/components-library @rodrigo-barraza/utilities-library[0m
[2m19:45:15[0m [38;5;33m[1m[clock-crew-service  ][0m 
[2m19:45:15[0m [38;5;34m[1m[reels-client        ][0m [2m19:45:15[0m [36m[1m▸ Syncing dependencies[0m
[2m19:45:15[0m [38;5;34m[1m[ledger-client       ][0m [2m19:45:15[0m   [2mUpdating git deps: @rodrigo-barraza/components-library @rodrigo-barraza/utilities-library[0m
[2m19:45:15[0m [38;5;33m[1m[messages-service    ][0m [2m19:45:15[0m [36m[1m▸ Syncing dependencies[0m
[2m19:45:15[0m [38;5;33m[1m[clock-crew-service  ][0m [2m19:45:15[0m [36m[1m▸ Syncing dependencies[0m
[2m19:45:15[0m [38;5;34m[1m[messages-client     ][0m [2m19:45:15[0m   [32m✔ Now at 3f6480b[0m
[2m19:45:15[0m [38;5;33m[1m[dygest-service      ][0m [2m19:45:15[0m   [2mUpdating git deps: @rodrigo-barraza/service-library @rodrigo-barraza/utilities-library[0m
[2m19:45:15[0m [38;5;34m[1m[prism-client        ][0m [2m19:45:15[0m   [2mUpdating git deps: @rodrigo-barraza/components-library @rodrigo-barraza/utilities-library[0m
[2m19:45:15[0m [38;5;34m[1m[games-client        ][0m [2m19:45:15[0m   [2mUpdating git deps: @rodrigo-barraza/components-library @rodrigo-barraza/utilities-library[0m
[2m19:45:15[0m [38;5;33m[1m[prism-service       ][0m [2m19:45:15[0m   [2mUpdating git deps: @rodrigo-barraza/service-library @rodrigo-barraza/utilities-library[0m
[2m19:45:15[0m [38;5;33m[1m[sessions-service    ][0m [2m19:45:15[0m   [2mUpdating git deps: @rodrigo-barraza/service-library @rodrigo-barraza/utilities-library[0m
[2m19:45:15[0m [38;5;34m[1m[meepothegeomancer-client][0m [2m19:45:15[0m   [2mUpdating git deps: @rodrigo-barraza/components-library @rodrigo-barraza/utilities-library[0m
[2m19:45:15[0m [38;5;33m[1m[ledger-service      ][0m   Already up to date.
[2m19:45:15[0m [38;5;33m[1m[ledger-service      ][0m [2m19:45:15[0m   [32m✔ Now at 5824fde[0m
[2m19:45:15[0m [38;5;33m[1m[ledger-service      ][0m 
[2m19:45:15[0m [38;5;34m[1m[messages-client     ][0m 
[2m19:45:15[0m [38;5;33m[1m[ledger-service      ][0m [2m19:45:15[0m [36m[1m▸ Syncing dependencies[0m
[2m19:45:15[0m [38;5;34m[1m[messages-client     ][0m [2m19:45:15[0m [36m[1m▸ Syncing dependencies[0m
[2m19:45:15[0m [38;5;34m[1m[reels-client        ][0m [2m19:45:15[0m   [2mUpdating git deps: @rodrigo-barraza/components-library @rodrigo-barraza/utilities-library[0m
[2m19:45:15[0m [38;5;33m[1m[games-service       ][0m [2m19:45:15[0m   [2mUpdating git deps: @rodrigo-barraza/service-library @rodrigo-barraza/utilities-library[0m
[2m19:45:15[0m [38;5;33m[1m[messages-service    ][0m [2m19:45:15[0m   [2mUpdating git deps: @rodrigo-barraza/service-library @rodrigo-barraza/utilities-library[0m
[2m19:45:15[0m [38;5;33m[1m[clock-crew-service  ][0m [2m19:45:15[0m   [2mUpdating git deps: @rodrigo-barraza/utilities-library[0m
[2m19:45:15[0m [38;5;34m[1m[messages-client     ][0m [2m19:45:15[0m   [2mUpdating git deps: @rodrigo-barraza/components-library @rodrigo-barraza/utilities-library[0m
[2m19:45:15[0m [38;5;34m[1m[iron-client         ][0m [2m19:45:15[0m   [2mUpdating git deps: @rodrigo-barraza/components-library @rodrigo-barraza/utilities-library[0m
[2m19:45:15[0m [38;5;33m[1m[ledger-service      ][0m [2m19:45:15[0m   [2mUpdating git deps: @rodrigo-barraza/service-library @rodrigo-barraza/utilities-library[0m
[2m19:45:15[0m [38;5;33m[1m[qbittorrent-service ][0m latest: Pulling from linuxserver/qbittorrent
[2m19:45:15[0m [38;5;33m[1m[qbittorrent-service ][0m Digest: sha256:eeea9f8a8cdde23555186843d26e8ded1222421f31f98a5cc1b50c2882ebcf4e
[2m19:45:15[0m [38;5;33m[1m[qbittorrent-service ][0m Status: Image is up to date for lscr.io/linuxserver/qbittorrent:latest
[2m19:45:15[0m [38;5;33m[1m[qbittorrent-service ][0m lscr.io/linuxserver/qbittorrent:latest
[2m19:45:15[0m [38;5;33m[1m[qbittorrent-service ][0m    ✅ Image pulled
[2m19:45:15[0m [38;5;33m[1m[qbittorrent-service ][0m    📁 Ensuring remote directory...
[2m19:45:15[0m [38;5;33m[1m[qbittorrent-service ][0m    📦 Syncing docker-compose.yml...
[2m19:45:15[0m [38;5;33m[1m[qbittorrent-service ][0m    🔌 Syncing custom-cont-init.d/...
[2m19:45:15[0m [38;5;33m[1m[qbittorrent-service ][0m       → configure-webui-auth.sh
[2m19:45:15[0m [38;5;33m[1m[qbittorrent-service ][0m       → install-search-plugins.sh
[2m19:45:15[0m [38;5;33m[1m[qbittorrent-service ][0m    📁 Ensuring /volume1/downloads...
[2m19:45:15[0m [38;5;33m[1m[qbittorrent-service ][0m    🔄 Restarting container...
[2m19:45:15[0m [38;5;34m[1m[lupos-client        ][0m   Already up to date.
[2m19:45:15[0m [38;5;34m[1m[lupos-client        ][0m [2m19:45:15[0m   [32m✔ Now at 087c9b8[0m
[2m19:45:15[0m [38;5;34m[1m[lupos-client        ][0m 
[2m19:45:15[0m [38;5;34m[1m[lupos-client        ][0m [2m19:45:15[0m [36m[1m▸ Syncing dependencies[0m
[2m19:45:16[0m [38;5;34m[1m[lupos-client        ][0m [2m19:45:16[0m   [2mUpdating git deps: @rodrigo-barraza/components-library @rodrigo-barraza/utilities-library[0m
[2m19:45:16[0m [38;5;33m[1m[vault-service       ][0m     run `npm fund` for details
[2m19:45:16[0m [38;5;33m[1m[vault-service       ][0m   
[2m19:45:16[0m [38;5;33m[1m[vault-service       ][0m   found 0 vulnerabilities
[2m19:45:16[0m [38;5;33m[1m[workspace-service   ][0m     npm audit fix
[2m19:45:16[0m [38;5;33m[1m[workspace-service   ][0m   
[2m19:45:16[0m [38;5;33m[1m[workspace-service   ][0m   Run `npm audit` for details.
[2m19:45:17[0m [38;5;33m[1m[portal-service      ][0m     npm audit fix
[2m19:45:17[0m [38;5;33m[1m[portal-service      ][0m   
[2m19:45:17[0m [38;5;33m[1m[portal-service      ][0m   Run `npm audit` for details.
[2m19:45:17[0m [38;5;33m[1m[clock-crew-service  ][0m     npm audit fix
[2m19:45:17[0m [38;5;33m[1m[clock-crew-service  ][0m   
[2m19:45:17[0m [38;5;33m[1m[clock-crew-service  ][0m   Run `npm audit` for details.
[2m19:45:17[0m [38;5;33m[1m[vault-service       ][0m     run `npm fund` for details
[2m19:45:17[0m [38;5;33m[1m[vault-service       ][0m   
[2m19:45:17[0m [38;5;33m[1m[vault-service       ][0m   found 0 vulnerabilities
[2m19:45:17[0m [38;5;33m[1m[vault-service       ][0m [2m19:45:17[0m   [32m✔ Dependencies up to date[0m
[2m19:45:17[0m [38;5;33m[1m[vault-service       ][0m 
[2m19:45:17[0m [38;5;33m[1m[vault-service       ][0m [2m19:45:17[0m [36m[1m▸ Running Tests[0m
[2m19:45:17[0m [38;5;33m[1m[lights-service      ][0m     npm audit fix
[2m19:45:17[0m [38;5;33m[1m[lights-service      ][0m   
[2m19:45:17[0m [38;5;33m[1m[lights-service      ][0m   Run `npm audit` for details.
[2m19:45:17[0m [38;5;33m[1m[workspace-service   ][0m     npm audit fix
[2m19:45:17[0m [38;5;33m[1m[workspace-service   ][0m   
[2m19:45:17[0m [38;5;33m[1m[workspace-service   ][0m   Run `npm audit` for details.
[2m19:45:17[0m [38;5;33m[1m[workspace-service   ][0m [2m19:45:17[0m   [32m✔ Dependencies up to date[0m
[2m19:45:17[0m [38;5;33m[1m[workspace-service   ][0m 
[2m19:45:17[0m [38;5;33m[1m[workspace-service   ][0m [2m19:45:17[0m [36m[1m▸ Running Tests[0m
[2m19:45:17[0m [38;5;33m[1m[clock-crew-service  ][0m     npm audit fix
[2m19:45:17[0m [38;5;33m[1m[clock-crew-service  ][0m   
[2m19:45:17[0m [38;5;33m[1m[clock-crew-service  ][0m   Run `npm audit` for details.
[2m19:45:17[0m [38;5;33m[1m[clock-crew-service  ][0m [2m19:45:17[0m   [32m✔ Dependencies up to date[0m
[2m19:45:17[0m [38;5;33m[1m[clock-crew-service  ][0m 
[2m19:45:17[0m [38;5;33m[1m[clock-crew-service  ][0m [2m19:45:17[0m [36m[1m▸ Running Tests[0m
[2m19:45:17[0m [38;5;33m[1m[portal-service      ][0m     npm audit fix
[2m19:45:17[0m [38;5;33m[1m[portal-service      ][0m   
[2m19:45:17[0m [38;5;33m[1m[portal-service      ][0m   Run `npm audit` for details.
[2m19:45:17[0m [38;5;33m[1m[portal-service      ][0m [2m19:45:17[0m   [32m✔ Dependencies up to date[0m
[2m19:45:17[0m [38;5;33m[1m[portal-service      ][0m 
[2m19:45:17[0m [38;5;33m[1m[portal-service      ][0m [2m19:45:17[0m [36m[1m▸ Running Tests[0m
[2m19:45:17[0m [38;5;33m[1m[lights-service      ][0m     npm audit fix
[2m19:45:17[0m [38;5;33m[1m[lights-service      ][0m   
[2m19:45:18[0m [38;5;33m[1m[lights-service      ][0m   Run `npm audit` for details.
[2m19:45:18[0m [38;5;33m[1m[lights-service      ][0m [2m19:45:17[0m   [32m✔ Dependencies up to date[0m
[2m19:45:18[0m [38;5;33m[1m[lights-service      ][0m 
[2m19:45:18[0m [38;5;33m[1m[lights-service      ][0m [2m19:45:18[0m [36m[1m▸ Running Tests[0m
[2m19:45:18[0m [38;5;33m[1m[vault-service       ][0m   
[2m19:45:18[0m [38;5;33m[1m[vault-service       ][0m   > vault-service@1.1.0 test
[2m19:45:18[0m [38;5;33m[1m[vault-service       ][0m   > vitest run --passWithNoTests
[2m19:45:18[0m [38;5;33m[1m[vault-service       ][0m   
[2m19:45:18[0m [38;5;33m[1m[vault-service       ][0m   
[2m19:45:18[0m [38;5;33m[1m[vault-service       ][0m   [1m[30m[46m RUN [49m[39m[22m [36mv4.1.5 [39m[90m/home/rodrigo/development/vault-service[39m
[2m19:45:18[0m [38;5;33m[1m[vault-service       ][0m   
[2m19:45:18[0m [38;5;33m[1m[vault-service       ][0m    [32m✓[39m tests/smoke.test.ts [2m([22m[2m2 tests[22m[2m)[22m[32m 3[2mms[22m[39m
[2m19:45:18[0m [38;5;33m[1m[vault-service       ][0m   
[2m19:45:18[0m [38;5;33m[1m[vault-service       ][0m   [2m Test Files [22m [1m[32m1 passed[39m[22m[90m (1)[39m
[2m19:45:18[0m [38;5;33m[1m[vault-service       ][0m   [2m      Tests [22m [1m[32m2 passed[39m[22m[90m (2)[39m
[2m19:45:18[0m [38;5;33m[1m[vault-service       ][0m   [2m   Start at [22m 19:45:18
[2m19:45:18[0m [38;5;33m[1m[vault-service       ][0m   [2m   Duration [22m 245ms[2m (transform 36ms, setup 0ms, import 51ms, tests 3ms, environment 0ms)[22m
[2m19:45:18[0m [38;5;33m[1m[vault-service       ][0m   
[2m19:45:18[0m [38;5;33m[1m[vault-service       ][0m [2m19:45:18[0m   [32m✔ Tests passed in 1s[0m
[2m19:45:18[0m [38;5;33m[1m[vault-service       ][0m 
[2m19:45:18[0m [38;5;33m[1m[vault-service       ][0m [2m19:45:18[0m [36m[1m▸ Building Docker image[0m
[2m19:45:18[0m [38;5;33m[1m[vault-service       ][0m [2m19:45:18[0m   [2mTags: vault-service:latest, vault-service:a04e6d8[0m
[2m19:45:18[0m [38;5;33m[1m[workspace-service   ][0m   
[2m19:45:18[0m [38;5;33m[1m[workspace-service   ][0m   > workspace-service@0.1.0 test
[2m19:45:18[0m [38;5;33m[1m[workspace-service   ][0m   > vitest run --passWithNoTests
[2m19:45:18[0m [38;5;33m[1m[workspace-service   ][0m   
[2m19:45:18[0m [38;5;33m[1m[workspace-service   ][0m   
[2m19:45:18[0m [38;5;33m[1m[workspace-service   ][0m   [1m[30m[46m RUN [49m[39m[22m [36mv4.1.6 [39m[90m/home/rodrigo/development/workspace-service[39m
[2m19:45:18[0m [38;5;33m[1m[workspace-service   ][0m   
[2m19:45:18[0m [38;5;33m[1m[workspace-service   ][0m    [32m✓[39m tests/smoke.test.ts [2m([22m[2m3 tests[22m[2m)[22m[32m 182[2mms[22m[39m
[2m19:45:18[0m [38;5;33m[1m[workspace-service   ][0m   
[2m19:45:18[0m [38;5;33m[1m[workspace-service   ][0m   [2m Test Files [22m [1m[32m1 passed[39m[22m[90m (1)[39m
[2m19:45:18[0m [38;5;33m[1m[workspace-service   ][0m   [2m      Tests [22m [1m[32m3 passed[39m[22m[90m (3)[39m
[2m19:45:18[0m [38;5;33m[1m[workspace-service   ][0m   [2m   Start at [22m 19:45:18
[2m19:45:18[0m [38;5;33m[1m[workspace-service   ][0m   [2m   Duration [22m 362ms[2m (transform 133ms, setup 0ms, import 34ms, tests 182ms, environment 0ms)[22m
[2m19:45:18[0m [38;5;33m[1m[workspace-service   ][0m   
[2m19:45:18[0m [38;5;33m[1m[workspace-service   ][0m [2m19:45:18[0m   [32m✔ Tests passed in 1s[0m
[2m19:45:18[0m [38;5;33m[1m[workspace-service   ][0m 
[2m19:45:18[0m [38;5;33m[1m[workspace-service   ][0m [2m19:45:18[0m [36m[1m▸ Building Docker image[0m
[2m19:45:18[0m [38;5;33m[1m[workspace-service   ][0m [2m19:45:18[0m   [2mTags: workspace-service:latest, workspace-service:8b6bb12[0m
[2m19:45:18[0m [38;5;33m[1m[prism-service       ][0m     npm audit fix
[2m19:45:18[0m [38;5;33m[1m[prism-service       ][0m   
[2m19:45:18[0m [38;5;33m[1m[prism-service       ][0m   Run `npm audit` for details.
[2m19:45:19[0m [38;5;33m[1m[portal-service      ][0m   
[2m19:45:19[0m [38;5;33m[1m[portal-service      ][0m   > portal-service@1.0.0 test
[2m19:45:19[0m [38;5;33m[1m[portal-service      ][0m   > vitest run --passWithNoTests
[2m19:45:19[0m [38;5;33m[1m[portal-service      ][0m   
[2m19:45:19[0m [38;5;33m[1m[portal-service      ][0m   
[2m19:45:19[0m [38;5;33m[1m[portal-service      ][0m   [1m[30m[46m RUN [49m[39m[22m [36mv4.1.5 [39m[90m/home/rodrigo/development/portal-service[39m
[2m19:45:19[0m [38;5;33m[1m[portal-service      ][0m   
[2m19:45:19[0m [38;5;33m[1m[portal-service      ][0m    [32m✓[39m tests/health.test.ts [2m([22m[2m4 tests[22m[2m)[22m[32m 65[2mms[22m[39m
[2m19:45:19[0m [38;5;33m[1m[portal-service      ][0m    [32m✓[39m tests/Smoke.test.ts [2m([22m[2m2 tests[22m[2m)[22m[32m 68[2mms[22m[39m
[2m19:45:19[0m [38;5;33m[1m[portal-service      ][0m   
[2m19:45:19[0m [38;5;33m[1m[portal-service      ][0m   [2m Test Files [22m [1m[32m2 passed[39m[22m[90m (2)[39m
[2m19:45:19[0m [38;5;33m[1m[portal-service      ][0m   [2m      Tests [22m [1m[32m6 passed[39m[22m[90m (6)[39m
[2m19:45:19[0m [38;5;33m[1m[portal-service      ][0m   [2m   Start at [22m 19:45:18
[2m19:45:19[0m [38;5;33m[1m[portal-service      ][0m   [2m   Duration [22m 407ms[2m (transform 153ms, setup 0ms, import 118ms, tests 133ms, environment 0ms)[22m
[2m19:45:19[0m [38;5;33m[1m[portal-service      ][0m   
[2m19:45:19[0m [38;5;33m[1m[portal-service      ][0m [2m19:45:19[0m   [32m✔ Tests passed in 2s[0m
[2m19:45:19[0m [38;5;33m[1m[portal-service      ][0m 
[2m19:45:19[0m [38;5;33m[1m[portal-service      ][0m [2m19:45:19[0m [36m[1m▸ Building Docker image[0m
[2m19:45:19[0m [38;5;33m[1m[portal-service      ][0m [2m19:45:19[0m   [2mTags: portal-service:latest, portal-service:4049ff4[0m
[2m19:45:19[0m [38;5;33m[1m[tools-service       ][0m     npm audit fix --force
[2m19:45:19[0m [38;5;33m[1m[tools-service       ][0m   
[2m19:45:19[0m [38;5;33m[1m[tools-service       ][0m   Run `npm audit` for details.
[2m19:45:19[0m [38;5;33m[1m[lights-service      ][0m   
[2m19:45:19[0m [38;5;33m[1m[lights-service      ][0m   > lights-service@0.1.0 test
[2m19:45:19[0m [38;5;33m[1m[lights-service      ][0m   > vitest run --passWithNoTests
[2m19:45:19[0m [38;5;33m[1m[lights-service      ][0m   
[2m19:45:19[0m [38;5;33m[1m[lights-service      ][0m   
[2m19:45:19[0m [38;5;33m[1m[lights-service      ][0m   [1m[30m[46m RUN [49m[39m[22m [36mv4.1.5 [39m[90m/home/rodrigo/development/lights-service[39m
[2m19:45:19[0m [38;5;33m[1m[lights-service      ][0m   
[2m19:45:19[0m [38;5;33m[1m[lights-service      ][0m    [32m✓[39m tests/health.test.ts [2m([22m[2m3 tests[22m[2m)[22m[32m 20[2mms[22m[39m
[2m19:45:19[0m [38;5;33m[1m[lights-service      ][0m    [32m✓[39m tests/temporal-utils.test.ts [2m([22m[2m16 tests[22m[2m)[22m[32m 16[2mms[22m[39m
[2m19:45:19[0m [38;5;33m[1m[lights-service      ][0m    [32m✓[39m tests/smoke.test.ts [2m([22m[2m4 tests[22m[2m)[22m[33m 424[2mms[22m[39m
[2m19:45:19[0m [38;5;33m[1m[lights-service      ][0m        [33m[2m✓[22m[39m utilities.js should export lifxFetch function [33m 390[2mms[22m[39m
[2m19:45:19[0m [38;5;33m[1m[lights-service      ][0m   
[2m19:45:19[0m [38;5;33m[1m[lights-service      ][0m   [2m Test Files [22m [1m[32m3 passed[39m[22m[90m (3)[39m
[2m19:45:19[0m [38;5;33m[1m[lights-service      ][0m   [2m      Tests [22m [1m[32m23 passed[39m[22m[90m (23)[39m
[2m19:45:19[0m [38;5;33m[1m[lights-service      ][0m   [2m   Start at [22m 19:45:18
[2m19:45:19[0m [38;5;33m[1m[lights-service      ][0m   [2m   Duration [22m 784ms[2m (transform 322ms, setup 0ms, import 304ms, tests 460ms, environment 1ms)[22m
[2m19:45:19[0m [38;5;33m[1m[lights-service      ][0m   
[2m19:45:19[0m [38;5;33m[1m[lights-service      ][0m [2m19:45:19[0m   [32m✔ Tests passed in 1s[0m
[2m19:45:19[0m [38;5;33m[1m[lights-service      ][0m 
[2m19:45:19[0m [38;5;33m[1m[lights-service      ][0m [2m19:45:19[0m [36m[1m▸ Building Docker image[0m
[2m19:45:19[0m [38;5;33m[1m[lights-service      ][0m [2m19:45:19[0m   [2mTags: lights-service:latest, lights-service:36d0155[0m
[2m19:45:19[0m [38;5;33m[1m[clock-crew-service  ][0m   
[2m19:45:19[0m [38;5;33m[1m[clock-crew-service  ][0m   > clock-crew-service@1.0.0 test
[2m19:45:19[0m [38;5;33m[1m[clock-crew-service  ][0m   > vitest run --passWithNoTests
[2m19:45:19[0m [38;5;33m[1m[clock-crew-service  ][0m   
[2m19:45:19[0m [38;5;33m[1m[clock-crew-service  ][0m   
[2m19:45:19[0m [38;5;33m[1m[clock-crew-service  ][0m   [1m[30m[46m RUN [49m[39m[22m [36mv4.1.5 [39m[90m/home/rodrigo/development/clock-crew-service[39m
[2m19:45:19[0m [38;5;33m[1m[clock-crew-service  ][0m   
[2m19:45:20[0m [38;5;33m[1m[clock-crew-service  ][0m    [32m✓[39m tests/health.test.ts [2m([22m[2m2 tests[22m[2m)[22m[32m 10[2mms[22m[39m
[2m19:45:20[0m [38;5;33m[1m[clock-crew-service  ][0m    [32m✓[39m dist/tests/health.test.js [2m([22m[2m2 tests[22m[2m)[22m[32m 14[2mms[22m[39m
[2m19:45:20[0m [38;5;33m[1m[clock-crew-service  ][0m    [32m✓[39m tests/Smoke.test.ts [2m([22m[2m2 tests[22m[2m)[22m[32m 28[2mms[22m[39m
[2m19:45:20[0m [38;5;33m[1m[clock-crew-service  ][0m    [32m✓[39m dist/tests/Smoke.test.js [2m([22m[2m2 tests[22m[2m)[22m[32m 34[2mms[22m[39m
[2m19:45:20[0m [38;5;33m[1m[clock-crew-service  ][0m   [90mstdout[2m | tests/NewgroundsRoutes.test.ts[2m > [22m[2mNewgrounds Routes[2m > [22m[2mGET /newgrounds/stats[2m > [22m[2mreturns scrape progress stats
[2m19:45:20[0m [38;5;33m[1m[clock-crew-service  ][0m   [22m[39m[19:45:19] 200 [clock-crew] GET /newgrounds/stats — 5ms (in: 0 B, out: 151 B, total: 151 B)
[2m19:45:20[0m [38;5;33m[1m[clock-crew-service  ][0m   
[2m19:45:20[0m [38;5;33m[1m[clock-crew-service  ][0m   [90mstdout[2m | tests/ClockCrewRoutes.test.ts[2m > [22m[2mClock Crew Routes[2m > [22m[2mGET /clockcrew/stats[2m > [22m[2mreturns scrape progress stats
[2m19:45:20[0m [38;5;33m[1m[clock-crew-service  ][0m   [22m[39m[19:45:19] 200 [clock-crew] GET /clockcrew/stats — 4ms (in: 0 B, out: 91.0 B, total: 91.0 B)
[2m19:45:20[0m [38;5;33m[1m[clock-crew-service  ][0m   
[2m19:45:20[0m [38;5;33m[1m[clock-crew-service  ][0m   [90mstdout[2m | tests/ClockCrewRoutes.test.ts[2m > [22m[2mClock Crew Routes[2m > [22m[2mGET /clockcrew/boards[2m > [22m[2mreturns a list of boards
[2m19:45:20[0m [38;5;33m[1m[clock-crew-service  ][0m   [22m[39m[19:45:19] 200 [clock-crew] GET /clockcrew/boards — 1ms (in: 0 B, out: 53.0 B, total: 53.0 B)
[2m19:45:20[0m [38;5;33m[1m[clock-crew-service  ][0m   
[2m19:45:20[0m [38;5;33m[1m[clock-crew-service  ][0m   [90mstdout[2m | tests/NewgroundsRoutes.test.ts[2m > [22m[2mNewgrounds Routes[2m > [22m[2mGET /newgrounds/profiles[2m > [22m[2mreturns a list of profiles
[2m19:45:20[0m [38;5;33m[1m[clock-crew-service  ][0m   [22m[39m[19:45:19] 200 [clock-crew] GET /newgrounds/profiles — 2ms (in: 0 B, out: 48.0 B, total: 48.0 B)
[2m19:45:20[0m [38;5;33m[1m[clock-crew-service  ][0m   
[2m19:45:20[0m [38;5;33m[1m[clock-crew-service  ][0m   [90mstdout[2m | tests/ClockCrewRoutes.test.ts[2m > [22m[2mClock Crew Routes[2m > [22m[2mGET /clockcrew/users/:userId[2m > [22m[2mreturns user by id
[2m19:45:20[0m [38;5;33m[1m[clock-crew-service  ][0m   [22m[39m[19:45:19] 200 [clock-crew] GET /clockcrew/users/123 — 1ms (in: 0 B, out: 36.0 B, total: 36.0 B)
[2m19:45:20[0m [38;5;33m[1m[clock-crew-service  ][0m   
[2m19:45:20[0m [38;5;33m[1m[clock-crew-service  ][0m   [90mstdout[2m | tests/NewgroundsRoutes.test.ts[2m > [22m[2mNewgrounds Routes[2m > [22m[2mGET /newgrounds/profiles/:username[2m > [22m[2mreturns a single profile
[2m19:45:20[0m [38;5;33m[1m[clock-crew-service  ][0m   [22m[39m[19:45:19] 200 [clock-crew] GET /newgrounds/profiles/RobClock — 4ms (in: 0 B, out: 23.0 B, total: 23.0 B)
[2m19:45:20[0m [38;5;33m[1m[clock-crew-service  ][0m   
[2m19:45:20[0m [38;5;33m[1m[clock-crew-service  ][0m   [90mstdout[2m | tests/ClockCrewRoutes.test.ts[2m > [22m[2mClock Crew Routes[2m > [22m[2mGET /clockcrew/users/:userId[2m > [22m[2mreturns 404 when user is not found
[2m19:45:20[0m [38;5;33m[1m[clock-crew-service  ][0m   [22m[39m[19:45:19] 404 [clock-crew] GET /clockcrew/users/999 — 1ms (in: 0 B, out: 58.0 B, total: 58.0 B)
[2m19:45:20[0m [38;5;33m[1m[clock-crew-service  ][0m   
[2m19:45:20[0m [38;5;33m[1m[clock-crew-service  ][0m   [90mstdout[2m | tests/NewgroundsRoutes.test.ts[2m > [22m[2mNewgrounds Routes[2m > [22m[2mGET /newgrounds/profiles/:username[2m > [22m[2mreturns 404 for unknown profile
[2m19:45:20[0m [38;5;33m[1m[clock-crew-service  ][0m   [22m[39m[19:45:19] 404 [clock-crew] GET /newgrounds/profiles/Unknown — 1ms (in: 0 B, out: 29.0 B, total: 29.0 B)
[2m19:45:20[0m [38;5;33m[1m[clock-crew-service  ][0m   
[2m19:45:20[0m [38;5;33m[1m[clock-crew-service  ][0m    [32m✓[39m tests/NewgroundsRoutes.test.ts [2m([22m[2m4 tests[22m[2m)[22m[32m 125[2mms[22m[39m
[2m19:45:20[0m [38;5;33m[1m[clock-crew-service  ][0m   [90mstdout[2m | tests/ClockCrewRoutes.test.ts[2m > [22m[2mClock Crew Routes[2m > [22m[2mGET /clockcrew/users/by-name/:username[2m > [22m[2mreturns user by name
[2m19:45:20[0m [38;5;33m[1m[clock-crew-service  ][0m   [22m[39m[19:45:19] 200 [clock-crew] GET /clockcrew/users/by-name/RobClock — 1ms (in: 0 B, out: 36.0 B, total: 36.0 B)
[2m19:45:20[0m [38;5;33m[1m[clock-crew-service  ][0m   
[2m19:45:20[0m [38;5;33m[1m[clock-crew-service  ][0m   [90mstdout[2m | tests/ClockCrewRoutes.test.ts[2m > [22m[2mClock Crew Routes[2m > [22m[2mGET /clockcrew/users/by-name/:username[2m > [22m[2mreturns 404 when user is not found
[2m19:45:20[0m [38;5;33m[1m[clock-crew-service  ][0m   [22m[39m[19:45:19] 404 [clock-crew] GET /clockcrew/users/by-name/Nobody — 2ms (in: 0 B, out: 58.0 B, total: 58.0 B)
[2m19:45:20[0m [38;5;33m[1m[clock-crew-service  ][0m   
[2m19:45:20[0m [38;5;33m[1m[clock-crew-service  ][0m    [32m✓[39m tests/ClockCrewRoutes.test.ts [2m([22m[2m6 tests[22m[2m)[22m[32m 137[2mms[22m[39m
[2m19:45:20[0m [38;5;33m[1m[clock-crew-service  ][0m   
[2m19:45:20[0m [38;5;33m[1m[clock-crew-service  ][0m   [2m Test Files [22m [1m[32m6 passed[39m[22m[90m (6)[39m
[2m19:45:20[0m [38;5;33m[1m[clock-crew-service  ][0m   [2m      Tests [22m [1m[32m18 passed[39m[22m[90m (18)[39m
[2m19:45:20[0m [38;5;33m[1m[clock-crew-service  ][0m   [2m   Start at [22m 19:45:18
[2m19:45:20[0m [38;5;33m[1m[clock-crew-service  ][0m   [2m   Duration [22m 1.22s[2m (transform 771ms, setup 0ms, import 2.02s, tests 347ms, environment 2ms)[22m
[2m19:45:20[0m [38;5;33m[1m[clock-crew-service  ][0m   
[2m19:45:20[0m [38;5;33m[1m[clock-crew-service  ][0m [2m19:45:19[0m   [32m✔ Tests passed in 2s[0m
[2m19:45:20[0m [38;5;33m[1m[clock-crew-service  ][0m 
[2m19:45:20[0m [38;5;33m[1m[clock-crew-service  ][0m [2m19:45:20[0m [36m[1m▸ Building Docker image[0m
[2m19:45:20[0m [38;5;33m[1m[clock-crew-service  ][0m [2m19:45:20[0m   [2mTags: clock-crew-service:latest, clock-crew-service:2996e70[0m
[2m19:45:20[0m [38;5;33m[1m[prism-service       ][0m     npm audit fix
[2m19:45:20[0m [38;5;33m[1m[prism-service       ][0m   
[2m19:45:20[0m [38;5;33m[1m[prism-service       ][0m   Run `npm audit` for details.
[2m19:45:20[0m [38;5;33m[1m[prism-service       ][0m [2m19:45:20[0m   [32m✔ Dependencies up to date[0m
[2m19:45:20[0m [38;5;33m[1m[prism-service       ][0m 
[2m19:45:20[0m [38;5;33m[1m[prism-service       ][0m [2m19:45:20[0m [36m[1m▸ Running Tests[0m
[2m19:45:20[0m [38;5;34m[1m[clock-crew-client   ][0m     npm audit fix --force
[2m19:45:20[0m [38;5;34m[1m[clock-crew-client   ][0m   
[2m19:45:20[0m [38;5;34m[1m[clock-crew-client   ][0m   Run `npm audit` for details.
[2m19:45:20[0m [38;5;34m[1m[messages-client     ][0m     npm audit fix --force
[2m19:45:20[0m [38;5;34m[1m[messages-client     ][0m   
[2m19:45:20[0m [38;5;34m[1m[messages-client     ][0m   Run `npm audit` for details.
[2m19:45:20[0m [38;5;34m[1m[lights-client       ][0m     npm audit fix --force
[2m19:45:20[0m [38;5;34m[1m[lights-client       ][0m   
[2m19:45:20[0m [38;5;34m[1m[lights-client       ][0m   Run `npm audit` for details.
[2m19:45:20[0m [38;5;34m[1m[meepothegeomancer-client][0m     npm audit fix --force
[2m19:45:20[0m [38;5;34m[1m[meepothegeomancer-client][0m   
[2m19:45:20[0m [38;5;34m[1m[meepothegeomancer-client][0m   Run `npm audit` for details.
[2m19:45:21[0m [38;5;34m[1m[rod-dev-client      ][0m     npm audit fix --force
[2m19:45:21[0m [38;5;34m[1m[rod-dev-client      ][0m   
[2m19:45:21[0m [38;5;34m[1m[games-client        ][0m     npm audit fix --force
[2m19:45:21[0m [38;5;34m[1m[rod-dev-client      ][0m   Run `npm audit` for details.
[2m19:45:21[0m [38;5;34m[1m[games-client        ][0m   
[2m19:45:21[0m [38;5;34m[1m[games-client        ][0m   Run `npm audit` for details.
[2m19:45:21[0m [38;5;34m[1m[reels-client        ][0m     npm audit fix --force
[2m19:45:21[0m [38;5;34m[1m[reels-client        ][0m   
[2m19:45:21[0m [38;5;34m[1m[reels-client        ][0m   Run `npm audit` for details.
[2m19:45:21[0m [38;5;34m[1m[prism-client        ][0m     npm audit fix --force
[2m19:45:21[0m [38;5;34m[1m[prism-client        ][0m   
[2m19:45:21[0m [38;5;34m[1m[prism-client        ][0m   Run `npm audit` for details.
[2m19:45:21[0m [38;5;34m[1m[portal-client       ][0m     npm audit fix --force
[2m19:45:21[0m [38;5;34m[1m[gauge-client        ][0m     npm audit fix --force
[2m19:45:21[0m [38;5;34m[1m[portal-client       ][0m   
[2m19:45:21[0m [38;5;34m[1m[gauge-client        ][0m   
[2m19:45:21[0m [38;5;34m[1m[gauge-client        ][0m   Run `npm audit` for details.
[2m19:45:21[0m [38;5;34m[1m[portal-client       ][0m   Run `npm audit` for details.
[2m19:45:21[0m [38;5;34m[1m[classic-whitemane-client][0m     npm audit fix --force
[2m19:45:21[0m [38;5;34m[1m[classic-whitemane-client][0m   
[2m19:45:21[0m [38;5;34m[1m[classic-whitemane-client][0m   Run `npm audit` for details.
[2m19:45:21[0m [38;5;34m[1m[lupos-client        ][0m     npm audit fix --force
[2m19:45:21[0m [38;5;34m[1m[lupos-client        ][0m   
[2m19:45:21[0m [38;5;34m[1m[lupos-client        ][0m   Run `npm audit` for details.
[2m19:45:21[0m [38;5;34m[1m[iron-client         ][0m     npm audit fix --force
[2m19:45:21[0m [38;5;34m[1m[iron-client         ][0m   
[2m19:45:21[0m [38;5;34m[1m[iron-client         ][0m   Run `npm audit` for details.
[2m19:45:21[0m [38;5;34m[1m[dygest-client       ][0m     npm audit fix --force
[2m19:45:21[0m [38;5;34m[1m[dygest-client       ][0m   
[2m19:45:21[0m [38;5;34m[1m[dygest-client       ][0m   Run `npm audit` for details.
[2m19:45:23[0m [38;5;33m[1m[qbittorrent-service ][0m        Container qbittorrent-service  Stopping
[2m19:45:23[0m [38;5;33m[1m[qbittorrent-service ][0m        Container qbittorrent-service  Stopped
[2m19:45:23[0m [38;5;33m[1m[qbittorrent-service ][0m        Container qbittorrent-service  Removing
[2m19:45:23[0m [38;5;33m[1m[qbittorrent-service ][0m        Container qbittorrent-service  Removed
[2m19:45:23[0m [38;5;33m[1m[qbittorrent-service ][0m        Network qbittorrent-service_default  Removing
[2m19:45:23[0m [38;5;33m[1m[qbittorrent-service ][0m        Network qbittorrent-service_default  Removed
[2m19:45:23[0m [38;5;33m[1m[qbittorrent-service ][0m        Network qbittorrent-service_default  Creating
[2m19:45:23[0m [38;5;33m[1m[qbittorrent-service ][0m        Network qbittorrent-service_default  Created
[2m19:45:23[0m [38;5;33m[1m[qbittorrent-service ][0m        Container qbittorrent-service  Creating
[2m19:45:23[0m [38;5;33m[1m[qbittorrent-service ][0m        Container qbittorrent-service  Created
[2m19:45:23[0m [38;5;33m[1m[qbittorrent-service ][0m        Container qbittorrent-service  Starting
[2m19:45:23[0m [38;5;33m[1m[qbittorrent-service ][0m        Container qbittorrent-service  Started
[2m19:45:23[0m [38;5;33m[1m[qbittorrent-service ][0m    🔒 Fixing container permissions...
[2m19:45:23[0m [38;5;33m[1m[qbittorrent-service ][0m    ⏳ Waiting 10s for startup...
[2m19:45:23[0m [38;5;34m[1m[clock-crew-client   ][0m     npm audit fix --force
[2m19:45:23[0m [38;5;34m[1m[clock-crew-client   ][0m   
[2m19:45:23[0m [38;5;34m[1m[clock-crew-client   ][0m   Run `npm audit` for details.
[2m19:45:23[0m [38;5;34m[1m[clock-crew-client   ][0m [2m19:45:23[0m   [32m✔ Dependencies up to date[0m
[2m19:45:23[0m [38;5;34m[1m[clock-crew-client   ][0m 
[2m19:45:23[0m [38;5;34m[1m[clock-crew-client   ][0m [2m19:45:23[0m [36m[1m▸ Running Tests[0m
[2m19:45:23[0m [38;5;34m[1m[clankerbox-client   ][0m   a different dependency.
[2m19:45:23[0m [38;5;34m[1m[clankerbox-client   ][0m   
[2m19:45:23[0m [38;5;34m[1m[clankerbox-client   ][0m   Run `npm audit` for details.
[2m19:45:23[0m [38;5;34m[1m[messages-client     ][0m     npm audit fix --force
[2m19:45:23[0m [38;5;33m[1m[tools-service       ][0m     npm audit fix --force
[2m19:45:23[0m [38;5;34m[1m[messages-client     ][0m   
[2m19:45:23[0m [38;5;33m[1m[tools-service       ][0m   
[2m19:45:23[0m [38;5;33m[1m[tools-service       ][0m   Run `npm audit` for details.
[2m19:45:23[0m [38;5;34m[1m[messages-client     ][0m   Run `npm audit` for details.
[2m19:45:23[0m [38;5;34m[1m[messages-client     ][0m [2m19:45:23[0m   [32m✔ Dependencies up to date[0m
[2m19:45:23[0m [38;5;34m[1m[messages-client     ][0m 
[2m19:45:23[0m [38;5;34m[1m[messages-client     ][0m [2m19:45:23[0m [36m[1m▸ Running Tests[0m
[2m19:45:23[0m [38;5;33m[1m[tools-service       ][0m [2m19:45:23[0m   [32m✔ Dependencies up to date[0m
[2m19:45:23[0m [38;5;33m[1m[tools-service       ][0m 
[2m19:45:23[0m [38;5;33m[1m[tools-service       ][0m [2m19:45:23[0m [36m[1m▸ Running Tests[0m
[2m19:45:24[0m [38;5;34m[1m[ledger-client       ][0m     npm audit fix --force
[2m19:45:24[0m [38;5;34m[1m[ledger-client       ][0m   
[2m19:45:24[0m [38;5;34m[1m[games-client        ][0m     npm audit fix --force
[2m19:45:24[0m [38;5;34m[1m[games-client        ][0m   
[2m19:45:24[0m [38;5;34m[1m[games-client        ][0m   Run `npm audit` for details.
[2m19:45:24[0m [38;5;34m[1m[ledger-client       ][0m   Run `npm audit` for details.
[2m19:45:24[0m [38;5;34m[1m[games-client        ][0m [2m19:45:24[0m   [32m✔ Dependencies up to date[0m
[2m19:45:24[0m [38;5;34m[1m[games-client        ][0m 
[2m19:45:24[0m [38;5;34m[1m[games-client        ][0m [2m19:45:24[0m [36m[1m▸ Running Tests[0m
[2m19:45:24[0m   [33m⚠ Cannot reach workstation2 via Docker API — skipping orphan check[0m
[2m19:45:24[0m   [32m✔ Cross-device orphan check complete[0m

[32m[1m┌──────────────────────────────────────────────────────────┐[0m
[32m[1m│  PHASE 2 — RESTART                                      │[0m
[32m[1m│  Wait for transfers, then restart tier-by-tier           │[0m
[32m[1m└──────────────────────────────────────────────────────────┘[0m
[2m19:45:24[0m [38;5;34m[1m[lights-client       ][0m     npm audit fix --force
[2m19:45:24[0m [38;5;34m[1m[lights-client       ][0m   
[2m19:45:24[0m [38;5;34m[1m[lights-client       ][0m   Run `npm audit` for details.
[2m19:45:24[0m [38;5;34m[1m[meepothegeomancer-client][0m     npm audit fix --force
[2m19:45:24[0m [38;5;34m[1m[lights-client       ][0m [2m19:45:24[0m   [32m✔ Dependencies up to date[0m
[2m19:45:24[0m [38;5;34m[1m[lights-client       ][0m 
[2m19:45:24[0m [38;5;34m[1m[lights-client       ][0m [2m19:45:24[0m [36m[1m▸ Running Tests[0m

[2m19:45:24[0m [35m[1m━━━ Tier 0 — Foundation ━━━━━━━━━━━━━━━━━━━━━━━━━━━━━━━━━━━━━[0m

[2m19:45:24[0m [36m[1m▸ Waiting for Tier 0 — Foundation transfers to finish[0m
[2m19:45:24[0m [38;5;34m[1m[meepothegeomancer-client][0m   
[2m19:45:24[0m [38;5;34m[1m[meepothegeomancer-client][0m   Run `npm audit` for details.
[2m19:45:24[0m [38;5;34m[1m[meepothegeomancer-client][0m [2m19:45:24[0m   [32m✔ Dependencies up to date[0m
[2m19:45:24[0m [38;5;34m[1m[meepothegeomancer-client][0m 
[2m19:45:24[0m [38;5;34m[1m[meepothegeomancer-client][0m [2m19:45:24[0m [36m[1m▸ Running Tests[0m
[2m19:45:24[0m [38;5;34m[1m[rod-dev-client      ][0m     npm audit fix --force
[2m19:45:24[0m [38;5;34m[1m[rod-dev-client      ][0m   
[2m19:45:24[0m [38;5;34m[1m[rod-dev-client      ][0m   Run `npm audit` for details.
[2m19:45:24[0m [38;5;34m[1m[rod-dev-client      ][0m [2m19:45:24[0m   [32m✔ Dependencies up to date[0m
[2m19:45:24[0m [38;5;34m[1m[rod-dev-client      ][0m 
[2m19:45:24[0m [38;5;34m[1m[rod-dev-client      ][0m [2m19:45:24[0m [36m[1m▸ Running Tests[0m
[2m19:45:24[0m [38;5;34m[1m[reels-client        ][0m     npm audit fix --force
[2m19:45:24[0m [38;5;34m[1m[reels-client        ][0m   
[2m19:45:24[0m [38;5;34m[1m[reels-client        ][0m   Run `npm audit` for details.
[2m19:45:24[0m [38;5;34m[1m[reels-client        ][0m [2m19:45:24[0m   [32m✔ Dependencies up to date[0m
[2m19:45:24[0m [38;5;34m[1m[dygest-client       ][0m     npm audit fix --force
[2m19:45:24[0m [38;5;34m[1m[dygest-client       ][0m   
[2m19:45:24[0m [38;5;34m[1m[dygest-client       ][0m   Run `npm audit` for details.
[2m19:45:24[0m [38;5;34m[1m[reels-client        ][0m 
[2m19:45:24[0m [38;5;34m[1m[reels-client        ][0m [2m19:45:24[0m [36m[1m▸ Running Tests[0m
[2m19:45:25[0m [38;5;34m[1m[dygest-client       ][0m [2m19:45:25[0m   [32m✔ Dependencies up to date[0m
[2m19:45:25[0m [38;5;34m[1m[dygest-client       ][0m 
[2m19:45:25[0m [38;5;34m[1m[dygest-client       ][0m [2m19:45:25[0m [36m[1m▸ Running Tests[0m
[2m19:45:25[0m [38;5;34m[1m[lupos-client        ][0m     npm audit fix --force
[2m19:45:25[0m [38;5;34m[1m[lupos-client        ][0m   
[2m19:45:25[0m [38;5;34m[1m[lupos-client        ][0m   Run `npm audit` for details.
[2m19:45:25[0m [38;5;34m[1m[lupos-client        ][0m [2m19:45:25[0m   [32m✔ Dependencies up to date[0m
[2m19:45:25[0m [38;5;34m[1m[lupos-client        ][0m [2m19:45:25[0m   [2mLoaded deploy-kit/.env.deploy[0m
[2m19:45:25[0m [38;5;34m[1m[lupos-client        ][0m [2m19:45:25[0m   [2mVault URL: http://192.168.86.2:5599[0m
[2m19:45:25[0m [38;5;34m[1m[lupos-client        ][0m [2m19:45:25[0m   [2mVault token: ****lTvDZCV7[0m
[2m19:45:25[0m [38;5;34m[1m[lupos-client        ][0m 
[2m19:45:25[0m [38;5;34m[1m[lupos-client        ][0m [2m19:45:25[0m [36m[1m▸ Building Docker image[0m
[2m19:45:25[0m [38;5;34m[1m[gauge-client        ][0m     npm audit fix --force
[2m19:45:25[0m [38;5;34m[1m[gauge-client        ][0m   
[2m19:45:25[0m [38;5;34m[1m[gauge-client        ][0m   Run `npm audit` for details.
[2m19:45:25[0m [38;5;34m[1m[gauge-client        ][0m [2m19:45:25[0m   [32m✔ Dependencies up to date[0m
[2m19:45:25[0m [38;5;34m[1m[gauge-client        ][0m 
[2m19:45:25[0m [38;5;34m[1m[lupos-client        ][0m [2m19:45:25[0m   [2mTags: lupos-client:latest, lupos-client:087c9b8[0m
[2m19:45:25[0m [38;5;34m[1m[gauge-client        ][0m [2m19:45:25[0m [36m[1m▸ Running Tests[0m
[2m19:45:25[0m [38;5;34m[1m[classic-whitemane-client][0m     npm audit fix --force
[2m19:45:25[0m [38;5;34m[1m[classic-whitemane-client][0m   
[2m19:45:25[0m [38;5;34m[1m[classic-whitemane-client][0m   Run `npm audit` for details.
[2m19:45:25[0m [38;5;34m[1m[classic-whitemane-client][0m [2m19:45:25[0m   [32m✔ Dependencies up to date[0m
[2m19:45:25[0m [38;5;34m[1m[classic-whitemane-client][0m 
[2m19:45:25[0m [38;5;34m[1m[classic-whitemane-client][0m [2m19:45:25[0m [36m[1m▸ Running Tests[0m
[2m19:45:25[0m [38;5;34m[1m[prism-client        ][0m     npm audit fix --force
[2m19:45:25[0m [38;5;34m[1m[portal-client       ][0m     npm audit fix --force
[2m19:45:25[0m [38;5;34m[1m[prism-client        ][0m   
[2m19:45:25[0m [38;5;34m[1m[prism-client        ][0m   Run `npm audit` for details.
[2m19:45:25[0m [38;5;34m[1m[portal-client       ][0m   
[2m19:45:25[0m [38;5;34m[1m[prism-client        ][0m [2m19:45:25[0m   [32m✔ Dependencies up to date[0m
[2m19:45:25[0m [38;5;34m[1m[portal-client       ][0m   Run `npm audit` for details.
[2m19:45:25[0m [38;5;34m[1m[portal-client       ][0m [2m19:45:25[0m   [32m✔ Dependencies up to date[0m
[2m19:45:25[0m [38;5;34m[1m[prism-client        ][0m 
[2m19:45:25[0m [38;5;34m[1m[prism-client        ][0m [2m19:45:25[0m [36m[1m▸ Running Tests[0m
[2m19:45:25[0m [38;5;34m[1m[portal-client       ][0m 
[2m19:45:25[0m [38;5;34m[1m[portal-client       ][0m [2m19:45:25[0m [36m[1m▸ Running Tests[0m
[2m19:45:25[0m [38;5;34m[1m[iron-client         ][0m     npm audit fix --force
[2m19:45:25[0m [38;5;34m[1m[iron-client         ][0m   
[2m19:45:25[0m [38;5;34m[1m[iron-client         ][0m   Run `npm audit` for details.
[2m19:45:25[0m [38;5;34m[1m[iron-client         ][0m [2m19:45:25[0m   [32m✔ Dependencies up to date[0m
[2m19:45:25[0m [38;5;34m[1m[iron-client         ][0m 
[2m19:45:25[0m [38;5;34m[1m[iron-client         ][0m [2m19:45:25[0m [36m[1m▸ Running Tests[0m
[2m19:45:26[0m [38;5;33m[1m[prism-service       ][0m   
[2m19:45:26[0m [38;5;33m[1m[prism-service       ][0m   > prism-service@1.0.0 test
[2m19:45:26[0m [38;5;33m[1m[prism-service       ][0m   > vitest run --passWithNoTests
[2m19:45:26[0m [38;5;33m[1m[prism-service       ][0m   
[2m19:45:26[0m [38;5;33m[1m[prism-service       ][0m   
[2m19:45:26[0m [38;5;33m[1m[prism-service       ][0m   [1m[30m[46m RUN [49m[39m[22m [36mv4.1.5 [39m[90m/home/rodrigo/development/prism-service[39m
[2m19:45:26[0m [38;5;33m[1m[prism-service       ][0m   
[2m19:45:26[0m [38;5;33m[1m[prism-service       ][0m    [32m✓[39m tests/contextWindowManager.test.ts [2m([22m[2m27 tests[22m[2m)[22m[32m 36[2mms[22m[39m
[2m19:45:26[0m [38;5;33m[1m[prism-service       ][0m    [32m✓[39m tests/autoApprovalEngine.test.ts [2m([22m[2m59 tests[22m[2m)[22m[32m 24[2mms[22m[39m
[2m19:45:26[0m [38;5;33m[1m[prism-service       ][0m    [32m✓[39m tests/backgroundCostPropagation.test.ts [2m([22m[2m10 tests[22m[2m)[22m[32m 46[2mms[22m[39m
[2m19:45:26[0m [38;5;33m[1m[prism-service       ][0m    [32m✓[39m tests/agenticToolResolver.test.ts [2m([22m[2m7 tests[22m[2m)[22m[32m 37[2mms[22m[39m
[2m19:45:26[0m [38;5;33m[1m[prism-service       ][0m    [32m✓[39m tests/conversationService.test.ts [2m([22m[2m14 tests[22m[2m)[22m[32m 73[2mms[22m[39m
[2m19:45:26[0m [38;5;33m[1m[prism-service       ][0m    [32m✓[39m tests/streamingToolPersistence.test.ts [2m([22m[2m8 tests[22m[2m)[22m[32m 71[2mms[22m[39m
[2m19:45:26[0m [38;5;33m[1m[prism-service       ][0m    [32m✓[39m tests/backgroundTokenAccuracy.test.ts [2m([22m[2m25 tests[22m[2m)[22m[32m 100[2mms[22m[39m
[2m19:45:26[0m [38;5;33m[1m[prism-service       ][0m    [32m✓[39m tests/agenticSessionPersistence.test.ts [2m([22m[2m8 tests[22m[2m)[22m[32m 97[2mms[22m[39m
[2m19:45:26[0m [38;5;33m[1m[prism-service       ][0m    [32m✓[39m tests/sessionCostReconciliation.test.ts [2m([22m[2m15 tests[22m[2m)[22m[32m 32[2mms[22m[39m
[2m19:45:26[0m [38;5;33m[1m[prism-service       ][0m    [32m✓[39m tests/costCalculation.test.ts [2m([22m[2m89 tests[22m[2m)[22m[32m 111[2mms[22m[39m
[2m19:45:26[0m [38;5;33m[1m[prism-service       ][0m   [90mstderr[2m | tests/harness-lifecycle.test.ts[2m > [22m[2mPostExecutionEmitter[2m > [22m[2mtrackToolErrors[2m > [22m[2mshould emit status when error limit is reached
[2m19:45:26[0m [38;5;33m[1m[prism-service       ][0m   [22m[39m[19:45:25] WARN  [prism] [AgenticLoop] Tool "write_file" hit error limit (3), skipping in future iterations
[2m19:45:26[0m [38;5;33m[1m[prism-service       ][0m   
[2m19:45:26[0m [38;5;33m[1m[prism-service       ][0m   [90mstderr[2m | tests/harness-lifecycle.test.ts[2m > [22m[2mPlanModeController[2m > [22m[2mblockUnauthorizedToolCalls[2m > [22m[2mshould block non-exit tool calls and add system message
[2m19:45:26[0m [38;5;33m[1m[prism-service       ][0m   [22m[39m[19:45:25] WARN  [prism] [PlanningMode] Blocked 2 unauthorized tool call(s): write_file, read_file
[2m19:45:26[0m [38;5;33m[1m[prism-service       ][0m   
[2m19:45:26[0m [38;5;33m[1m[prism-service       ][0m   [90mstderr[2m | tests/harness-lifecycle.test.ts[2m > [22m[2mPlanModeController[2m > [22m[2mblockUnauthorizedToolCalls[2m > [22m[2mshould allow exit_plan_mode while blocking others
[2m19:45:26[0m [38;5;33m[1m[prism-service       ][0m   [22m[39m[19:45:25] WARN  [prism] [PlanningMode] Blocked 1 unauthorized tool call(s): write_file
[2m19:45:26[0m [38;5;33m[1m[prism-service       ][0m   
[2m19:45:26[0m [38;5;33m[1m[prism-service       ][0m   [90mstdout[2m | tests/harness-lifecycle.test.ts[2m > [22m[2mPlanModeController[2m > [22m[2mcheckForPlanModeEntry[2m > [22m[2mshould activate plan mode when enter_plan_mode is in tool calls
[2m19:45:26[0m [38;5;33m[1m[prism-service       ][0m   [22m[39m[19:45:25] INFO  [prism] [PlanningMode] Injected planning instruction into system prompt
[2m19:45:26[0m [38;5;33m[1m[prism-service       ][0m   
[2m19:45:26[0m [38;5;33m[1m[prism-service       ][0m    [32m✓[39m tests/harness-lifecycle.test.ts [2m([22m[2m22 tests[22m[2m)[22m[32m 64[2mms[22m[39m
[2m19:45:26[0m [38;5;33m[1m[prism-service       ][0m   [90mstdout[2m | tests/thinkingMode.test.ts
[2m19:45:26[0m [38;5;33m[1m[prism-service       ][0m   [22m[39m[19:45:26] INFO  [prism] [InternalToolRegistry] Registered 14 internal tools: [enter_plan_mode, exit_plan_mode, skill_create, skill_execute, skill_list, skill_delete, enter_worktree, exit_worktree, todo_write, brief, ask_user_question, list_mcp_resources, read_mcp_resource, mcp_authenticate]
[2m19:45:26[0m [38;5;33m[1m[prism-service       ][0m   
[2m19:45:26[0m [38;5;33m[1m[prism-service       ][0m   [90mstdout[2m | tests/imageToText.test.ts
[2m19:45:26[0m [38;5;33m[1m[prism-service       ][0m   [22m[39m[19:45:26] INFO  [prism] [InternalToolRegistry] Registered 14 internal tools: [enter_plan_mode, exit_plan_mode, skill_create, skill_execute, skill_list, skill_delete, enter_worktree, exit_worktree, todo_write, brief, ask_user_question, list_mcp_resources, read_mcp_resource, mcp_authenticate]
[2m19:45:26[0m [38;5;33m[1m[prism-service       ][0m   
[2m19:45:26[0m [38;5;33m[1m[prism-service       ][0m   [90mstdout[2m | tests/config.test.ts
[2m19:45:26[0m [38;5;33m[1m[prism-service       ][0m   [22m[39m[19:45:26] INFO  [prism] [InternalToolRegistry] Registered 14 internal tools: [enter_plan_mode, exit_plan_mode, skill_create, skill_execute, skill_list, skill_delete, enter_worktree, exit_worktree, todo_write, brief, ask_user_question, list_mcp_resources, read_mcp_resource, mcp_authenticate]
[2m19:45:26[0m [38;5;33m[1m[prism-service       ][0m   
[2m19:45:26[0m [38;5;33m[1m[prism-service       ][0m   [90mstdout[2m | tests/tokenCostAccuracy.test.ts
[2m19:45:26[0m [38;5;33m[1m[prism-service       ][0m   [22m[39m[19:45:26] INFO  [prism] [InternalToolRegistry] Registered 14 internal tools: [enter_plan_mode, exit_plan_mode, skill_create, skill_execute, skill_list, skill_delete, enter_worktree, exit_worktree, todo_write, brief, ask_user_question, list_mcp_resources, read_mcp_resource, mcp_authenticate]
[2m19:45:26[0m [38;5;33m[1m[prism-service       ][0m   
[2m19:45:27[0m [38;5;33m[1m[prism-service       ][0m   [90mstdout[2m | tests/health.test.ts
[2m19:45:27[0m [38;5;33m[1m[prism-service       ][0m   [22m[39m[19:45:26] INFO  [prism] [InternalToolRegistry] Registered 14 internal tools: [enter_plan_mode, exit_plan_mode, skill_create, skill_execute, skill_list, skill_delete, enter_worktree, exit_worktree, todo_write, brief, ask_user_question, list_mcp_resources, read_mcp_resource, mcp_authenticate]
[2m19:45:27[0m [38;5;33m[1m[prism-service       ][0m   
[2m19:45:27[0m [38;5;33m[1m[prism-service       ][0m   [90mstdout[2m | tests/textToText.test.ts
[2m19:45:27[0m [38;5;33m[1m[prism-service       ][0m   [22m[39m[19:45:26] INFO  [prism] [InternalToolRegistry] Registered 14 internal tools: [enter_plan_mode, exit_plan_mode, skill_create, skill_execute, skill_list, skill_delete, enter_worktree, exit_worktree, todo_write, brief, ask_user_question, list_mcp_resources, read_mcp_resource, mcp_authenticate]
[2m19:45:27[0m [38;5;33m[1m[prism-service       ][0m   
[2m19:45:27[0m [38;5;33m[1m[prism-service       ][0m   [90mstdout[2m | tests/textToImage.test.ts
[2m19:45:27[0m [38;5;33m[1m[prism-service       ][0m   [22m[39m[19:45:26] INFO  [prism] [InternalToolRegistry] Registered 14 internal tools: [enter_plan_mode, exit_plan_mode, skill_create, skill_execute, skill_list, skill_delete, enter_worktree, exit_worktree, todo_write, brief, ask_user_question, list_mcp_resources, read_mcp_resource, mcp_authenticate]
[2m19:45:27[0m [38;5;33m[1m[prism-service       ][0m   
[2m19:45:27[0m [38;5;33m[1m[prism-service       ][0m   [90mstdout[2m | tests/textToSpeech.test.ts
[2m19:45:27[0m [38;5;33m[1m[prism-service       ][0m   [22m[39m[19:45:26] INFO  [prism] [InternalToolRegistry] Registered 14 internal tools: [enter_plan_mode, exit_plan_mode, skill_create, skill_execute, skill_list, skill_delete, enter_worktree, exit_worktree, todo_write, brief, ask_user_question, list_mcp_resources, read_mcp_resource, mcp_authenticate]
[2m19:45:27[0m [38;5;33m[1m[prism-service       ][0m   
[2m19:45:27[0m [38;5;33m[1m[prism-service       ][0m   [90mstdout[2m | tests/modalityToEmbedding.test.ts
[2m19:45:27[0m [38;5;33m[1m[prism-service       ][0m   [22m[39m[19:45:26] INFO  [prism] [InternalToolRegistry] Registered 14 internal tools: [enter_plan_mode, exit_plan_mode, skill_create, skill_execute, skill_list, skill_delete, enter_worktree, exit_worktree, todo_write, brief, ask_user_question, list_mcp_resources, read_mcp_resource, mcp_authenticate]
[2m19:45:27[0m [38;5;33m[1m[prism-service       ][0m   
[2m19:45:27[0m [38;5;33m[1m[prism-service       ][0m   [90mstdout[2m | tests/auth.test.ts
[2m19:45:27[0m [38;5;33m[1m[prism-service       ][0m   [22m[39m[19:45:26] INFO  [prism] [InternalToolRegistry] Registered 14 internal tools: [enter_plan_mode, exit_plan_mode, skill_create, skill_execute, skill_list, skill_delete, enter_worktree, exit_worktree, todo_write, brief, ask_user_question, list_mcp_resources, read_mcp_resource, mcp_authenticate]
[2m19:45:27[0m [38;5;33m[1m[prism-service       ][0m   
[2m19:45:27[0m [38;5;33m[1m[prism-service       ][0m   [90mstdout[2m | tests/configUtils.test.ts
[2m19:45:27[0m [38;5;33m[1m[prism-service       ][0m   [22m[39m[19:45:26] INFO  [prism] [InternalToolRegistry] Registered 14 internal tools: [enter_plan_mode, exit_plan_mode, skill_create, skill_execute, skill_list, skill_delete, enter_worktree, exit_worktree, todo_write, brief, ask_user_question, list_mcp_resources, read_mcp_resource, mcp_authenticate]
[2m19:45:27[0m [38;5;33m[1m[prism-service       ][0m   
[2m19:45:27[0m [38;5;33m[1m[prism-service       ][0m   [90mstdout[2m | tests/textToImage.test.ts
[2m19:45:27[0m [38;5;33m[1m[prism-service       ][0m   [22m[39m[19:45:27] INFO  [prism] [LocalProviderGateway] Initialized
[2m19:45:27[0m [38;5;33m[1m[prism-service       ][0m   
[2m19:45:27[0m [38;5;33m[1m[prism-service       ][0m   [90mstdout[2m | tests/textToImage.test.ts
[2m19:45:27[0m [38;5;33m[1m[prism-service       ][0m   [22m[39m[19:45:27] INFO  [prism] [LocalModelQueue] Initialized (default concurrency: 1)
[2m19:45:27[0m [38;5;33m[1m[prism-service       ][0m   
[2m19:45:27[0m [38;5;33m[1m[prism-service       ][0m   [90mstdout[2m | tests/auth.test.ts
[2m19:45:27[0m [38;5;33m[1m[prism-service       ][0m   [22m[39m[19:45:27] INFO  [prism] [LocalProviderGateway] Initialized
[2m19:45:27[0m [38;5;33m[1m[prism-service       ][0m   
[2m19:45:27[0m [38;5;33m[1m[prism-service       ][0m   [90mstdout[2m | tests/auth.test.ts
[2m19:45:27[0m [38;5;33m[1m[prism-service       ][0m   [22m[39m[19:45:27] INFO  [prism] [LocalModelQueue] Initialized (default concurrency: 1)
[2m19:45:27[0m [38;5;33m[1m[prism-service       ][0m   
[2m19:45:27[0m [38;5;33m[1m[prism-service       ][0m   [90mstdout[2m | tests/thinkingMode.test.ts
[2m19:45:27[0m [38;5;33m[1m[prism-service       ][0m   [22m[39m[19:45:27] INFO  [prism] [LocalProviderGateway] Initialized
[2m19:45:27[0m [38;5;33m[1m[prism-service       ][0m   
[2m19:45:27[0m [38;5;33m[1m[prism-service       ][0m   [90mstdout[2m | tests/thinkingMode.test.ts
[2m19:45:27[0m [38;5;33m[1m[prism-service       ][0m   [22m[39m[19:45:27] INFO  [prism] [LocalModelQueue] Initialized (default concurrency: 1)
[2m19:45:27[0m [38;5;33m[1m[prism-service       ][0m   
[2m19:45:27[0m [38;5;33m[1m[prism-service       ][0m   [90mstdout[2m | tests/tokenCostAccuracy.test.ts
[2m19:45:27[0m [38;5;33m[1m[prism-service       ][0m   [22m[39m[19:45:27] INFO  [prism] [LocalProviderGateway] Initialized
[2m19:45:27[0m [38;5;33m[1m[prism-service       ][0m   
[2m19:45:27[0m [38;5;33m[1m[prism-service       ][0m   [90mstdout[2m | tests/tokenCostAccuracy.test.ts
[2m19:45:27[0m [38;5;33m[1m[prism-service       ][0m   [22m[39m[19:45:27] INFO  [prism] [LocalModelQueue] Initialized (default concurrency: 1)
[2m19:45:27[0m [38;5;33m[1m[prism-service       ][0m   
[2m19:45:27[0m [38;5;33m[1m[prism-service       ][0m   [90mstdout[2m | tests/modalityToEmbedding.test.ts
[2m19:45:27[0m [38;5;33m[1m[prism-service       ][0m   [22m[39m[19:45:27] INFO  [prism] [LocalProviderGateway] Initialized
[2m19:45:27[0m [38;5;33m[1m[prism-service       ][0m   
[2m19:45:27[0m [38;5;33m[1m[prism-service       ][0m   [90mstdout[2m | tests/modalityToEmbedding.test.ts
[2m19:45:27[0m [38;5;33m[1m[prism-service       ][0m   [22m[39m[19:45:27] INFO  [prism] [LocalModelQueue] Initialized (default concurrency: 1)
[2m19:45:27[0m [38;5;33m[1m[prism-service       ][0m   
[2m19:45:27[0m [38;5;33m[1m[prism-service       ][0m   [90mstdout[2m | tests/health.test.ts
[2m19:45:27[0m [38;5;33m[1m[prism-service       ][0m   [22m[39m[19:45:27] INFO  [prism] [LocalProviderGateway] Initialized
[2m19:45:27[0m [38;5;33m[1m[prism-service       ][0m   
[2m19:45:27[0m [38;5;33m[1m[prism-service       ][0m   [90mstdout[2m | tests/health.test.ts
[2m19:45:27[0m [38;5;33m[1m[prism-service       ][0m   [22m[39m[19:45:27] INFO  [prism] [LocalModelQueue] Initialized (default concurrency: 1)
[2m19:45:27[0m [38;5;33m[1m[prism-service       ][0m   
[2m19:45:27[0m [38;5;33m[1m[prism-service       ][0m   [90mstdout[2m | tests/configUtils.test.ts
[2m19:45:27[0m [38;5;33m[1m[prism-service       ][0m   [22m[39m[19:45:27] INFO  [prism] [LocalProviderGateway] Initialized
[2m19:45:27[0m [38;5;33m[1m[prism-service       ][0m   
[2m19:45:27[0m [38;5;33m[1m[prism-service       ][0m   [90mstdout[2m | tests/configUtils.test.ts
[2m19:45:27[0m [38;5;33m[1m[prism-service       ][0m   [22m[39m[19:45:27] INFO  [prism] [LocalModelQueue] Initialized (default concurrency: 1)
[2m19:45:27[0m [38;5;33m[1m[prism-service       ][0m   
[2m19:45:27[0m [38;5;33m[1m[prism-service       ][0m   [90mstdout[2m | tests/textToSpeech.test.ts
[2m19:45:27[0m [38;5;33m[1m[prism-service       ][0m   [22m[39m[19:45:27] INFO  [prism] [LocalProviderGateway] Initialized
[2m19:45:27[0m [38;5;33m[1m[prism-service       ][0m   
[2m19:45:27[0m [38;5;33m[1m[prism-service       ][0m   [90mstdout[2m | tests/textToSpeech.test.ts
[2m19:45:27[0m [38;5;33m[1m[prism-service       ][0m   [22m[39m[19:45:27] INFO  [prism] [LocalModelQueue] Initialized (default concurrency: 1)
[2m19:45:27[0m [38;5;33m[1m[prism-service       ][0m   
[2m19:45:28[0m [38;5;33m[1m[prism-service       ][0m   [90mstdout[2m | tests/imageToText.test.ts
[2m19:45:28[0m [38;5;33m[1m[prism-service       ][0m   [22m[39m[19:45:27] INFO  [prism] [LocalProviderGateway] Initialized
[2m19:45:28[0m [38;5;33m[1m[prism-service       ][0m   
[2m19:45:28[0m [38;5;33m[1m[prism-service       ][0m   [90mstdout[2m | tests/imageToText.test.ts
[2m19:45:28[0m [38;5;33m[1m[prism-service       ][0m   [22m[39m[19:45:27] INFO  [prism] [LocalModelQueue] Initialized (default concurrency: 1)
[2m19:45:28[0m [38;5;33m[1m[prism-service       ][0m   
[2m19:45:28[0m [38;5;33m[1m[prism-service       ][0m   [90mstdout[2m | tests/config.test.ts
[2m19:45:28[0m [38;5;33m[1m[prism-service       ][0m   [22m[39m[19:45:27] INFO  [prism] [LocalProviderGateway] Initialized
[2m19:45:28[0m [38;5;33m[1m[prism-service       ][0m   
[2m19:45:28[0m [38;5;33m[1m[prism-service       ][0m   [90mstdout[2m | tests/config.test.ts
[2m19:45:28[0m [38;5;33m[1m[prism-service       ][0m   [22m[39m[19:45:27] INFO  [prism] [LocalModelQueue] Initialized (default concurrency: 1)
[2m19:45:28[0m [38;5;33m[1m[prism-service       ][0m   
[2m19:45:28[0m [38;5;33m[1m[prism-service       ][0m   [90mstdout[2m | tests/textToText.test.ts
[2m19:45:28[0m [38;5;33m[1m[prism-service       ][0m   [22m[39m[19:45:27] INFO  [prism] [LocalProviderGateway] Initialized
[2m19:45:28[0m [38;5;33m[1m[prism-service       ][0m   
[2m19:45:28[0m [38;5;33m[1m[prism-service       ][0m   [90mstdout[2m | tests/textToText.test.ts
[2m19:45:28[0m [38;5;33m[1m[prism-service       ][0m   [22m[39m[19:45:27] INFO  [prism] [LocalModelQueue] Initialized (default concurrency: 1)
[2m19:45:28[0m [38;5;33m[1m[prism-service       ][0m   
[2m19:45:28[0m [38;5;33m[1m[prism-service       ][0m   [90mstdout[2m | tests/thinkingMode.test.ts[2m > [22m[2mGemini 3.5 Flash / Agentic Thinking Mode[2m > [22m[2mGoogle Provider Config Builder[2m > [22m[2mconfigures thinkingConfig when model supports thinking and thinkingEnabled is true
[2m19:45:28[0m [38;5;33m[1m[prism-service       ][0m   [22m[39m[19:45:27] INFO  [prism] [Google] generateText model=gemini-3.5-flash
[2m19:45:28[0m [38;5;33m[1m[prism-service       ][0m   
[2m19:45:28[0m [38;5;33m[1m[prism-service       ][0m   [90mstdout[2m | tests/thinkingMode.test.ts[2m > [22m[2mGemini 3.5 Flash / Agentic Thinking Mode[2m > [22m[2mGoogle Provider Config Builder[2m > [22m[2mparses thinkingBudget as integer even if passed as a string
[2m19:45:28[0m [38;5;33m[1m[prism-service       ][0m   [22m[39m[19:45:27] INFO  [prism] [Google] generateText model=gemini-3.5-flash
[2m19:45:28[0m [38;5;33m[1m[prism-service       ][0m   
[2m19:45:28[0m [38;5;33m[1m[prism-service       ][0m   [90mstdout[2m | tests/thinkingMode.test.ts[2m > [22m[2mGemini 3.5 Flash / Agentic Thinking Mode[2m > [22m[2mGoogle Provider Config Builder[2m > [22m[2mdoes not configure thinkingConfig if thinkingEnabled is explicitly false
[2m19:45:28[0m [38;5;33m[1m[prism-service       ][0m   [22m[39m[19:45:27] INFO  [prism] [Google] generateText model=gemini-3.5-flash
[2m19:45:28[0m [38;5;33m[1m[prism-service       ][0m   
[2m19:45:28[0m [38;5;33m[1m[prism-service       ][0m   [90mstdout[2m | tests/thinkingMode.test.ts[2m > [22m[2mGemini 3.5 Flash / Agentic Thinking Mode[2m > [22m[2mGoogle Provider Config Builder[2m > [22m[2mdoes not configure thinkingConfig if model does not support thinking
[2m19:45:28[0m [38;5;34m[1m[clankerbox-client   ][0m   a different dependency.
[2m19:45:28[0m [38;5;33m[1m[prism-service       ][0m   [22m[39m[19:45:27] INFO  [prism] [Google] generateText model=espeak-ng
[2m19:45:28[0m [38;5;34m[1m[clankerbox-client   ][0m   
[2m19:45:28[0m [38;5;33m[1m[prism-service       ][0m   
[2m19:45:28[0m [38;5;33m[1m[prism-service       ][0m   [90mstdout[2m | tests/thinkingMode.test.ts[2m > [22m[2mGemini 3.5 Flash / Agentic Thinking Mode[2m > [22m[2mGoogle Provider Stream Thinking Chunk Parsing[2m > [22m[2myields thinking type chunks when parts contain thought and text
[2m19:45:28[0m [38;5;34m[1m[clankerbox-client   ][0m   Run `npm audit` for details.
[2m19:45:28[0m [38;5;33m[1m[prism-service       ][0m   [22m[39m[19:45:27] INFO  [prism] [Google] generateTextStream model=gemini-3.5-flash
[2m19:45:28[0m [38;5;34m[1m[clankerbox-client   ][0m [2m19:45:28[0m   [32m✔ Dependencies up to date[0m
[2m19:45:28[0m [38;5;33m[1m[prism-service       ][0m   
[2m19:45:28[0m [38;5;34m[1m[clankerbox-client   ][0m 
[2m19:45:28[0m [38;5;33m[1m[prism-service       ][0m   [90mstderr[2m | tests/textToSpeech.test.ts[2m > [22m[2mPOST /text-to-audio[2m > [22m[2mreturns 400 when provider is missing
[2m19:45:28[0m [38;5;33m[1m[prism-service       ][0m   [22m[39m[19:45:27] ERR   [prism] server: Missing required field: provider
[2m19:45:28[0m [38;5;34m[1m[clankerbox-client   ][0m [2m19:45:28[0m [36m[1m▸ Running Tests[0m
[2m19:45:28[0m [38;5;33m[1m[prism-service       ][0m   
[2m19:45:28[0m [38;5;33m[1m[prism-service       ][0m   [90mstdout[2m | tests/thinkingMode.test.ts[2m > [22m[2mGemini 3.5 Flash / Agentic Thinking Mode[2m > [22m[2mGoogle Provider Live API Thinking Parsing[2m > [22m[2mhandles setup complete, yields thinking, yields text and yields usage
[2m19:45:28[0m [38;5;33m[1m[prism-service       ][0m   [22m[39m[19:45:27] INFO  [prism] [Google] generateTextStreamLive (Live API) model=gemini-3.1-flash-live-preview
[2m19:45:28[0m [38;5;33m[1m[prism-service       ][0m   
[2m19:45:28[0m [38;5;33m[1m[prism-service       ][0m   [90mstdout[2m | tests/thinkingMode.test.ts[2m > [22m[2mGemini 3.5 Flash / Agentic Thinking Mode[2m > [22m[2mGoogle Provider Live API Thinking Parsing[2m > [22m[2mhandles setup complete, yields thinking, yields text and yields usage
[2m19:45:28[0m [38;5;33m[1m[prism-service       ][0m   [22m[39m[19:45:27] INFO  [prism] [Google] Live API session opened for gemini-3.1-flash-live-preview
[2m19:45:28[0m [38;5;33m[1m[prism-service       ][0m   
[2m19:45:28[0m [38;5;33m[1m[prism-service       ][0m   [90mstdout[2m | tests/auth.test.ts[2m > [22m[2mAuth Middleware[2m > [22m[2mattaches x-project header value to req.project
[2m19:45:28[0m [38;5;33m[1m[prism-service       ][0m   [22m[39m[19:45:27] INFO  [prism] [chat] openai gpt-5.4 — in: 10 tokens, out: 5 tokens, speed: 1662.0 tok/s, ttg: 0.01s, generation: 0.00s, total: 0.01s, cost: $0.000100 [my-project/anonymous] (127.0.0.1)
[2m19:45:28[0m [38;5;33m[1m[prism-service       ][0m   
[2m19:45:28[0m [38;5;33m[1m[prism-service       ][0m   [90mstderr[2m | tests/modalityToEmbedding.test.ts[2m > [22m[2mPOST /modality-to-embedding[2m > [22m[2mreturns 400 when provider is missing
[2m19:45:28[0m [38;5;33m[1m[prism-service       ][0m   [22m[39m[19:45:27] ERR   [prism] server: Missing required field: provider
[2m19:45:28[0m [38;5;33m[1m[prism-service       ][0m   
[2m19:45:28[0m [38;5;33m[1m[prism-service       ][0m   [90mstderr[2m | tests/imageToText.test.ts[2m > [22m[2mPOST /chat (image-to-text / vision)[2m > [22m[2mreturns error when provider is missing
[2m19:45:28[0m [38;5;33m[1m[prism-service       ][0m   [22m[39m[19:45:27] ERR   [prism] server: Missing required field: provider
[2m19:45:28[0m [38;5;33m[1m[prism-service       ][0m   
[2m19:45:28[0m [38;5;33m[1m[prism-service       ][0m   [90mstderr[2m | tests/textToSpeech.test.ts[2m > [22m[2mPOST /text-to-audio[2m > [22m[2mreturns 400 when text is missing
[2m19:45:28[0m [38;5;33m[1m[prism-service       ][0m   [22m[39m[19:45:27] ERR   [prism] server: Missing required field: text
[2m19:45:28[0m [38;5;33m[1m[prism-service       ][0m   
[2m19:45:28[0m [38;5;33m[1m[prism-service       ][0m   [90mstderr[2m | tests/modalityToEmbedding.test.ts[2m > [22m[2mPOST /modality-to-embedding[2m > [22m[2mreturns 400 when no content inputs provided
[2m19:45:28[0m [38;5;33m[1m[prism-service       ][0m   [22m[39m[19:45:27] ERR   [prism] server: At least one content input is required (text, images, audio, video, or pdf)
[2m19:45:28[0m [38;5;33m[1m[prism-service       ][0m   
[2m19:45:28[0m [38;5;33m[1m[prism-service       ][0m   [90mstdout[2m | tests/thinkingMode.test.ts[2m > [22m[2mAnthropic Claude / Agentic Thinking Mode[2m > [22m[2mAnthropic Provider Config Builder[2m > [22m[2mconfigures thinking and adjusts max_tokens/temperature when thinking is enabled
[2m19:45:28[0m [38;5;33m[1m[prism-service       ][0m   [22m[39m[19:45:27] INFO  [prism] [Anthropic] generateText model=claude-sonnet-4-6
[2m19:45:28[0m [38;5;33m[1m[prism-service       ][0m   
[2m19:45:28[0m [38;5;33m[1m[prism-service       ][0m   [90mstderr[2m | tests/textToImage.test.ts[2m > [22m[2mPOST /chat (text-to-image via imageAPI model)[2m > [22m[2mreturns error when provider is missing
[2m19:45:28[0m [38;5;33m[1m[prism-service       ][0m   [22m[39m[19:45:27] ERR   [prism] server: Missing required field: provider
[2m19:45:28[0m [38;5;33m[1m[prism-service       ][0m   
[2m19:45:28[0m [38;5;33m[1m[prism-service       ][0m   [90mstdout[2m | tests/tokenCostAccuracy.test.ts[2m > [22m[2mToken/Cost Accuracy — OpenAI gpt-5-nano[2m > [22m[2mcalculates correct cost WITHOUT function calling
[2m19:45:28[0m [38;5;33m[1m[prism-service       ][0m   [22m[39m[19:45:27] INFO  [prism] [chat] openai gpt-5-nano — in: 500 tokens, out: 200 tokens, speed: N/A tok/s, ttg: 0.01s, generation: 0.00s, total: 0.01s, cost: $0.000105 [default/anonymous] (127.0.0.1)
[2m19:45:28[0m [38;5;33m[1m[prism-service       ][0m   
[2m19:45:28[0m [38;5;33m[1m[prism-service       ][0m   [90mstdout[2m | tests/thinkingMode.test.ts[2m > [22m[2mAnthropic Claude / Agentic Thinking Mode[2m > [22m[2mAnthropic Provider Config Builder[2m > [22m[2mparses thinkingBudget as integer and maps effort levels correctly
[2m19:45:28[0m [38;5;33m[1m[prism-service       ][0m   [22m[39m[19:45:27] INFO  [prism] [Anthropic] generateText model=claude-sonnet-4-6
[2m19:45:28[0m [38;5;33m[1m[prism-service       ][0m   
[2m19:45:28[0m [38;5;33m[1m[prism-service       ][0m   [90mstdout[2m | tests/thinkingMode.test.ts[2m > [22m[2mAnthropic Claude / Agentic Thinking Mode[2m > [22m[2mAnthropic Provider Config Builder[2m > [22m[2mparses thinkingBudget as integer and maps effort levels correctly
[2m19:45:28[0m [38;5;33m[1m[prism-service       ][0m   [22m[39m[19:45:27] INFO  [prism] [Anthropic] generateText model=claude-sonnet-4-6
[2m19:45:28[0m [38;5;33m[1m[prism-service       ][0m   
[2m19:45:28[0m [38;5;33m[1m[prism-service       ][0m   [90mstdout[2m | tests/thinkingMode.test.ts[2m > [22m[2mAnthropic Claude / Agentic Thinking Mode[2m > [22m[2mAnthropic Provider Config Builder[2m > [22m[2mdoes not configure thinking if thinkingEnabled is false
[2m19:45:28[0m [38;5;33m[1m[prism-service       ][0m   [22m[39m[19:45:27] INFO  [prism] [Anthropic] generateText model=claude-sonnet-4-6
[2m19:45:28[0m [38;5;33m[1m[prism-service       ][0m   
[2m19:45:28[0m [38;5;33m[1m[prism-service       ][0m   [90mstdout[2m | tests/auth.test.ts[2m > [22m[2mAuth Middleware[2m > [22m[2mdefaults x-project to 'unknown' when header is absent
[2m19:45:28[0m [38;5;33m[1m[prism-service       ][0m   [22m[39m[19:45:27] INFO  [prism] [chat] openai gpt-5.4 — in: 10 tokens, out: 5 tokens, speed: 2689.4 tok/s, ttg: 0.00s, generation: 0.00s, total: 0.00s, cost: $0.000100 [default/anonymous] (127.0.0.1)
[2m19:45:28[0m [38;5;33m[1m[prism-service       ][0m   
[2m19:45:28[0m [38;5;33m[1m[prism-service       ][0m   [90mstdout[2m | tests/thinkingMode.test.ts[2m > [22m[2mAnthropic Claude / Agentic Thinking Mode[2m > [22m[2mAnthropic Provider Config Builder[2m > [22m[2mdoes not configure thinking if thinkingEnabled is false
[2m19:45:28[0m [38;5;33m[1m[prism-service       ][0m   [22m[39m[19:45:27] INFO  [prism] [Anthropic] generateText model=claude-sonnet-4-6
[2m19:45:28[0m [38;5;33m[1m[prism-service       ][0m   
[2m19:45:28[0m [38;5;33m[1m[prism-service       ][0m   [90mstderr[2m | tests/imageToText.test.ts[2m > [22m[2mPOST /chat (image-to-text / vision)[2m > [22m[2mreturns error when messages is missing
[2m19:45:28[0m [38;5;33m[1m[prism-service       ][0m   [22m[39m[19:45:27] ERR   [prism] server: Missing or invalid field: messages (must be an array)
[2m19:45:28[0m [38;5;33m[1m[prism-service       ][0m   
[2m19:45:28[0m [38;5;33m[1m[prism-service       ][0m   [90mstdout[2m | tests/thinkingMode.test.ts[2m > [22m[2mAnthropic Claude / Agentic Thinking Mode[2m > [22m[2mAnthropic Provider Stream Thinking Chunk Parsing[2m > [22m[2myields thinking, signature, text, and usage chunks
[2m19:45:28[0m [38;5;33m[1m[prism-service       ][0m   [22m[39m[19:45:27] INFO  [prism] [Anthropic] generateTextStream model=claude-sonnet-4-6
[2m19:45:28[0m [38;5;33m[1m[prism-service       ][0m   
[2m19:45:28[0m [38;5;33m[1m[prism-service       ][0m   [90mstderr[2m | tests/textToImage.test.ts[2m > [22m[2mPOST /chat (text-to-image via imageAPI model)[2m > [22m[2mreturns error when messages is missing
[2m19:45:28[0m [38;5;33m[1m[prism-service       ][0m   [22m[39m[19:45:27] ERR   [prism] server: Missing or invalid field: messages (must be an array)
[2m19:45:28[0m [38;5;33m[1m[prism-service       ][0m   
[2m19:45:28[0m [38;5;33m[1m[prism-service       ][0m   [90mstderr[2m | tests/textToText.test.ts[2m > [22m[2mPOST /chat (text-to-text)[2m > [22m[2mreturns error when provider is missing
[2m19:45:28[0m [38;5;33m[1m[prism-service       ][0m   [22m[39m[19:45:27] ERR   [prism] server: Missing required field: provider
[2m19:45:28[0m [38;5;33m[1m[prism-service       ][0m   
[2m19:45:28[0m [38;5;33m[1m[prism-service       ][0m   [90mstdout[2m | tests/auth.test.ts[2m > [22m[2mAuth Middleware[2m > [22m[2mattaches x-username header value to req.username
[2m19:45:28[0m [38;5;33m[1m[prism-service       ][0m   [22m[39m[19:45:27] INFO  [prism] [chat] openai gpt-5.4 — in: 10 tokens, out: 5 tokens, speed: 3945.0 tok/s, ttg: 0.00s, generation: 0.00s, total: 0.00s, cost: $0.000100 [my-project/rodrigo] (127.0.0.1)
[2m19:45:28[0m [38;5;33m[1m[prism-service       ][0m   
[2m19:45:28[0m [38;5;33m[1m[prism-service       ][0m    [32m✓[39m tests/thinkingMode.test.ts [2m([22m[2m12 tests[22m[2m)[22m[32m 164[2mms[22m[39m
[2m19:45:28[0m [38;5;33m[1m[prism-service       ][0m   [90mstdout[2m | tests/textToImage.test.ts[2m > [22m[2mPOST /chat (text-to-image via imageAPI model)[2m > [22m[2mreturns 200 with correct response shape (imageAPI model)
[2m19:45:28[0m [38;5;33m[1m[prism-service       ][0m   [22m[39m[19:45:27] INFO  [prism] [chat/image-api] openai gpt-image-1.5 — total: 0.00s, cost: $0.033822 [default/anonymous] (127.0.0.1)
[2m19:45:28[0m [38;5;33m[1m[prism-service       ][0m   
[2m19:45:28[0m [38;5;33m[1m[prism-service       ][0m   [90mstdout[2m | tests/auth.test.ts[2m > [22m[2mAuth Middleware[2m > [22m[2mdefaults x-username to 'unknown' when header is absent
[2m19:45:28[0m [38;5;33m[1m[prism-service       ][0m   [22m[39m[19:45:27] INFO  [prism] [chat] openai gpt-5.4 — in: 10 tokens, out: 5 tokens, speed: 7943.9 tok/s, ttg: 0.00s, generation: 0.00s, total: 0.00s, cost: $0.000100 [default/anonymous] (127.0.0.1)
[2m19:45:28[0m [38;5;33m[1m[prism-service       ][0m   
[2m19:45:28[0m [38;5;33m[1m[prism-service       ][0m    [32m✓[39m tests/auth.test.ts [2m([22m[2m5 tests[22m[2m)[22m[32m 280[2mms[22m[39m
[2m19:45:28[0m [38;5;33m[1m[prism-service       ][0m   [90mstdout[2m | tests/textToImage.test.ts[2m > [22m[2mPOST /chat (text-to-image via imageAPI model)[2m > [22m[2mpasses model to the provider via generateImage
[2m19:45:28[0m [38;5;33m[1m[prism-service       ][0m   [22m[39m[19:45:28] INFO  [prism] [chat/image-api] openai gpt-image-1.5 — total: 0.00s, cost: $0.033802 [default/anonymous] (127.0.0.1)
[2m19:45:28[0m [38;5;33m[1m[prism-service       ][0m   
[2m19:45:28[0m [38;5;33m[1m[prism-service       ][0m   [90mstderr[2m | tests/textToText.test.ts[2m > [22m[2mPOST /chat (text-to-text)[2m > [22m[2mreturns error when messages is missing
[2m19:45:28[0m [38;5;33m[1m[prism-service       ][0m   [22m[39m[19:45:28] ERR   [prism] server: Missing or invalid field: messages (must be an array)
[2m19:45:28[0m [38;5;33m[1m[prism-service       ][0m   
[2m19:45:28[0m [38;5;33m[1m[prism-service       ][0m   (node:1169099) Warning: Setting the NODE_TLS_REJECT_UNAUTHORIZED environment variable to '0' makes TLS connections and HTTPS requests insecure by disabling certificate verification.
[2m19:45:28[0m [38;5;33m[1m[prism-service       ][0m   (Use `node --trace-warnings ...` to show where the warning was created)
[2m19:45:28[0m [38;5;33m[1m[prism-service       ][0m   [90mstdout[2m | tests/tokenCostAccuracy.test.ts[2m > [22m[2mToken/Cost Accuracy — OpenAI gpt-5-nano[2m > [22m[2mcalculates correct cost WITH 10 tools (function calling)
[2m19:45:28[0m [38;5;33m[1m[prism-service       ][0m   [22m[39m[19:45:28] INFO  [prism] [chat] openai gpt-5-nano — in: 3500 tokens, out: 100 tokens, speed: N/A tok/s, ttg: 0.00s, generation: 0.00s, total: 0.00s, cost: $0.000215 [default/anonymous] (127.0.0.1)
[2m19:45:28[0m [38;5;33m[1m[prism-service       ][0m   
[2m19:45:28[0m [38;5;33m[1m[prism-service       ][0m   [90mstdout[2m | tests/tokenCostAccuracy.test.ts[2m > [22m[2mToken/Cost Accuracy — OpenAI gpt-5-nano[2m > [22m[2mcalculates correct cost with cached input tokens
[2m19:45:28[0m [38;5;33m[1m[prism-service       ][0m   [22m[39m[19:45:28] INFO  [prism] [chat] openai gpt-5-nano — in: 100 tokens, out: 50 tokens, speed: N/A tok/s, ttg: 0.00s, generation: 0.00s, total: 0.00s, cost: $0.000025 [default/anonymous] (127.0.0.1)
[2m19:45:29[0m [38;5;33m[1m[prism-service       ][0m   
[2m19:45:29[0m [38;5;33m[1m[prism-service       ][0m   [90mstderr[2m | tests/textToImage.test.ts[2m > [22m[2mPOST /chat (text-to-image via imageAPI model)[2m > [22m[2mpasses images from messages to the provider
[2m19:45:29[0m [38;5;33m[1m[prism-service       ][0m   [22m[39m[19:45:28] WARN  [prism] [media] Dimension check failed (Input buffer contains unsupported image format), passing through
[2m19:45:29[0m [38;5;33m[1m[prism-service       ][0m   
[2m19:45:29[0m [38;5;33m[1m[prism-service       ][0m   [90mstdout[2m | tests/textToImage.test.ts[2m > [22m[2mPOST /chat (text-to-image via imageAPI model)[2m > [22m[2mpasses images from messages to the provider
[2m19:45:29[0m [38;5;33m[1m[prism-service       ][0m   [22m[39m[19:45:28] INFO  [prism] [chat/image-api] openai gpt-image-1.5 — total: 0.01s, cost: $0.035876 [default/anonymous] (127.0.0.1)
[2m19:45:29[0m [38;5;33m[1m[prism-service       ][0m   
[2m19:45:29[0m [38;5;33m[1m[prism-service       ][0m   [90mstdout[2m | tests/tokenCostAccuracy.test.ts[2m > [22m[2mToken/Cost Accuracy — Anthropic haiku-4.5[2m > [22m[2mcalculates correct cost WITHOUT function calling — no cache
[2m19:45:29[0m [38;5;33m[1m[prism-service       ][0m   [22m[39m[19:45:28] INFO  [prism] [chat] anthropic claude-haiku-4-5-20251001 — in: 500 tokens, out: 200 tokens, speed: N/A tok/s, ttg: 0.00s, generation: 0.00s, total: 0.00s, cost: $0.001500 [default/anonymous] (127.0.0.1)
[2m19:45:29[0m [38;5;34m[1m[reels-client        ][0m   
[2m19:45:29[0m [38;5;34m[1m[reels-client        ][0m   > reels-client@0.1.0 test
[2m19:45:29[0m [38;5;33m[1m[prism-service       ][0m   
[2m19:45:29[0m [38;5;34m[1m[reels-client        ][0m   > vitest run --passWithNoTests
[2m19:45:29[0m [38;5;33m[1m[prism-service       ][0m   [90mstdout[2m | tests/textToImage.test.ts[2m > [22m[2mPOST /chat (text-to-image via imageAPI model)[2m > [22m[2mdefaults images to empty array when no images in messages
[2m19:45:29[0m [38;5;33m[1m[prism-service       ][0m   [22m[39m[19:45:28] INFO  [prism] [chat/image-api] openai gpt-image-1.5 — total: 0.00s, cost: $0.033802 [default/anonymous] (127.0.0.1)
[2m19:45:29[0m [38;5;33m[1m[prism-service       ][0m   
[2m19:45:29[0m [38;5;33m[1m[prism-service       ][0m   [90mstderr[2m | tests/textToText.test.ts[2m > [22m[2mPOST /chat (text-to-text)[2m > [22m[2mreturns error when messages is not an array
[2m19:45:29[0m [38;5;34m[1m[reels-client        ][0m   
[2m19:45:29[0m [38;5;33m[1m[prism-service       ][0m   [22m[39m[19:45:28] ERR   [prism] server: Missing or invalid field: messages (must be an array)
[2m19:45:29[0m [38;5;34m[1m[reels-client        ][0m   
[2m19:45:29[0m [38;5;33m[1m[prism-service       ][0m   
[2m19:45:29[0m [38;5;34m[1m[reels-client        ][0m   [1m[30m[46m RUN [49m[39m[22m [36mv4.1.5 [39m[90m/home/rodrigo/development/reels-client[39m
[2m19:45:29[0m [38;5;33m[1m[prism-service       ][0m   [90mstderr[2m | tests/imageToText.test.ts[2m > [22m[2mPOST /chat (image-to-text / vision)[2m > [22m[2mreturns 200 with correct response shape (image + prompt)
[2m19:45:29[0m [38;5;34m[1m[reels-client        ][0m   
[2m19:45:29[0m [38;5;33m[1m[prism-service       ][0m   [22m[39m[19:45:28] WARN  [prism] [chat] Failed to fetch media URL (404): https://example.com/cat.jpg
[2m19:45:29[0m [38;5;33m[1m[prism-service       ][0m   
[2m19:45:29[0m [38;5;33m[1m[prism-service       ][0m   [90mstdout[2m | tests/imageToText.test.ts[2m > [22m[2mPOST /chat (image-to-text / vision)[2m > [22m[2mreturns 200 with correct response shape (image + prompt)
[2m19:45:29[0m [38;5;33m[1m[prism-service       ][0m   [22m[39m[19:45:28] INFO  [prism] [chat] google gemini-3-flash-preview — in: 100 tokens, out: 50 tokens, speed: 428.5 tok/s, ttg: 0.12s, generation: 0.00s, total: 0.12s, cost: $0.000200 [default/anonymous] (127.0.0.1)
[2m19:45:29[0m [38;5;34m[1m[reels-client        ][0m    [32m✓[39m tests/videoPlayerSubtitles.test.ts [2m([22m[2m10 tests[22m[2m)[22m[32m 38[2mms[22m[39m
[2m19:45:29[0m [38;5;33m[1m[prism-service       ][0m   
[2m19:45:29[0m [38;5;34m[1m[reels-client        ][0m    [32m✓[39m tests/page.test.tsx [2m([22m[2m1 test[22m[2m)[22m[32m 116[2mms[22m[39m
[2m19:45:29[0m [38;5;33m[1m[prism-service       ][0m    [32m✓[39m tests/agenticLoopService.test.ts [2m([22m[2m15 tests[22m[2m)[22m[33m 2382[2mms[22m[39m
[2m19:45:29[0m [38;5;33m[1m[prism-service       ][0m        [33m[2m✓[22m[39m should execute a single loop and emit chunks [33m 2242[2mms[22m[39m
[2m19:45:29[0m [38;5;33m[1m[prism-service       ][0m   [90mstdout[2m | tests/textToText.test.ts[2m > [22m[2mPOST /chat (text-to-text)[2m > [22m[2mreturns 200 with correct response shape (minimal params)
[2m19:45:29[0m [38;5;34m[1m[reels-client        ][0m   
[2m19:45:29[0m [38;5;33m[1m[prism-service       ][0m   [22m[39m[19:45:28] INFO  [prism] [chat] openai gpt-5.4 — in: 10 tokens, out: 5 tokens, speed: 4844.1 tok/s, ttg: 0.00s, generation: 0.00s, total: 0.00s, cost: $0.000100 [default/anonymous] (127.0.0.1)
[2m19:45:29[0m [38;5;33m[1m[prism-service       ][0m   
[2m19:45:29[0m [38;5;34m[1m[reels-client        ][0m   [2m Test Files [22m [1m[32m2 passed[39m[22m[90m (2)[39m
[2m19:45:29[0m [38;5;34m[1m[reels-client        ][0m   [2m      Tests [22m [1m[32m11 passed[39m[22m[90m (11)[39m
[2m19:45:29[0m [38;5;33m[1m[prism-service       ][0m   [90mstdout[2m | tests/textToImage.test.ts[2m > [22m[2mPOST /chat (text-to-image via imageAPI model)[2m > [22m[2mdefaults mimeType to image/png when provider returns none
[2m19:45:29[0m [38;5;33m[1m[prism-service       ][0m   [22m[39m[19:45:28] INFO  [prism] [chat/image-api] openai gpt-image-1.5 — total: 0.00s, cost: $0.033802 [default/anonymous] (127.0.0.1)
[2m19:45:29[0m [38;5;33m[1m[prism-service       ][0m   
[2m19:45:29[0m [38;5;34m[1m[reels-client        ][0m   [2m   Start at [22m 19:45:26
[2m19:45:29[0m [38;5;34m[1m[reels-client        ][0m   [2m   Duration [22m 2.83s[2m (transform 352ms, setup 478ms, import 239ms, tests 154ms, environment 3.44s)[22m
[2m19:45:29[0m [38;5;34m[1m[reels-client        ][0m   
[2m19:45:29[0m [38;5;34m[1m[reels-client        ][0m [2m19:45:29[0m   [32m✔ Tests passed in 5s[0m
[2m19:45:29[0m [38;5;34m[1m[reels-client        ][0m [2m19:45:29[0m   [2mLoaded deploy-kit/.env.deploy[0m
[2m19:45:29[0m [38;5;33m[1m[prism-service       ][0m   [90mstdout[2m | tests/tokenCostAccuracy.test.ts[2m > [22m[2mToken/Cost Accuracy — Anthropic haiku-4.5[2m > [22m[2mcalculates correct cost WITHOUT FC — with cache read
[2m19:45:29[0m [38;5;34m[1m[reels-client        ][0m [2m19:45:29[0m   [2mVault URL: http://192.168.86.2:5599[0m
[2m19:45:29[0m [38;5;34m[1m[reels-client        ][0m [2m19:45:29[0m   [2mVault token: ****lTvDZCV7[0m
[2m19:45:29[0m [38;5;34m[1m[reels-client        ][0m 
[2m19:45:29[0m [38;5;34m[1m[reels-client        ][0m [2m19:45:29[0m [36m[1m▸ Building Docker image[0m
[2m19:45:29[0m [38;5;33m[1m[prism-service       ][0m   [22m[39m[19:45:28] INFO  [prism] [chat] anthropic claude-haiku-4-5-20251001 — in: 5050 tokens, out: 200 tokens, cache_read: 5000, cache_write: 0, speed: N/A tok/s, ttg: 0.00s, generation: 0.00s, total: 0.00s, cost: $0.001550 [default/anonymous] (127.0.0.1)
[2m19:45:29[0m [38;5;34m[1m[reels-client        ][0m [2m19:45:29[0m   [2mTags: reels-client:latest, reels-client:df068ec[0m
[2m19:45:29[0m [38;5;33m[1m[prism-service       ][0m   
[2m19:45:29[0m [38;5;33m[1m[prism-service       ][0m    [32m✓[39m tests/harness-registry.test.ts [2m([22m[2m8 tests[22m[2m)[22m[32m 20[2mms[22m[39m
[2m19:45:29[0m [38;5;33m[1m[prism-service       ][0m   [90mstdout[2m | tests/textToImage.test.ts[2m > [22m[2mPOST /chat (text-to-image via imageAPI model)[2m > [22m[2mdefaults text to null when provider returns no text
[2m19:45:29[0m [38;5;33m[1m[prism-service       ][0m   [22m[39m[19:45:28] INFO  [prism] [chat/image-api] openai gpt-image-1.5 — total: 0.00s, cost: $0.033802 [default/anonymous] (127.0.0.1)
[2m19:45:29[0m [38;5;33m[1m[prism-service       ][0m   
[2m19:45:29[0m [38;5;33m[1m[prism-service       ][0m   [90mstdout[2m | tests/textToText.test.ts[2m > [22m[2mPOST /chat (text-to-text)[2m > [22m[2muses the default model when model is omitted
[2m19:45:29[0m [38;5;33m[1m[prism-service       ][0m   [22m[39m[19:45:28] INFO  [prism] [chat] openai gpt-5.4 — in: 10 tokens, out: 5 tokens, speed: 6759.7 tok/s, ttg: 0.00s, generation: 0.00s, total: 0.00s, cost: $0.000100 [default/anonymous] (127.0.0.1)
[2m19:45:29[0m [38;5;33m[1m[prism-service       ][0m   
[2m19:45:29[0m [38;5;33m[1m[prism-service       ][0m   [90mstdout[2m | tests/tokenCostAccuracy.test.ts[2m > [22m[2mToken/Cost Accuracy — Anthropic haiku-4.5[2m > [22m[2mcalculates correct cost WITHOUT FC — with cache write
[2m19:45:29[0m [38;5;33m[1m[prism-service       ][0m   [22m[39m[19:45:28] INFO  [prism] [chat] anthropic claude-haiku-4-5-20251001 — in: 2500 tokens, out: 200 tokens, cache_read: 0, cache_write: 2000, speed: N/A tok/s, ttg: 0.00s, generation: 0.00s, total: 0.00s, cost: $0.004000 [default/anonymous] (127.0.0.1)
[2m19:45:29[0m [38;5;33m[1m[prism-service       ][0m   
[2m19:45:29[0m [38;5;33m[1m[prism-service       ][0m   [90mstdout[2m | tests/textToText.test.ts[2m > [22m[2mPOST /chat (text-to-text)[2m > [22m[2muses custom model when provided
[2m19:45:29[0m [38;5;34m[1m[ledger-client       ][0m     npm audit fix --force
[2m19:45:29[0m [38;5;34m[1m[ledger-client       ][0m   
[2m19:45:29[0m [38;5;34m[1m[ledger-client       ][0m   Run `npm audit` for details.
[2m19:45:29[0m [38;5;33m[1m[prism-service       ][0m   [22m[39m[19:45:28] INFO  [prism] [chat] openai gpt-5.2 — in: 10 tokens, out: 5 tokens, speed: 3904.2 tok/s, ttg: 0.00s, generation: 0.00s, total: 0.00s, cost: $0.000087 [default/anonymous] (127.0.0.1)
[2m19:45:29[0m [38;5;33m[1m[prism-service       ][0m   
[2m19:45:29[0m [38;5;33m[1m[prism-service       ][0m   [90mstderr[2m | tests/imageToText.test.ts[2m > [22m[2mPOST /chat (image-to-text / vision)[2m > [22m[2mincludes estimatedCost in the response
[2m19:45:29[0m [38;5;33m[1m[prism-service       ][0m   [22m[39m[19:45:28] WARN  [prism] [chat] Failed to fetch media URL (404): https://example.com/cat.jpg
[2m19:45:29[0m [38;5;34m[1m[ledger-client       ][0m [2m19:45:29[0m   [32m✔ Dependencies up to date[0m
[2m19:45:29[0m [38;5;33m[1m[prism-service       ][0m   
[2m19:45:29[0m [38;5;34m[1m[ledger-client       ][0m 
[2m19:45:29[0m [38;5;34m[1m[ledger-client       ][0m [2m19:45:29[0m [36m[1m▸ Running Tests[0m
[2m19:45:29[0m [38;5;33m[1m[prism-service       ][0m   [90mstdout[2m | tests/imageToText.test.ts[2m > [22m[2mPOST /chat (image-to-text / vision)[2m > [22m[2mincludes estimatedCost in the response
[2m19:45:29[0m [38;5;33m[1m[prism-service       ][0m   [22m[39m[19:45:28] INFO  [prism] [chat] google gemini-3-flash-preview — in: 100 tokens, out: 50 tokens, speed: 2479.4 tok/s, ttg: 0.02s, generation: 0.00s, total: 0.02s, cost: $0.000200 [default/anonymous] (127.0.0.1)
[2m19:45:29[0m [38;5;33m[1m[prism-service       ][0m   
[2m19:45:29[0m [38;5;33m[1m[prism-service       ][0m   [90mstdout[2m | tests/tokenCostAccuracy.test.ts[2m > [22m[2mToken/Cost Accuracy — Anthropic haiku-4.5[2m > [22m[2mcalculates correct cost WITH FC — cache read + write
[2m19:45:29[0m [38;5;33m[1m[prism-service       ][0m   [22m[39m[19:45:28] INFO  [prism] [chat] anthropic claude-haiku-4-5-20251001 — in: 24900 tokens, out: 150 tokens, cache_read: 24000, cache_write: 800, speed: N/A tok/s, ttg: 0.00s, generation: 0.00s, total: 0.00s, cost: $0.004250 [default/anonymous] (127.0.0.1)
[2m19:45:29[0m [38;5;33m[1m[prism-service       ][0m   
[2m19:45:29[0m [38;5;33m[1m[prism-service       ][0m   [90mstderr[2m | tests/imageToText.test.ts[2m > [22m[2mPOST /chat (image-to-text / vision)[2m > [22m[2mpasses custom model to the provider when provided
[2m19:45:29[0m [38;5;33m[1m[prism-service       ][0m   [22m[39m[19:45:28] WARN  [prism] [chat] Failed to fetch media URL (404): https://example.com/cat.jpg
[2m19:45:29[0m [38;5;33m[1m[prism-service       ][0m   
[2m19:45:29[0m [38;5;33m[1m[prism-service       ][0m   [90mstdout[2m | tests/imageToText.test.ts[2m > [22m[2mPOST /chat (image-to-text / vision)[2m > [22m[2mpasses custom model to the provider when provided
[2m19:45:29[0m [38;5;33m[1m[prism-service       ][0m   [22m[39m[19:45:28] INFO  [prism] [chat] openai gpt-5-mini — in: 100 tokens, out: 50 tokens, speed: 5380.8 tok/s, ttg: 0.01s, generation: 0.00s, total: 0.01s, cost: $0.000125 [default/anonymous] (127.0.0.1)
[2m19:45:29[0m [38;5;33m[1m[prism-service       ][0m   
[2m19:45:29[0m [38;5;33m[1m[prism-service       ][0m   [90mstdout[2m | tests/textToText.test.ts[2m > [22m[2mPOST /chat (text-to-text)[2m > [22m[2mpasses options through to the provider
[2m19:45:29[0m [38;5;33m[1m[prism-service       ][0m   [22m[39m[19:45:28] INFO  [prism] [chat] openai gpt-5.4 — in: 10 tokens, out: 5 tokens, speed: 2423.9 tok/s, ttg: 0.00s, generation: 0.00s, total: 0.00s, cost: $0.000100 [default/anonymous] (127.0.0.1)
[2m19:45:29[0m [38;5;33m[1m[prism-service       ][0m   
[2m19:45:29[0m [38;5;33m[1m[prism-service       ][0m   [90mstdout[2m | tests/tokenCostAccuracy.test.ts[2m > [22m[2mToken/Cost Accuracy — Anthropic haiku-4.5[2m > [22m[2mcalculates correct cost WITH FC — heavy cache read (tool definitions)
[2m19:45:29[0m [38;5;33m[1m[prism-service       ][0m   [22m[39m[19:45:28] INFO  [prism] [chat] anthropic claude-haiku-4-5-20251001 — in: 25008 tokens, out: 400 tokens, cache_read: 25000, cache_write: 0, speed: N/A tok/s, ttg: 0.00s, generation: 0.00s, total: 0.00s, cost: $0.004508 [default/anonymous] (127.0.0.1)
[2m19:45:29[0m [38;5;33m[1m[prism-service       ][0m   
[2m19:45:29[0m [38;5;33m[1m[prism-service       ][0m   [90mstdout[2m | tests/textToImage.test.ts[2m > [22m[2mPOST /chat (text-to-image via imageAPI model)[2m > [22m[2mreturns error for provider that does not support image generation
[2m19:45:29[0m [38;5;33m[1m[prism-service       ][0m   [22m[39m[19:45:28] INFO  [prism] [chat] anthropic gpt-image-1.5 — in: 10 tokens, out: 5 tokens, speed: 4844.4 tok/s, ttg: 0.00s, generation: 0.00s, total: 0.00s, cost: $0.000100 [default/anonymous] (127.0.0.1)
[2m19:45:29[0m [38;5;33m[1m[prism-service       ][0m   
[2m19:45:29[0m [38;5;33m[1m[prism-service       ][0m   [90mstdout[2m | tests/textToText.test.ts[2m > [22m[2mPOST /chat (text-to-text)[2m > [22m[2mdefaults options to empty object when omitted
[2m19:45:29[0m [38;5;33m[1m[prism-service       ][0m   [22m[39m[19:45:28] INFO  [prism] [chat] openai gpt-5.4 — in: 10 tokens, out: 5 tokens, speed: 5642.3 tok/s, ttg: 0.00s, generation: 0.00s, total: 0.00s, cost: $0.000100 [default/anonymous] (127.0.0.1)
[2m19:45:29[0m [38;5;33m[1m[prism-service       ][0m   
[2m19:45:29[0m [38;5;33m[1m[prism-service       ][0m   [90mstdout[2m | tests/tokenCostAccuracy.test.ts[2m > [22m[2mToken/Cost Accuracy — Google gemini-3-flash[2m > [22m[2mcalculates correct cost WITHOUT function calling
[2m19:45:29[0m [38;5;33m[1m[prism-service       ][0m   [22m[39m[19:45:28] INFO  [prism] [chat] google gemini-3-flash-preview — in: 500 tokens, out: 200 tokens, speed: N/A tok/s, ttg: 0.00s, generation: 0.00s, total: 0.00s, cost: $0.000850 [default/anonymous] (127.0.0.1)
[2m19:45:29[0m [38;5;33m[1m[prism-service       ][0m   
[2m19:45:29[0m [38;5;33m[1m[prism-service       ][0m   [90mstderr[2m | tests/imageToText.test.ts[2m > [22m[2mPOST /chat (image-to-text / vision)[2m > [22m[2muses default model when model is omitted
[2m19:45:29[0m [38;5;33m[1m[prism-service       ][0m   [22m[39m[19:45:28] WARN  [prism] [chat] Failed to fetch media URL (404): https://example.com/cat.jpg
[2m19:45:29[0m [38;5;33m[1m[prism-service       ][0m   
[2m19:45:29[0m [38;5;33m[1m[prism-service       ][0m   [90mstdout[2m | tests/imageToText.test.ts[2m > [22m[2mPOST /chat (image-to-text / vision)[2m > [22m[2muses default model when model is omitted
[2m19:45:29[0m [38;5;33m[1m[prism-service       ][0m   [22m[39m[19:45:28] INFO  [prism] [chat] google gemini-3-flash-preview — in: 100 tokens, out: 50 tokens, speed: 5211.4 tok/s, ttg: 0.01s, generation: 0.00s, total: 0.01s, cost: $0.000200 [default/anonymous] (127.0.0.1)
[2m19:45:29[0m [38;5;33m[1m[prism-service       ][0m   
[2m19:45:29[0m [38;5;33m[1m[prism-service       ][0m   [90mstdout[2m | tests/textToText.test.ts[2m > [22m[2mPOST /chat (text-to-text)[2m > [22m[2mhandles multiple messages in the array
[2m19:45:29[0m [38;5;33m[1m[prism-service       ][0m   [22m[39m[19:45:28] INFO  [prism] [chat] openai gpt-5.4 — in: 10 tokens, out: 5 tokens, speed: 5755.3 tok/s, ttg: 0.00s, generation: 0.00s, total: 0.00s, cost: $0.000100 [default/anonymous] (127.0.0.1)
[2m19:45:29[0m [38;5;33m[1m[prism-service       ][0m   
[2m19:45:29[0m [38;5;33m[1m[prism-service       ][0m   [90mstdout[2m | tests/tokenCostAccuracy.test.ts[2m > [22m[2mToken/Cost Accuracy — Google gemini-3-flash[2m > [22m[2mcalculates correct cost WITH 10 tools (function calling)
[2m19:45:29[0m [38;5;33m[1m[prism-service       ][0m   [22m[39m[19:45:28] INFO  [prism] [chat] google gemini-3-flash-preview — in: 4000 tokens, out: 120 tokens, speed: N/A tok/s, ttg: 0.00s, generation: 0.00s, total: 0.00s, cost: $0.002360 [default/anonymous] (127.0.0.1)
[2m19:45:29[0m [38;5;33m[1m[prism-service       ][0m   
[2m19:45:29[0m [38;5;33m[1m[prism-service       ][0m   [90mstderr[2m | tests/imageToText.test.ts[2m > [22m[2mPOST /chat (image-to-text / vision)[2m > [22m[2maccepts base64 image data in messages
[2m19:45:29[0m [38;5;33m[1m[prism-service       ][0m   [22m[39m[19:45:28] WARN  [prism] [media] Dimension check failed (Input buffer has corrupt header: VipsJpeg: premature end of JPEG image), passing through
[2m19:45:29[0m [38;5;33m[1m[prism-service       ][0m   
[2m19:45:29[0m [38;5;33m[1m[prism-service       ][0m   [90mstdout[2m | tests/imageToText.test.ts[2m > [22m[2mPOST /chat (image-to-text / vision)[2m > [22m[2maccepts base64 image data in messages
[2m19:45:29[0m [38;5;33m[1m[prism-service       ][0m   [22m[39m[19:45:28] INFO  [prism] [chat] google gemini-3-flash-preview — in: 100 tokens, out: 50 tokens, speed: 8182.9 tok/s, ttg: 0.01s, generation: 0.00s, total: 0.01s, cost: $0.000200 [default/anonymous] (127.0.0.1)
[2m19:45:29[0m [38;5;33m[1m[prism-service       ][0m   
[2m19:45:29[0m [38;5;33m[1m[prism-service       ][0m   [90mstdout[2m | tests/textToText.test.ts[2m > [22m[2mPOST /chat (text-to-text)[2m > [22m[2mworks with anthropic provider
[2m19:45:29[0m [38;5;33m[1m[prism-service       ][0m   [22m[39m[19:45:28] INFO  [prism] [chat] anthropic claude-sonnet-4-5-20250929 — in: 10 tokens, out: 5 tokens, speed: 4257.0 tok/s, ttg: 0.00s, generation: 0.00s, total: 0.00s, cost: $0.000105 [default/anonymous] (127.0.0.1)
[2m19:45:29[0m [38;5;33m[1m[prism-service       ][0m   
[2m19:45:29[0m [38;5;33m[1m[prism-service       ][0m   [90mstdout[2m | tests/tokenCostAccuracy.test.ts[2m > [22m[2mToken/Cost Accuracy — Google gemini-3-flash[2m > [22m[2mhandles large context window (100k+ tokens)
[2m19:45:29[0m [38;5;33m[1m[prism-service       ][0m   [22m[39m[19:45:28] INFO  [prism] [chat] google gemini-3-flash-preview — in: 100000 tokens, out: 8000 tokens, speed: N/A tok/s, ttg: 0.00s, generation: 0.00s, total: 0.00s, cost: $0.074000 [default/anonymous] (127.0.0.1)
[2m19:45:29[0m [38;5;33m[1m[prism-service       ][0m   
[2m19:45:29[0m [38;5;33m[1m[prism-service       ][0m   [90mstdout[2m | tests/textToText.test.ts[2m > [22m[2mPOST /chat (text-to-text)[2m > [22m[2mworks with google provider
[2m19:45:29[0m [38;5;33m[1m[prism-service       ][0m   [22m[39m[19:45:28] INFO  [prism] [chat] google gemini-3-pro-image-preview — in: 10 tokens, out: 5 tokens, speed: 5958.4 tok/s, ttg: 0.00s, generation: 0.00s, total: 0.00s, cost: $0.000080 [default/anonymous] (127.0.0.1)
[2m19:45:29[0m [38;5;33m[1m[prism-service       ][0m   
[2m19:45:29[0m [38;5;33m[1m[prism-service       ][0m   [90mstderr[2m | tests/imageToText.test.ts[2m > [22m[2mPOST /chat (image-to-text / vision)[2m > [22m[2msupports multiple images in a single message
[2m19:45:29[0m [38;5;33m[1m[prism-service       ][0m   [22m[39m[19:45:28] WARN  [prism] [chat] Failed to fetch media URL (404): https://example.com/cat.jpg
[2m19:45:29[0m [38;5;33m[1m[prism-service       ][0m   
[2m19:45:29[0m [38;5;33m[1m[prism-service       ][0m   [90mstdout[2m | tests/textToText.test.ts[2m > [22m[2mPOST /chat (text-to-text)[2m > [22m[2mworks with openai-compatible provider
[2m19:45:29[0m [38;5;33m[1m[prism-service       ][0m   [22m[39m[19:45:28] INFO  [prism] [chat] openai-compatible undefined — in: 10 tokens, out: 5 tokens, speed: 8287.4 tok/s, ttg: 0.00s, generation: 0.00s, total: 0.00s [default/anonymous] (127.0.0.1)
[2m19:45:29[0m [38;5;33m[1m[tools-service       ][0m   
[2m19:45:29[0m [38;5;33m[1m[prism-service       ][0m   
[2m19:45:29[0m [38;5;33m[1m[tools-service       ][0m   > tools-service@0.2.0 test
[2m19:45:29[0m [38;5;33m[1m[prism-service       ][0m   [90mstderr[2m | tests/textToText.test.ts[2m > [22m[2mPOST /chat (text-to-text)[2m > [22m[2mreturns 500 when provider throws an error
[2m19:45:29[0m [38;5;33m[1m[tools-service       ][0m   > vitest run --passWithNoTests
[2m19:45:29[0m [38;5;33m[1m[prism-service       ][0m   [22m[39m[19:45:28] ERR   [prism] server: API down
[2m19:45:29[0m [38;5;33m[1m[tools-service       ][0m   
[2m19:45:29[0m [38;5;33m[1m[prism-service       ][0m   
[2m19:45:29[0m [38;5;33m[1m[prism-service       ][0m   [90mstderr[2m | tests/imageToText.test.ts[2m > [22m[2mPOST /chat (image-to-text / vision)[2m > [22m[2msupports multiple images in a single message
[2m19:45:29[0m [38;5;33m[1m[tools-service       ][0m   
[2m19:45:29[0m [38;5;33m[1m[prism-service       ][0m   [22m[39m[19:45:28] WARN  [prism] [chat] Failed to fetch media URL (404): https://example.com/dog.jpg
[2m19:45:29[0m [38;5;33m[1m[tools-service       ][0m   [1m[30m[46m RUN [49m[39m[22m [36mv4.1.5 [39m[90m/home/rodrigo/development/tools-service[39m
[2m19:45:29[0m [38;5;33m[1m[tools-service       ][0m   
[2m19:45:29[0m [38;5;33m[1m[prism-service       ][0m   
[2m19:45:29[0m [38;5;33m[1m[prism-service       ][0m   [90mstdout[2m | tests/imageToText.test.ts[2m > [22m[2mPOST /chat (image-to-text / vision)[2m > [22m[2msupports multiple images in a single message
[2m19:45:29[0m [38;5;33m[1m[tools-service       ][0m    [32m✓[39m tests/WebExtractionEndpoints.test.ts [2m([22m[2m5 tests[22m[2m)[22m[33m 1176[2mms[22m[39m
[2m19:45:29[0m [38;5;33m[1m[tools-service       ][0m        [33m[2m✓[22m[39m loads tool schemas [33m 1110[2mms[22m[39m
[2m19:45:29[0m [38;5;33m[1m[prism-service       ][0m   [22m[39m[19:45:28] INFO  [prism] [chat] google gemini-3-flash-preview — in: 100 tokens, out: 50 tokens, speed: 800.5 tok/s, ttg: 0.06s, generation: 0.00s, total: 0.06s, cost: $0.000200 [default/anonymous] (127.0.0.1)
[2m19:45:29[0m [38;5;33m[1m[tools-service       ][0m   [90mstdout[2m | tests/ToolTaxonomy.test.ts[2m > [22m[2mTool Taxonomy — domain coverage[2m > [22m[2mTOOL_DOMAINS has no orphan entries without a matching schema (diagnostic)
[2m19:45:29[0m [38;5;33m[1m[prism-service       ][0m   
[2m19:45:29[0m [38;5;33m[1m[prism-service       ][0m   [90mstdout[2m | tests/tokenCostAccuracy.test.ts[2m > [22m[2mCross-provider cost consistency[2m > [22m[2mall providers return estimatedCost as a number (not null) for known models
[2m19:45:29[0m [38;5;33m[1m[tools-service       ][0m   [22m[39m  ⚠  14 TOOL_DOMAINS entries without schemas (likely API-gated): get_weather_history, get_weather_marine, get_weather_astronomy, get_weather_alerts, get_live_scores, get_upcoming_matches, get_recent_results, get_league_standings, get_match_details, get_head_to_head, search_teams, search_players, get_team_squad, get_league_top_scorers
[2m19:45:29[0m [38;5;33m[1m[tools-service       ][0m   
[2m19:45:29[0m [38;5;33m[1m[prism-service       ][0m   [22m[39m[19:45:28] INFO  [prism] [chat] openai gpt-5-nano — in: 100 tokens, out: 50 tokens, speed: N/A tok/s, ttg: 0.00s, generation: 0.00s, total: 0.00s, cost: $0.000025 [default/anonymous] (127.0.0.1)
[2m19:45:29[0m [38;5;33m[1m[tools-service       ][0m   [90mstdout[2m | tests/ToolTaxonomy.test.ts[2m > [22m[2mTool Taxonomy — label coverage[2m > [22m[2mTOOL_LABELS has no orphan entries without a matching schema (diagnostic)
[2m19:45:29[0m [38;5;33m[1m[prism-service       ][0m   
[2m19:45:29[0m [38;5;33m[1m[prism-service       ][0m   [90mstderr[2m | tests/textToText.test.ts[2m > [22m[2mPOST /chat (text-to-text)[2m > [22m[2mreturns error for unsupported provider that does not support text generation
[2m19:45:29[0m [38;5;33m[1m[prism-service       ][0m   [22m[39m[19:45:28] ERR   [prism] server: Provider "elevenlabs" does not support text generation
[2m19:45:29[0m [38;5;33m[1m[prism-service       ][0m   
[2m19:45:29[0m [38;5;33m[1m[prism-service       ][0m   [90mstderr[2m | tests/textToText.test.ts[2m > [22m[2mPOST /chat (text-to-text)[2m > [22m[2mreturns error for unknown provider
[2m19:45:29[0m [38;5;33m[1m[prism-service       ][0m   [22m[39m[19:45:28] ERR   [prism] server: Unknown provider "nonexistent". Available: openai, anthropic, google, elevenlabs, inworld, openai-compatible, lm-studio, ollama, llama-cpp, vllm
[2m19:45:29[0m [38;5;33m[1m[prism-service       ][0m   
[2m19:45:29[0m [38;5;33m[1m[tools-service       ][0m   [22m[39m  ⚠  14 TOOL_LABELS entries without schemas (likely API-gated): get_weather_history, get_weather_marine, get_weather_astronomy, get_weather_alerts, get_live_scores, get_upcoming_matches, get_recent_results, get_league_standings, get_match_details, get_head_to_head, search_teams, search_players, get_team_squad, get_league_top_scorers
[2m19:45:29[0m [38;5;33m[1m[prism-service       ][0m    [32m✓[39m tests/textToText.test.ts [2m([22m[2m15 tests[22m[2m)[22m[33m 797[2mms[22m[39m
[2m19:45:29[0m [38;5;33m[1m[tools-service       ][0m   
[2m19:45:29[0m [38;5;33m[1m[prism-service       ][0m   [90mstderr[2m | tests/imageToText.test.ts[2m > [22m[2mPOST /chat (image-to-text / vision)[2m > [22m[2mworks with openai provider
[2m19:45:29[0m [38;5;33m[1m[tools-service       ][0m    [32m✓[39m tests/FieldProjectionMiddleware.test.ts [2m([22m[2m26 tests[22m[2m)[22m[33m 702[2mms[22m[39m
[2m19:45:29[0m [38;5;33m[1m[prism-service       ][0m   [22m[39m[19:45:28] WARN  [prism] [chat] Failed to fetch media URL (404): https://example.com/cat.jpg
[2m19:45:29[0m [38;5;33m[1m[tools-service       ][0m   [90mstdout[2m | tests/ToolTaxonomy.test.ts[2m > [22m[2mToolTaxonomyConstants — registry alignment[2m > [22m[2mevery LABELS constant appears in at least one TOOL_LABELS entry
[2m19:45:29[0m [38;5;33m[1m[tools-service       ][0m   [22m[39m  ⚠  1 LABELS constants not used in any TOOL_LABELS entry: LABELS.ORCHESTRATION = "orchestration"
[2m19:45:29[0m [38;5;33m[1m[prism-service       ][0m   
[2m19:45:29[0m [38;5;33m[1m[tools-service       ][0m   
[2m19:45:29[0m [38;5;33m[1m[prism-service       ][0m   [90mstdout[2m | tests/imageToText.test.ts[2m > [22m[2mPOST /chat (image-to-text / vision)[2m > [22m[2mworks with openai provider
[2m19:45:29[0m [38;5;33m[1m[prism-service       ][0m   [22m[39m[19:45:28] INFO  [prism] [chat] openai gpt-5.4 — in: 100 tokens, out: 50 tokens, speed: 2922.0 tok/s, ttg: 0.02s, generation: 0.00s, total: 0.02s, cost: $0.001000 [default/anonymous] (127.0.0.1)
[2m19:45:29[0m [38;5;33m[1m[prism-service       ][0m   
[2m19:45:29[0m [38;5;33m[1m[prism-service       ][0m   [90mstdout[2m | tests/tokenCostAccuracy.test.ts[2m > [22m[2mCross-provider cost consistency[2m > [22m[2mall providers return estimatedCost as a number (not null) for known models
[2m19:45:29[0m [38;5;33m[1m[tools-service       ][0m   [90mstdout[2m | tests/ToolTaxonomy.test.ts[2m > [22m[2mToolTaxonomyConstants — registry alignment[2m > [22m[2mevery DOMAINS constant appears in at least one TOOL_DOMAINS entry
[2m19:45:29[0m [38;5;33m[1m[prism-service       ][0m   [22m[39m[19:45:28] INFO  [prism] [chat] anthropic claude-haiku-4-5-20251001 — in: 100 tokens, out: 50 tokens, speed: N/A tok/s, ttg: 0.00s, generation: 0.00s, total: 0.00s, cost: $0.000350 [default/anonymous] (127.0.0.1)
[2m19:45:29[0m [38;5;33m[1m[tools-service       ][0m   [22m[39m  ⚠  3 DOMAINS constants not used in any TOOL_DOMAINS entry: DOMAINS.COORDINATOR = "Coordinator", DOMAINS.AGENTIC_SKILLS = "Agentic: Skills", DOMAINS.AGENTIC_GIT_ISOLATION = "Agentic: Git Isolation"
[2m19:45:29[0m [38;5;33m[1m[prism-service       ][0m   
[2m19:45:29[0m [38;5;33m[1m[tools-service       ][0m   
[2m19:45:29[0m [38;5;33m[1m[prism-service       ][0m   [90mstderr[2m | tests/imageToText.test.ts[2m > [22m[2mPOST /chat (image-to-text / vision)[2m > [22m[2mreturns error for provider that does not support text generation
[2m19:45:29[0m [38;5;33m[1m[tools-service       ][0m    [32m✓[39m tests/ToolTaxonomy.test.ts [2m([22m[2m19 tests[22m[2m)[22m[32m 175[2mms[22m[39m
[2m19:45:29[0m [38;5;33m[1m[tools-service       ][0m    [32m✓[39m tests/EnergyEndpoints.test.ts [2m([22m[2m3 tests[22m[2m)[22m[32m 123[2mms[22m[39m
[2m19:45:29[0m [38;5;33m[1m[prism-service       ][0m   [22m[39m[19:45:28] WARN  [prism] [chat] Failed to fetch media URL (404): https://example.com/cat.jpg
[2m19:45:29[0m [38;5;33m[1m[tools-service       ][0m    [32m✓[39m tests/GamingEndpoints.test.ts [2m([22m[2m5 tests[22m[2m)[22m[32m 268[2mms[22m[39m
[2m19:45:29[0m [38;5;33m[1m[prism-service       ][0m   
[2m19:45:29[0m [38;5;33m[1m[tools-service       ][0m    [32m✓[39m tests/MaritimeEndpoints.test.ts [2m([22m[2m4 tests[22m[2m)[22m[32m 267[2mms[22m[39m
[2m19:45:29[0m [38;5;33m[1m[prism-service       ][0m   [90mstderr[2m | tests/imageToText.test.ts[2m > [22m[2mPOST /chat (image-to-text / vision)[2m > [22m[2mreturns error for provider that does not support text generation
[2m19:45:29[0m [38;5;33m[1m[tools-service       ][0m    [32m✓[39m tests/FinanceEndpoints.test.ts [2m([22m[2m7 tests[22m[2m)[22m[32m 277[2mms[22m[39m
[2m19:45:29[0m [38;5;33m[1m[prism-service       ][0m   [22m[39m[19:45:28] ERR   [prism] server: Provider "elevenlabs" does not support text generation
[2m19:45:29[0m [38;5;33m[1m[prism-service       ][0m   
[2m19:45:29[0m [38;5;33m[1m[prism-service       ][0m   [90mstdout[2m | tests/tokenCostAccuracy.test.ts[2m > [22m[2mCross-provider cost consistency[2m > [22m[2mall providers return estimatedCost as a number (not null) for known models
[2m19:45:29[0m [38;5;33m[1m[tools-service       ][0m    [32m✓[39m tests/TransitAndHealthEndpoints.test.ts [2m([22m[2m2 tests[22m[2m)[22m[33m 613[2mms[22m[39m
[2m19:45:29[0m [38;5;33m[1m[prism-service       ][0m   [22m[39m[19:45:28] INFO  [prism] [chat] google gemini-3-flash-preview — in: 100 tokens, out: 50 tokens, speed: N/A tok/s, ttg: 0.00s, generation: 0.00s, total: 0.00s, cost: $0.000200 [default/anonymous] (127.0.0.1)
[2m19:45:29[0m [38;5;33m[1m[prism-service       ][0m   
[2m19:45:29[0m [38;5;33m[1m[prism-service       ][0m   [90mstderr[2m | tests/imageToText.test.ts[2m > [22m[2mPOST /chat (image-to-text / vision)[2m > [22m[2mreturns 500 when provider throws
[2m19:45:29[0m [38;5;33m[1m[prism-service       ][0m   [22m[39m[19:45:28] WARN  [prism] [chat] Failed to fetch media URL (404): https://example.com/cat.jpg
[2m19:45:29[0m [38;5;33m[1m[tools-service       ][0m        [33m[2m✓[22m[39m returns 400 for invalid (non-numeric) stop number [33m 565[2mms[22m[39m
[2m19:45:29[0m [38;5;33m[1m[prism-service       ][0m   
[2m19:45:29[0m [38;5;33m[1m[tools-service       ][0m   [90mstderr[2m | tests/CustomToolExecution.test.ts[2m > [22m[2mPOST /agentic/custom-tool/execute — route integration
[2m19:45:29[0m [38;5;33m[1m[prism-service       ][0m   [90mstderr[2m | tests/imageToText.test.ts[2m > [22m[2mPOST /chat (image-to-text / vision)[2m > [22m[2mreturns 500 when provider throws
[2m19:45:29[0m [38;5;33m[1m[tools-service       ][0m   [22m[39m[19:45:29] WARN  [tools] [AgenticFileService] WORKSPACE_ROOTS is empty — no static workspace roots configured. Users must add workspaces via the Settings UI.
[2m19:45:29[0m [38;5;33m[1m[prism-service       ][0m   [22m[39m[19:45:28] ERR   [prism] server: Vision failed
[2m19:45:29[0m [38;5;33m[1m[tools-service       ][0m   
[2m19:45:29[0m [38;5;33m[1m[tools-service       ][0m    [32m✓[39m tests/LightsEndpoints.test.ts [2m([22m[2m5 tests[22m[2m)[22m[33m 629[2mms[22m[39m
[2m19:45:29[0m [38;5;33m[1m[prism-service       ][0m   
[2m19:45:29[0m [38;5;33m[1m[tools-service       ][0m        [33m[2m✓[22m[39m returns 400 when states array is missing or empty [33m 394[2mms[22m[39m
[2m19:45:29[0m [38;5;33m[1m[prism-service       ][0m    [32m✓[39m tests/imageToText.test.ts [2m([22m[2m11 tests[22m[2m)[22m[33m 892[2mms[22m[39m
[2m19:45:29[0m [38;5;33m[1m[tools-service       ][0m    [32m✓[39m tests/DiscordEndpoints.test.ts [2m([22m[2m2 tests[22m[2m)[22m[32m 125[2mms[22m[39m
[2m19:45:29[0m [38;5;33m[1m[prism-service       ][0m   [90mstdout[2m | tests/tokenCostAccuracy.test.ts[2m > [22m[2mCross-provider cost consistency[2m > [22m[2mcost increases proportionally with token count
[2m19:45:29[0m [38;5;33m[1m[tools-service       ][0m   [90mstderr[2m | tests/AdminEndpoints.test.ts
[2m19:45:29[0m [38;5;33m[1m[prism-service       ][0m   [22m[39m[19:45:28] INFO  [prism] [chat] openai gpt-5-nano — in: 100 tokens, out: 50 tokens, speed: N/A tok/s, ttg: 0.00s, generation: 0.00s, total: 0.00s, cost: $0.000025 [default/anonymous] (127.0.0.1)
[2m19:45:29[0m [38;5;33m[1m[prism-service       ][0m   
[2m19:45:29[0m [38;5;33m[1m[prism-service       ][0m   [90mstderr[2m | tests/textToImage.test.ts[2m > [22m[2mPOST /chat (text-to-image via imageAPI model)[2m > [22m[2mreturns 500 when provider throws
[2m19:45:29[0m [38;5;33m[1m[prism-service       ][0m   [22m[39m[19:45:28] ERR   [prism] server: Generation failed
[2m19:45:29[0m [38;5;33m[1m[tools-service       ][0m   [22m[39m[19:45:29] WARN  [tools] [AgenticFileService] WORKSPACE_ROOTS is empty — no static workspace roots configured. Users must add workspaces via the Settings UI.
[2m19:45:29[0m [38;5;33m[1m[prism-service       ][0m   
[2m19:45:29[0m [38;5;33m[1m[tools-service       ][0m   
[2m19:45:29[0m [38;5;33m[1m[tools-service       ][0m   [90mstdout[2m | tests/NutritionFetcher.test.ts[2m > [22m[2msearchFoods[2m > [22m[2mreturns results for a common food term
[2m19:45:29[0m [38;5;33m[1m[prism-service       ][0m    [32m✓[39m tests/textToImage.test.ts [2m([22m[2m10 tests[22m[2m)[22m[33m 910[2mms[22m[39m
[2m19:45:29[0m [38;5;33m[1m[prism-service       ][0m        [33m[2m✓[22m[39m returns 500 when provider throws [33m 326[2mms[22m[39m
[2m19:45:29[0m [38;5;33m[1m[prism-service       ][0m   [90mstdout[2m | tests/tokenCostAccuracy.test.ts[2m > [22m[2mCross-provider cost consistency[2m > [22m[2mcost increases proportionally with token count
[2m19:45:29[0m [38;5;33m[1m[prism-service       ][0m   [22m[39m[19:45:28] INFO  [prism] [chat] openai gpt-5-nano — in: 1000 tokens, out: 500 tokens, speed: N/A tok/s, ttg: 0.00s, generation: 0.00s, total: 0.00s, cost: $0.000250 [default/anonymous] (127.0.0.1)
[2m19:45:29[0m [38;5;33m[1m[prism-service       ][0m   
[2m19:45:29[0m [38;5;33m[1m[prism-service       ][0m   [90mstdout[2m | tests/tokenCostAccuracy.test.ts[2m > [22m[2mCross-provider cost consistency[2m > [22m[2mcost increases proportionally with token count
[2m19:45:29[0m [38;5;33m[1m[prism-service       ][0m   [22m[39m[19:45:28] INFO  [prism] [chat] openai gpt-5-nano — in: 10000 tokens, out: 5000 tokens, speed: N/A tok/s, ttg: 0.00s, generation: 0.00s, total: 0.00s, cost: $0.002500 [default/anonymous] (127.0.0.1)
[2m19:45:29[0m [38;5;33m[1m[prism-service       ][0m   
[2m19:45:29[0m [38;5;33m[1m[prism-service       ][0m   [90mstdout[2m | tests/textToSpeech.test.ts[2m > [22m[2mPOST /text-to-audio[2m > [22m[2mreturns binary audio with correct Content-Type (minimal params)
[2m19:45:30[0m [38;5;33m[1m[prism-service       ][0m   [22m[39m[19:45:28] INFO  [prism] [audio] openai model=default — total: 0.00s [default/anonymous] (127.0.0.1)
[2m19:45:30[0m [38;5;33m[1m[prism-service       ][0m   
[2m19:45:30[0m [38;5;33m[1m[prism-service       ][0m   [90mstdout[2m | tests/tokenCostAccuracy.test.ts[2m > [22m[2mCross-provider cost consistency[2m > [22m[2mtools in request do not inflate cost when usage tokens are the same
[2m19:45:30[0m [38;5;33m[1m[prism-service       ][0m   [22m[39m[19:45:28] INFO  [prism] [chat] google gemini-3-flash-preview — in: 500 tokens, out: 200 tokens, speed: N/A tok/s, ttg: 0.00s, generation: 0.00s, total: 0.00s, cost: $0.000850 [default/anonymous] (127.0.0.1)
[2m19:45:30[0m [38;5;33m[1m[prism-service       ][0m   
[2m19:45:30[0m [38;5;33m[1m[prism-service       ][0m    [32m✓[39m tests/health.test.ts [2m([22m[2m4 tests[22m[2m)[22m[33m 994[2mms[22m[39m
[2m19:45:30[0m [38;5;33m[1m[prism-service       ][0m        [33m[2m✓[22m[39m includes all expected WebSocket endpoints [33m 757[2mms[22m[39m
[2m19:45:30[0m [38;5;33m[1m[prism-service       ][0m   [90mstdout[2m | tests/modalityToEmbedding.test.ts[2m > [22m[2mPOST /modality-to-embedding[2m > [22m[2mreturns 200 with text-only input
[2m19:45:30[0m [38;5;33m[1m[prism-service       ][0m   [22m[39m[19:45:28] INFO  [prism] [embed] google model=gemini-embedding-2-preview source=api — dims: 3, total: 0.00s, cost: $0.000001 [default/anonymous] (127.0.0.1)
[2m19:45:30[0m [38;5;33m[1m[prism-service       ][0m   
[2m19:45:30[0m [38;5;33m[1m[prism-service       ][0m   [90mstdout[2m | tests/tokenCostAccuracy.test.ts[2m > [22m[2mCross-provider cost consistency[2m > [22m[2mtools in request do not inflate cost when usage tokens are the same
[2m19:45:30[0m [38;5;33m[1m[prism-service       ][0m   [22m[39m[19:45:28] INFO  [prism] [chat] google gemini-3-flash-preview — in: 500 tokens, out: 200 tokens, speed: N/A tok/s, ttg: 0.00s, generation: 0.00s, total: 0.00s, cost: $0.000850 [default/anonymous] (127.0.0.1)
[2m19:45:30[0m [38;5;33m[1m[prism-service       ][0m   
[2m19:45:30[0m [38;5;33m[1m[prism-service       ][0m   [90mstdout[2m | tests/textToSpeech.test.ts[2m > [22m[2mPOST /text-to-audio[2m > [22m[2mpasses voice parameter to the provider
[2m19:45:30[0m [38;5;33m[1m[prism-service       ][0m   [22m[39m[19:45:28] INFO  [prism] [audio] openai model=default — total: 0.00s [default/anonymous] (127.0.0.1)
[2m19:45:30[0m [38;5;33m[1m[prism-service       ][0m   
[2m19:45:30[0m [38;5;33m[1m[prism-service       ][0m   [90mstdout[2m | tests/modalityToEmbedding.test.ts[2m > [22m[2mPOST /modality-to-embedding[2m > [22m[2mreturns 200 with image input
[2m19:45:30[0m [38;5;33m[1m[prism-service       ][0m   [22m[39m[19:45:28] INFO  [prism] [embed] google model=gemini-embedding-2-preview source=api — dims: 3, total: 0.00s, cost: $0.000020 [default/anonymous] (127.0.0.1)
[2m19:45:30[0m [38;5;33m[1m[prism-service       ][0m   
[2m19:45:30[0m [38;5;33m[1m[prism-service       ][0m   [90mstdout[2m | tests/textToSpeech.test.ts[2m > [22m[2mPOST /text-to-audio[2m > [22m[2mpasses undefined voice when omitted
[2m19:45:30[0m [38;5;33m[1m[prism-service       ][0m   [22m[39m[19:45:28] INFO  [prism] [audio] openai model=default — total: 0.00s [default/anonymous] (127.0.0.1)
[2m19:45:30[0m [38;5;33m[1m[prism-service       ][0m   
[2m19:45:30[0m [38;5;33m[1m[prism-service       ][0m   [90mstdout[2m | tests/modalityToEmbedding.test.ts[2m > [22m[2mPOST /modality-to-embedding[2m > [22m[2mreturns 200 with text + image multimodal input
[2m19:45:30[0m [38;5;33m[1m[prism-service       ][0m   [22m[39m[19:45:28] INFO  [prism] [embed] google model=gemini-embedding-2-preview source=api — dims: 3, total: 0.00s, cost: $0.000020 [default/anonymous] (127.0.0.1)
[2m19:45:30[0m [38;5;33m[1m[prism-service       ][0m   
[2m19:45:30[0m [38;5;33m[1m[prism-service       ][0m   [90mstdout[2m | tests/modalityToEmbedding.test.ts[2m > [22m[2mPOST /modality-to-embedding[2m > [22m[2mpasses taskType and dimensions via options
[2m19:45:30[0m [38;5;33m[1m[prism-service       ][0m   [22m[39m[19:45:28] INFO  [prism] [embed] google model=gemini-embedding-2-preview source=api — dims: 3, total: 0.00s, cost: $0.000000 [default/anonymous] (127.0.0.1)
[2m19:45:30[0m [38;5;33m[1m[prism-service       ][0m   
[2m19:45:30[0m [38;5;33m[1m[prism-service       ][0m   [90mstdout[2m | tests/textToSpeech.test.ts[2m > [22m[2mPOST /text-to-audio[2m > [22m[2mmerges instructions into the options object
[2m19:45:30[0m [38;5;33m[1m[prism-service       ][0m   [22m[39m[19:45:28] INFO  [prism] [audio] openai model=default — total: 0.00s [default/anonymous] (127.0.0.1)
[2m19:45:30[0m [38;5;33m[1m[prism-service       ][0m   
[2m19:45:30[0m [38;5;33m[1m[prism-service       ][0m   [90mstdout[2m | tests/modalityToEmbedding.test.ts[2m > [22m[2mPOST /modality-to-embedding[2m > [22m[2mpasses model to the provider when provided
[2m19:45:30[0m [38;5;33m[1m[prism-service       ][0m   [22m[39m[19:45:28] INFO  [prism] [embed] google model=gemini-embedding-001 source=api — dims: 3, total: 0.00s, cost: $0.000000 [default/anonymous] (127.0.0.1)
[2m19:45:30[0m [38;5;33m[1m[prism-service       ][0m   
[2m19:45:30[0m [38;5;33m[1m[prism-service       ][0m   [90mstdout[2m | tests/textToSpeech.test.ts[2m > [22m[2mPOST /text-to-audio[2m > [22m[2mmerges model into the options object
[2m19:45:30[0m [38;5;33m[1m[prism-service       ][0m   [22m[39m[19:45:28] INFO  [prism] [audio] openai model=gpt-4o-mini-tts — total: 0.00s [default/anonymous] (127.0.0.1)
[2m19:45:30[0m [38;5;33m[1m[prism-service       ][0m   
[2m19:45:30[0m [38;5;33m[1m[prism-service       ][0m   [90mstdout[2m | tests/modalityToEmbedding.test.ts[2m > [22m[2mPOST /modality-to-embedding[2m > [22m[2mreturns 400 for provider that does not support embeddings
[2m19:45:30[0m [38;5;33m[1m[prism-service       ][0m   [22m[39m[19:45:28] INFO  [prism] [embed] elevenlabs model=gemini-embedding-2-preview source=api — FAILED: Provider "elevenlabs" does not support embeddings, cost: $0.000000 [default/anonymous] (127.0.0.1)
[2m19:45:30[0m [38;5;33m[1m[prism-service       ][0m   
[2m19:45:30[0m [38;5;33m[1m[prism-service       ][0m   [90mstderr[2m | tests/modalityToEmbedding.test.ts[2m > [22m[2mPOST /modality-to-embedding[2m > [22m[2mreturns 400 for provider that does not support embeddings
[2m19:45:30[0m [38;5;33m[1m[prism-service       ][0m   [22m[39m[19:45:28] ERR   [prism] elevenlabs: Provider "elevenlabs" does not support embeddings
[2m19:45:30[0m [38;5;33m[1m[prism-service       ][0m   
[2m19:45:30[0m [38;5;33m[1m[prism-service       ][0m   [90mstdout[2m | tests/textToSpeech.test.ts[2m > [22m[2mPOST /text-to-audio[2m > [22m[2mspreads extra options into final options
[2m19:45:30[0m [38;5;33m[1m[prism-service       ][0m   [22m[39m[19:45:28] INFO  [prism] [audio] openai model=default — total: 0.00s [default/anonymous] (127.0.0.1)
[2m19:45:30[0m [38;5;33m[1m[prism-service       ][0m   
[2m19:45:30[0m [38;5;33m[1m[prism-service       ][0m   [90mstdout[2m | tests/textToSpeech.test.ts[2m > [22m[2mPOST /text-to-audio[2m > [22m[2mcombines instructions, model, and extra options
[2m19:45:30[0m [38;5;33m[1m[prism-service       ][0m   [22m[39m[19:45:28] INFO  [prism] [audio] openai model=gpt-4o-mini-tts — total: 0.00s [default/anonymous] (127.0.0.1)
[2m19:45:30[0m [38;5;33m[1m[prism-service       ][0m   
[2m19:45:30[0m [38;5;33m[1m[prism-service       ][0m   [90mstdout[2m | tests/textToSpeech.test.ts[2m > [22m[2mPOST /text-to-audio[2m > [22m[2mworks with elevenlabs provider
[2m19:45:30[0m [38;5;33m[1m[prism-service       ][0m   [22m[39m[19:45:28] INFO  [prism] [audio] elevenlabs model=default — total: 0.00s [default/anonymous] (127.0.0.1)
[2m19:45:30[0m [38;5;33m[1m[prism-service       ][0m   
[2m19:45:30[0m [38;5;33m[1m[prism-service       ][0m   [90mstdout[2m | tests/textToSpeech.test.ts[2m > [22m[2mPOST /text-to-audio[2m > [22m[2mworks with google provider
[2m19:45:30[0m [38;5;33m[1m[prism-service       ][0m   [22m[39m[19:45:28] INFO  [prism] [audio] google model=default — total: 0.00s [default/anonymous] (127.0.0.1)
[2m19:45:30[0m [38;5;33m[1m[prism-service       ][0m   
[2m19:45:30[0m [38;5;33m[1m[prism-service       ][0m   [90mstdout[2m | tests/textToSpeech.test.ts[2m > [22m[2mPOST /text-to-audio[2m > [22m[2mworks with inworld provider
[2m19:45:30[0m [38;5;33m[1m[prism-service       ][0m   [22m[39m[19:45:29] INFO  [prism] [audio] inworld model=default — total: 0.00s [default/anonymous] (127.0.0.1)
[2m19:45:30[0m [38;5;33m[1m[prism-service       ][0m   
[2m19:45:30[0m [38;5;33m[1m[prism-service       ][0m   [90mstderr[2m | tests/textToSpeech.test.ts[2m > [22m[2mPOST /text-to-audio[2m > [22m[2mreturns 400 for provider that does not support TTS
[2m19:45:30[0m [38;5;33m[1m[prism-service       ][0m   [22m[39m[19:45:29] ERR   [prism] anthropic: Provider "anthropic" does not support text-to-speech
[2m19:45:30[0m [38;5;33m[1m[prism-service       ][0m   
[2m19:45:30[0m [38;5;33m[1m[prism-service       ][0m   [90mstdout[2m | tests/textToSpeech.test.ts[2m > [22m[2mPOST /text-to-audio[2m > [22m[2mreturns audio content-type from the response
[2m19:45:30[0m [38;5;33m[1m[prism-service       ][0m   [22m[39m[19:45:29] INFO  [prism] [audio] openai model=default — total: 0.00s [default/anonymous] (127.0.0.1)
[2m19:45:30[0m [38;5;33m[1m[prism-service       ][0m   
[2m19:45:30[0m [38;5;33m[1m[prism-service       ][0m    [32m✓[39m tests/textToSpeech.test.ts [2m([22m[2m14 tests[22m[2m)[22m[33m 1389[2mms[22m[39m
[2m19:45:30[0m [38;5;33m[1m[prism-service       ][0m        [33m[2m✓[22m[39m returns binary audio with correct Content-Type (minimal params) [33m 833[2mms[22m[39m
[2m19:45:30[0m [38;5;33m[1m[prism-service       ][0m   [90mstdout[2m | tests/modalityToEmbedding.test.ts[2m > [22m[2mPOST /modality-to-embedding[2m > [22m[2mreturns 500 when provider throws
[2m19:45:30[0m [38;5;33m[1m[prism-service       ][0m   [22m[39m[19:45:29] INFO  [prism] [embed] google model=gemini-embedding-2-preview source=api — FAILED: Embedding service down, cost: $0.000000 [default/anonymous] (127.0.0.1)
[2m19:45:30[0m [38;5;33m[1m[prism-service       ][0m   
[2m19:45:30[0m [38;5;33m[1m[prism-service       ][0m   [90mstderr[2m | tests/modalityToEmbedding.test.ts[2m > [22m[2mPOST /modality-to-embedding[2m > [22m[2mreturns 500 when provider throws
[2m19:45:30[0m [38;5;33m[1m[prism-service       ][0m   [22m[39m[19:45:29] ERR   [prism] Server: Embedding service down
[2m19:45:30[0m [38;5;33m[1m[prism-service       ][0m   
[2m19:45:30[0m [38;5;33m[1m[prism-service       ][0m   [90mstdout[2m | tests/modalityToEmbedding.test.ts[2m > [22m[2mPOST /modality-to-embedding[2m > [22m[2mreturns error for unknown provider
[2m19:45:30[0m [38;5;33m[1m[prism-service       ][0m   [22m[39m[19:45:29] INFO  [prism] [embed] nonexistent model=gemini-embedding-2-preview source=api — FAILED: Unknown provider "nonexistent". Available: openai, anthropic, google, elevenlabs, inworld, openai-compatible, lm-studio, ollama, llama-cpp, vllm, cost: $0.000000 [default/anonymous] (127.0.0.1)
[2m19:45:30[0m [38;5;33m[1m[prism-service       ][0m   
[2m19:45:30[0m [38;5;33m[1m[prism-service       ][0m   [90mstderr[2m | tests/modalityToEmbedding.test.ts[2m > [22m[2mPOST /modality-to-embedding[2m > [22m[2mreturns error for unknown provider
[2m19:45:30[0m [38;5;33m[1m[prism-service       ][0m   [22m[39m[19:45:29] ERR   [prism] Server: Unknown provider "nonexistent". Available: openai, anthropic, google, elevenlabs, inworld, openai-compatible, lm-studio, ollama, llama-cpp, vllm
[2m19:45:30[0m [38;5;33m[1m[prism-service       ][0m   
[2m19:45:30[0m [38;5;33m[1m[prism-service       ][0m    [32m✓[39m tests/configUtils.test.ts [2m([22m[2m20 tests[22m[2m)[22m[33m 1467[2mms[22m[39m
[2m19:45:30[0m [38;5;33m[1m[prism-service       ][0m    [32m✓[39m tests/modalityToEmbedding.test.ts [2m([22m[2m10 tests[22m[2m)[22m[33m 1495[2mms[22m[39m
[2m19:45:30[0m [38;5;33m[1m[prism-service       ][0m        [33m[2m✓[22m[39m returns 200 with text-only input [33m 844[2mms[22m[39m
[2m19:45:30[0m [38;5;33m[1m[prism-service       ][0m   [90mstdout[2m | tests/tokenCostAccuracy.test.ts[2m > [22m[2mToken/Cost edge cases[2m > [22m[2mzero output tokens still computes input cost
[2m19:45:30[0m [38;5;33m[1m[prism-service       ][0m   [22m[39m[19:45:29] INFO  [prism] [chat] anthropic claude-haiku-4-5-20251001 — in: 1000 tokens, out: 0 tokens, speed: N/A tok/s, ttg: 0.00s, generation: 0.00s, total: 0.00s, cost: $0.001000 [default/anonymous] (127.0.0.1)
[2m19:45:30[0m [38;5;33m[1m[prism-service       ][0m   
[2m19:45:30[0m [38;5;33m[1m[prism-service       ][0m   [90mstdout[2m | tests/tokenCostAccuracy.test.ts[2m > [22m[2mToken/Cost edge cases[2m > [22m[2mvery large token counts compute correctly
[2m19:45:30[0m [38;5;33m[1m[prism-service       ][0m   [22m[39m[19:45:29] INFO  [prism] [chat] openai gpt-5-nano — in: 1000000 tokens, out: 100000 tokens, speed: N/A tok/s, ttg: 0.00s, generation: 0.00s, total: 0.00s, cost: $0.090000 [default/anonymous] (127.0.0.1)
[2m19:45:30[0m [38;5;33m[1m[prism-service       ][0m   
[2m19:45:30[0m [38;5;33m[1m[prism-service       ][0m   [90mstdout[2m | tests/tokenCostAccuracy.test.ts[2m > [22m[2mToken/Cost edge cases[2m > [22m[2mAnthropic cache fields propagate through to usage in response
[2m19:45:30[0m [38;5;33m[1m[prism-service       ][0m   [22m[39m[19:45:29] INFO  [prism] [chat] anthropic claude-haiku-4-5-20251001 — in: 10510 tokens, out: 50 tokens, cache_read: 10000, cache_write: 500, speed: N/A tok/s, ttg: 0.00s, generation: 0.00s, total: 0.00s, cost: $0.001885 [default/anonymous] (127.0.0.1)
[2m19:45:30[0m [38;5;33m[1m[prism-service       ][0m   
[2m19:45:30[0m [38;5;33m[1m[prism-service       ][0m    [32m✓[39m tests/tokenCostAccuracy.test.ts [2m([22m[2m17 tests[22m[2m)[22m[33m 1590[2mms[22m[39m
[2m19:45:30[0m [38;5;33m[1m[prism-service       ][0m        [33m[2m✓[22m[39m zero output tokens still computes input cost [33m 479[2mms[22m[39m
[2m19:45:30[0m [38;5;33m[1m[prism-service       ][0m    [32m✓[39m tests/config.test.ts [2m([22m[2m7 tests[22m[2m)[22m[33m 1815[2mms[22m[39m
[2m19:45:30[0m [38;5;33m[1m[prism-service       ][0m        [33m[2m✓[22m[39m textToSpeech has models, defaults, voices, and defaultVoices [33m 1507[2mms[22m[39m
[2m19:45:30[0m [38;5;34m[1m[clock-crew-client   ][0m   
[2m19:45:30[0m [38;5;34m[1m[clock-crew-client   ][0m   > clock-crew-client@0.1.0 test
[2m19:45:30[0m [38;5;34m[1m[clock-crew-client   ][0m   > vitest run --passWithNoTests
[2m19:45:30[0m [38;5;34m[1m[clock-crew-client   ][0m   
[2m19:45:30[0m [38;5;34m[1m[clock-crew-client   ][0m   
[2m19:45:30[0m [38;5;34m[1m[clock-crew-client   ][0m   [1m[30m[46m RUN [49m[39m[22m [36mv4.1.5 [39m[90m/home/rodrigo/development/clock-crew-client[39m
[2m19:45:30[0m [38;5;33m[1m[prism-service       ][0m   
[2m19:45:30[0m [38;5;34m[1m[clock-crew-client   ][0m   
[2m19:45:30[0m [38;5;33m[1m[prism-service       ][0m   [2m Test Files [22m [1m[32m24 passed[39m[22m[90m (24)[39m
[2m19:45:30[0m [38;5;34m[1m[clock-crew-client   ][0m    [32m✓[39m tests/page.test.tsx [2m([22m[2m2 tests[22m[2m)[22m[32m 50[2mms[22m[39m
[2m19:45:30[0m [38;5;33m[1m[prism-service       ][0m   [2m      Tests [22m [1m[32m432 passed[39m[22m[90m (432)[39m
[2m19:45:30[0m [38;5;34m[1m[clock-crew-client   ][0m    [32m✓[39m src/app/HomePage.test.tsx [2m([22m[2m1 test[22m[2m)[22m[32m 135[2mms[22m[39m
[2m19:45:30[0m [38;5;34m[1m[clock-crew-client   ][0m    [32m✓[39m src/app/components/NavBarComponent/NavBarComponent.test.tsx [2m([22m[2m1 test[22m[2m)[22m[33m 332[2mms[22m[39m
[2m19:45:30[0m [38;5;33m[1m[prism-service       ][0m   [2m   Start at [22m 19:45:21
[2m19:45:30[0m [38;5;34m[1m[clock-crew-client   ][0m        [33m[2m✓[22m[39m renders the navigation bar and links correctly [33m 327[2mms[22m[39m
[2m19:45:30[0m [38;5;34m[1m[clock-crew-client   ][0m   
[2m19:45:30[0m [38;5;33m[1m[prism-service       ][0m   [2m   Duration [22m 7.80s[2m (transform 48.65s, setup 0ms, import 93.10s, tests 14.89s, environment 4ms)[22m
[2m19:45:30[0m [38;5;33m[1m[prism-service       ][0m   
[2m19:45:30[0m [38;5;33m[1m[prism-service       ][0m [2m19:45:29[0m   [32m✔ Tests passed in 9s[0m
[2m19:45:30[0m [38;5;34m[1m[clock-crew-client   ][0m   [2m Test Files [22m [1m[32m3 passed[39m[22m[90m (3)[39m
[2m19:45:30[0m [38;5;34m[1m[clock-crew-client   ][0m   [2m      Tests [22m [1m[32m4 passed[39m[22m[90m (4)[39m
[2m19:45:30[0m [38;5;34m[1m[clock-crew-client   ][0m   [2m   Start at [22m 19:45:25
[2m19:45:30[0m [38;5;34m[1m[clock-crew-client   ][0m   [2m   Duration [22m 4.87s[2m (transform 640ms, setup 1.26s, import 1.45s, tests 516ms, environment 9.04s)[22m
[2m19:45:30[0m [38;5;33m[1m[prism-service       ][0m 
[2m19:45:30[0m [38;5;33m[1m[prism-service       ][0m [2m19:45:29[0m [36m[1m▸ Building Docker image[0m
[2m19:45:30[0m [38;5;33m[1m[prism-service       ][0m [2m19:45:29[0m   [2mTags: prism-service:latest, prism-service:71d5b56[0m
[2m19:45:30[0m [38;5;34m[1m[clock-crew-client   ][0m   
[2m19:45:30[0m [38;5;34m[1m[clock-crew-client   ][0m [2m19:45:30[0m   [32m✔ Tests passed in 7s[0m
[2m19:45:30[0m [38;5;34m[1m[clock-crew-client   ][0m [2m19:45:30[0m   [2mLoaded deploy-kit/.env.deploy[0m
[2m19:45:30[0m [38;5;34m[1m[clock-crew-client   ][0m [2m19:45:30[0m   [2mVault URL: http://192.168.86.2:5599[0m
[2m19:45:30[0m [38;5;34m[1m[clock-crew-client   ][0m [2m19:45:30[0m   [2mVault token: ****lTvDZCV7[0m
[2m19:45:30[0m [38;5;34m[1m[clock-crew-client   ][0m 
[2m19:45:30[0m [38;5;34m[1m[clock-crew-client   ][0m [2m19:45:30[0m [36m[1m▸ Building Docker image[0m
[2m19:45:30[0m [38;5;34m[1m[clock-crew-client   ][0m [2m19:45:30[0m   [2mTags: clock-crew-client:latest, clock-crew-client:bc9862f[0m
[2m19:45:31[0m [38;5;34m[1m[messages-client     ][0m   
[2m19:45:31[0m [38;5;34m[1m[messages-client     ][0m   > messages-client@0.1.0 test
[2m19:45:31[0m [38;5;34m[1m[messages-client     ][0m   > vitest run --passWithNoTests
[2m19:45:31[0m [38;5;34m[1m[messages-client     ][0m   
[2m19:45:31[0m [38;5;34m[1m[messages-client     ][0m   
[2m19:45:31[0m [38;5;34m[1m[messages-client     ][0m   [1m[30m[46m RUN [49m[39m[22m [36mv4.1.5 [39m[90m/home/rodrigo/development/messages-client[39m
[2m19:45:31[0m [38;5;34m[1m[messages-client     ][0m   
[2m19:45:31[0m [38;5;34m[1m[messages-client     ][0m    [32m✓[39m tests/page.test.ts [2m([22m[2m1 test[22m[2m)[22m[32m 70[2mms[22m[39m
[2m19:45:31[0m [38;5;34m[1m[messages-client     ][0m   
[2m19:45:31[0m [38;5;34m[1m[messages-client     ][0m   [2m Test Files [22m [1m[32m1 passed[39m[22m[90m (1)[39m
[2m19:45:31[0m [38;5;34m[1m[messages-client     ][0m   [2m      Tests [22m [1m[32m1 passed[39m[22m[90m (1)[39m
[2m19:45:31[0m [38;5;34m[1m[messages-client     ][0m   [2m   Start at [22m 19:45:25
[2m19:45:31[0m [38;5;34m[1m[messages-client     ][0m   [2m   Duration [22m 5.27s[2m (transform 150ms, setup 397ms, import 48ms, tests 70ms, environment 4.06s)[22m
[2m19:45:31[0m [38;5;34m[1m[messages-client     ][0m   
[2m19:45:31[0m [38;5;34m[1m[messages-client     ][0m [2m19:45:31[0m   [32m✔ Tests passed in 8s[0m
[2m19:45:31[0m [38;5;34m[1m[messages-client     ][0m [2m19:45:31[0m   [2mLoaded deploy-kit/.env.deploy[0m
[2m19:45:31[0m [38;5;34m[1m[messages-client     ][0m [2m19:45:31[0m   [2mVault URL: http://192.168.86.2:5599[0m
[2m19:45:31[0m [38;5;34m[1m[messages-client     ][0m [2m19:45:31[0m   [2mVault token: ****lTvDZCV7[0m
[2m19:45:31[0m [38;5;34m[1m[messages-client     ][0m 
[2m19:45:31[0m [38;5;34m[1m[messages-client     ][0m [2m19:45:31[0m [36m[1m▸ Building Docker image[0m
[2m19:45:31[0m [38;5;34m[1m[messages-client     ][0m [2m19:45:31[0m   [2mTags: messages-client:latest, messages-client:3f6480b[0m
[2m19:45:31[0m [38;5;34m[1m[lights-client       ][0m   
[2m19:45:31[0m [38;5;34m[1m[lights-client       ][0m   > lights-client@0.1.0 test
[2m19:45:31[0m [38;5;34m[1m[lights-client       ][0m   > vitest run --passWithNoTests
[2m19:45:31[0m [38;5;34m[1m[lights-client       ][0m   
[2m19:45:31[0m [38;5;34m[1m[lights-client       ][0m   
[2m19:45:31[0m [38;5;34m[1m[lights-client       ][0m   [1m[30m[46m RUN [49m[39m[22m [36mv4.1.5 [39m[90m/home/rodrigo/development/lights-client[39m
[2m19:45:31[0m [38;5;34m[1m[lights-client       ][0m   
[2m19:45:31[0m [38;5;34m[1m[lights-client       ][0m    [32m✓[39m tests/services/LightsService.test.ts [2m([22m[2m7 tests[22m[2m)[22m[32m 21[2mms[22m[39m
[2m19:45:31[0m [38;5;34m[1m[lights-client       ][0m    [32m✓[39m tests/hooks/useLights.test.ts [2m([22m[2m3 tests[22m[2m)[22m[32m 103[2mms[22m[39m
[2m19:45:31[0m [38;5;34m[1m[lights-client       ][0m   
[2m19:45:31[0m [38;5;34m[1m[lights-client       ][0m   [2m Test Files [22m [1m[32m2 passed[39m[22m[90m (2)[39m
[2m19:45:31[0m [38;5;34m[1m[lights-client       ][0m   [2m      Tests [22m [1m[32m10 passed[39m[22m[90m (10)[39m
[2m19:45:31[0m [38;5;34m[1m[lights-client       ][0m   [2m   Start at [22m 19:45:26
[2m19:45:31[0m [38;5;34m[1m[lights-client       ][0m   [2m   Duration [22m 4.46s[2m (transform 319ms, setup 599ms, import 859ms, tests 124ms, environment 5.86s)[22m
[2m19:45:31[0m [38;5;34m[1m[lights-client       ][0m   
[2m19:45:31[0m [38;5;34m[1m[lights-client       ][0m [2m19:45:31[0m   [32m✔ Tests passed in 7s[0m
[2m19:45:31[0m [38;5;34m[1m[lights-client       ][0m [2m19:45:31[0m   [2mLoaded deploy-kit/.env.deploy[0m
[2m19:45:31[0m [38;5;34m[1m[lights-client       ][0m [2m19:45:31[0m   [2mVault URL: http://192.168.86.2:5599[0m
[2m19:45:31[0m [38;5;34m[1m[lights-client       ][0m [2m19:45:31[0m   [2mVault token: ****lTvDZCV7[0m
[2m19:45:31[0m [38;5;34m[1m[lights-client       ][0m 
[2m19:45:31[0m [38;5;34m[1m[lights-client       ][0m [2m19:45:31[0m [36m[1m▸ Building Docker image[0m
[2m19:45:31[0m [38;5;34m[1m[lights-client       ][0m [2m19:45:31[0m   [2mTags: lights-client:latest, lights-client:b65b858[0m
[2m19:45:31[0m [38;5;34m[1m[classic-whitemane-client][0m   
[2m19:45:31[0m [38;5;34m[1m[classic-whitemane-client][0m   > classic-whitemane-client@0.1.0 test
[2m19:45:31[0m [38;5;34m[1m[classic-whitemane-client][0m   > vitest run --passWithNoTests
[2m19:45:31[0m [38;5;34m[1m[classic-whitemane-client][0m   
[2m19:45:31[0m [38;5;34m[1m[classic-whitemane-client][0m   
[2m19:45:31[0m [38;5;34m[1m[classic-whitemane-client][0m   [1m[30m[46m RUN [49m[39m[22m [36mv4.1.5 [39m[90m/home/rodrigo/development/classic-whitemane-client[39m
[2m19:45:31[0m [38;5;34m[1m[classic-whitemane-client][0m   
[2m19:45:31[0m [38;5;34m[1m[classic-whitemane-client][0m    [32m✓[39m tests/page.test.tsx [2m([22m[2m2 tests[22m[2m)[22m[32m 72[2mms[22m[39m
[2m19:45:31[0m [38;5;34m[1m[classic-whitemane-client][0m   
[2m19:45:31[0m [38;5;34m[1m[classic-whitemane-client][0m   [2m Test Files [22m [1m[32m1 passed[39m[22m[90m (1)[39m
[2m19:45:31[0m [38;5;34m[1m[classic-whitemane-client][0m   [2m      Tests [22m [1m[32m2 passed[39m[22m[90m (2)[39m
[2m19:45:31[0m [38;5;34m[1m[classic-whitemane-client][0m   [2m   Start at [22m 19:45:27
[2m19:45:31[0m [38;5;34m[1m[classic-whitemane-client][0m   [2m   Duration [22m 4.41s[2m (transform 341ms, setup 445ms, import 180ms, tests 72ms, environment 3.09s)[22m
[2m19:45:31[0m [38;5;34m[1m[classic-whitemane-client][0m   
[2m19:45:31[0m [38;5;34m[1m[classic-whitemane-client][0m [2m19:45:31[0m   [32m✔ Tests passed in 6s[0m
[2m19:45:31[0m [38;5;34m[1m[classic-whitemane-client][0m [2m19:45:31[0m   [2mLoaded deploy-kit/.env.deploy[0m
[2m19:45:31[0m [38;5;34m[1m[classic-whitemane-client][0m [2m19:45:31[0m   [2mVault URL: http://192.168.86.2:5599[0m
[2m19:45:32[0m [38;5;34m[1m[classic-whitemane-client][0m [2m19:45:31[0m   [2mVault token: ****lTvDZCV7[0m
[2m19:45:32[0m [38;5;34m[1m[classic-whitemane-client][0m 
[2m19:45:32[0m [38;5;34m[1m[classic-whitemane-client][0m [2m19:45:31[0m [36m[1m▸ Building Docker image[0m
[2m19:45:32[0m [38;5;34m[1m[classic-whitemane-client][0m [2m19:45:31[0m   [2mTags: classic-whitemane-client:latest, classic-whitemane-client:0789060[0m
[2m19:45:32[0m [38;5;34m[1m[games-client        ][0m   
[2m19:45:32[0m [38;5;34m[1m[games-client        ][0m   > games-client@0.1.0 test
[2m19:45:32[0m [38;5;34m[1m[games-client        ][0m   > vitest run --passWithNoTests
[2m19:45:32[0m [38;5;34m[1m[games-client        ][0m   
[2m19:45:32[0m [38;5;34m[1m[portal-client       ][0m   
[2m19:45:32[0m [38;5;34m[1m[games-client        ][0m   
[2m19:45:32[0m [38;5;34m[1m[portal-client       ][0m   > portal-client@0.1.0 test
[2m19:45:32[0m [38;5;34m[1m[games-client        ][0m   [1m[30m[46m RUN [49m[39m[22m [36mv4.1.6 [39m[90m/home/rodrigo/development/games-client[39m
[2m19:45:32[0m [38;5;34m[1m[portal-client       ][0m   > vitest run --passWithNoTests
[2m19:45:32[0m [38;5;34m[1m[games-client        ][0m   
[2m19:45:32[0m [38;5;34m[1m[portal-client       ][0m   
[2m19:45:32[0m [38;5;34m[1m[games-client        ][0m    [32m✓[39m tests/page.test.tsx [2m([22m[2m1 test[22m[2m)[22m[32m 206[2mms[22m[39m
[2m19:45:32[0m [38;5;34m[1m[portal-client       ][0m   
[2m19:45:32[0m [38;5;34m[1m[prism-client        ][0m   
[2m19:45:32[0m [38;5;34m[1m[games-client        ][0m   
[2m19:45:32[0m [38;5;34m[1m[portal-client       ][0m   [1m[30m[46m RUN [49m[39m[22m [36mv4.1.5 [39m[90m/home/rodrigo/development/portal-client[39m
[2m19:45:32[0m [38;5;34m[1m[games-client        ][0m   [2m Test Files [22m [1m[32m1 passed[39m[22m[90m (1)[39m
[2m19:45:32[0m [38;5;34m[1m[prism-client        ][0m   > prism-client@0.1.0 test
[2m19:45:32[0m [38;5;34m[1m[portal-client       ][0m   
[2m19:45:32[0m [38;5;34m[1m[portal-client       ][0m    [32m✓[39m tests/page.test.ts [2m([22m[2m1 test[22m[2m)[22m[32m 33[2mms[22m[39m
[2m19:45:32[0m [38;5;34m[1m[prism-client        ][0m   > vitest run --passWithNoTests
[2m19:45:32[0m [38;5;34m[1m[games-client        ][0m   [2m      Tests [22m [1m[32m1 passed[39m[22m[90m (1)[39m
[2m19:45:32[0m [38;5;34m[1m[games-client        ][0m   [2m   Start at [22m 19:45:26
[2m19:45:32[0m [38;5;34m[1m[prism-client        ][0m   
[2m19:45:32[0m [38;5;34m[1m[portal-client       ][0m   
[2m19:45:32[0m [38;5;34m[1m[games-client        ][0m   [2m   Duration [22m 5.52s[2m (transform 398ms, setup 381ms, import 924ms, tests 206ms, environment 3.46s)[22m
[2m19:45:32[0m [38;5;34m[1m[iron-client         ][0m   
[2m19:45:32[0m [38;5;34m[1m[prism-client        ][0m   
[2m19:45:32[0m [38;5;34m[1m[portal-client       ][0m   [2m Test Files [22m [1m[32m1 passed[39m[22m[90m (1)[39m
[2m19:45:32[0m [38;5;34m[1m[prism-client        ][0m   [1m[30m[46m RUN [49m[39m[22m [36mv4.1.5 [39m[90m/home/rodrigo/development/prism-client[39m
[2m19:45:32[0m [38;5;34m[1m[games-client        ][0m   
[2m19:45:32[0m [38;5;34m[1m[iron-client         ][0m   > iron-client@0.1.0 test
[2m19:45:32[0m [38;5;34m[1m[iron-client         ][0m   > vitest run --passWithNoTests
[2m19:45:32[0m [38;5;34m[1m[prism-client        ][0m   
[2m19:45:32[0m [38;5;34m[1m[games-client        ][0m [2m19:45:32[0m   [32m✔ Tests passed in 8s[0m
[2m19:45:32[0m [38;5;34m[1m[portal-client       ][0m   [2m      Tests [22m [1m[32m1 passed[39m[22m[90m (1)[39m
[2m19:45:32[0m [38;5;34m[1m[games-client        ][0m [2m19:45:32[0m   [2mLoaded deploy-kit/.env.deploy[0m
[2m19:45:32[0m [38;5;34m[1m[iron-client         ][0m   
[2m19:45:32[0m [38;5;34m[1m[portal-client       ][0m   [2m   Start at [22m 19:45:27
[2m19:45:32[0m [38;5;34m[1m[iron-client         ][0m   
[2m19:45:32[0m [38;5;34m[1m[games-client        ][0m [2m19:45:32[0m   [2mVault URL: http://192.168.86.2:5599[0m
[2m19:45:32[0m [38;5;34m[1m[portal-client       ][0m   [2m   Duration [22m 4.50s[2m (transform 116ms, setup 551ms, import 39ms, tests 33ms, environment 3.32s)[22m
[2m19:45:32[0m [38;5;34m[1m[prism-client        ][0m    [32m✓[39m tests/mentionUtils.test.ts [2m([22m[2m49 tests[22m[2m)[22m[32m 110[2mms[22m[39m
[2m19:45:32[0m [38;5;34m[1m[games-client        ][0m [2m19:45:32[0m   [2mVault token: ****lTvDZCV7[0m
[2m19:45:32[0m [38;5;34m[1m[iron-client         ][0m   [1m[30m[46m RUN [49m[39m[22m [36mv4.1.5 [39m[90m/home/rodrigo/development/iron-client[39m
[2m19:45:32[0m [38;5;34m[1m[prism-client        ][0m   
[2m19:45:32[0m [38;5;34m[1m[iron-client         ][0m   
[2m19:45:32[0m [38;5;34m[1m[prism-client        ][0m   [2m Test Files [22m [1m[32m1 passed[39m[22m[90m (1)[39m
[2m19:45:32[0m [38;5;34m[1m[prism-client        ][0m   [2m      Tests [22m [1m[32m49 passed[39m[22m[90m (49)[39m
[2m19:45:32[0m [38;5;34m[1m[iron-client         ][0m    [32m✓[39m tests/page.test.tsx [2m([22m[2m1 test[22m[2m)[22m[32m 197[2mms[22m[39m
[2m19:45:32[0m [38;5;34m[1m[iron-client         ][0m   
[2m19:45:32[0m [38;5;34m[1m[prism-client        ][0m   [2m   Start at [22m 19:45:27
[2m19:45:32[0m [38;5;34m[1m[portal-client       ][0m   
[2m19:45:32[0m [38;5;34m[1m[games-client        ][0m 
[2m19:45:32[0m [38;5;34m[1m[iron-client         ][0m   [2m Test Files [22m [1m[32m1 passed[39m[22m[90m (1)[39m
[2m19:45:32[0m [38;5;34m[1m[games-client        ][0m [2m19:45:32[0m [36m[1m▸ Building Docker image[0m
[2m19:45:32[0m [38;5;34m[1m[iron-client         ][0m   [2m      Tests [22m [1m[32m1 passed[39m[22m[90m (1)[39m
[2m19:45:32[0m [38;5;34m[1m[prism-client        ][0m   [2m   Duration [22m 4.28s[2m (transform 548ms, setup 477ms, import 406ms, tests 110ms, environment 2.77s)[22m
[2m19:45:32[0m [38;5;34m[1m[portal-client       ][0m [2m19:45:32[0m   [32m✔ Tests passed in 7s[0m
[2m19:45:32[0m [38;5;34m[1m[iron-client         ][0m   [2m   Start at [22m 19:45:27
[2m19:45:32[0m [38;5;34m[1m[prism-client        ][0m   
[2m19:45:32[0m [38;5;34m[1m[portal-client       ][0m [2m19:45:32[0m   [2mLoaded deploy-kit/.env.deploy[0m
[2m19:45:32[0m [38;5;34m[1m[iron-client         ][0m   [2m   Duration [22m 4.15s[2m (transform 217ms, setup 358ms, import 134ms, tests 197ms, environment 2.91s)[22m
[2m19:45:32[0m [38;5;34m[1m[prism-client        ][0m [2m19:45:32[0m   [32m✔ Tests passed in 7s[0m
[2m19:45:32[0m [38;5;34m[1m[iron-client         ][0m   
[2m19:45:32[0m [38;5;34m[1m[iron-client         ][0m [2m19:45:32[0m   [32m✔ Tests passed in 7s[0m
[2m19:45:32[0m [38;5;34m[1m[prism-client        ][0m [2m19:45:32[0m   [2mLoaded deploy-kit/.env.deploy[0m
[2m19:45:32[0m [38;5;34m[1m[portal-client       ][0m [2m19:45:32[0m   [2mVault URL: http://192.168.86.2:5599[0m
[2m19:45:32[0m [38;5;34m[1m[games-client        ][0m [2m19:45:32[0m   [2mTags: games-client:latest, games-client:8d9d6e7[0m
[2m19:45:32[0m [38;5;34m[1m[prism-client        ][0m [2m19:45:32[0m   [2mVault URL: http://192.168.86.2:5599[0m
[2m19:45:32[0m [38;5;34m[1m[iron-client         ][0m [2m19:45:32[0m   [2mLoaded deploy-kit/.env.deploy[0m
[2m19:45:32[0m [38;5;34m[1m[portal-client       ][0m [2m19:45:32[0m   [2mVault token: ****lTvDZCV7[0m
[2m19:45:32[0m [38;5;34m[1m[prism-client        ][0m [2m19:45:32[0m   [2mVault token: ****lTvDZCV7[0m
[2m19:45:32[0m [38;5;34m[1m[iron-client         ][0m [2m19:45:32[0m   [2mVault URL: http://192.168.86.2:5599[0m
[2m19:45:32[0m [38;5;34m[1m[prism-client        ][0m 
[2m19:45:32[0m [38;5;34m[1m[portal-client       ][0m 
[2m19:45:32[0m [38;5;34m[1m[iron-client         ][0m [2m19:45:32[0m   [2mVault token: ****lTvDZCV7[0m
[2m19:45:32[0m [38;5;34m[1m[portal-client       ][0m [2m19:45:32[0m [36m[1m▸ Building Docker image[0m
[2m19:45:32[0m [38;5;34m[1m[prism-client        ][0m [2m19:45:32[0m [36m[1m▸ Building Docker image[0m
[2m19:45:32[0m [38;5;34m[1m[iron-client         ][0m 
[2m19:45:32[0m [38;5;34m[1m[prism-client        ][0m [2m19:45:32[0m   [2mTags: prism-client:latest, prism-client:f8a93d3[0m
[2m19:45:32[0m [38;5;34m[1m[portal-client       ][0m [2m19:45:32[0m   [2mTags: portal-client:latest, portal-client:7313bb9[0m
[2m19:45:32[0m [38;5;34m[1m[iron-client         ][0m [2m19:45:32[0m [36m[1m▸ Building Docker image[0m
[2m19:45:32[0m [38;5;34m[1m[iron-client         ][0m [2m19:45:32[0m   [2mTags: iron-client:latest, iron-client:007b879[0m
[2m19:45:32[0m [38;5;34m[1m[rod-dev-client      ][0m   
[2m19:45:32[0m [38;5;34m[1m[rod-dev-client      ][0m   > rod-dev-client@0.1.0 test
[2m19:45:32[0m [38;5;34m[1m[rod-dev-client      ][0m   > vitest run --passWithNoTests
[2m19:45:32[0m [38;5;34m[1m[rod-dev-client      ][0m   
[2m19:45:32[0m [38;5;34m[1m[rod-dev-client      ][0m   
[2m19:45:32[0m [38;5;34m[1m[rod-dev-client      ][0m   [1m[30m[46m RUN [49m[39m[22m [36mv4.1.5 [39m[90m/home/rodrigo/development/rod-dev-client[39m
[2m19:45:32[0m [38;5;34m[1m[rod-dev-client      ][0m   
[2m19:45:32[0m [38;5;34m[1m[rod-dev-client      ][0m    [32m✓[39m tests/hooks/useFilteredPagination.test.ts [2m([22m[2m7 tests[22m[2m)[22m[32m 87[2mms[22m[39m
[2m19:45:32[0m [38;5;34m[1m[rod-dev-client      ][0m   
[2m19:45:32[0m [38;5;34m[1m[rod-dev-client      ][0m   [2m Test Files [22m [1m[32m1 passed[39m[22m[90m (1)[39m
[2m19:45:32[0m [38;5;34m[1m[rod-dev-client      ][0m   [2m      Tests [22m [1m[32m7 passed[39m[22m[90m (7)[39m
[2m19:45:32[0m [38;5;34m[1m[rod-dev-client      ][0m   [2m   Start at [22m 19:45:27
[2m19:45:32[0m [38;5;34m[1m[rod-dev-client      ][0m   [2m   Duration [22m 5.06s[2m (transform 201ms, setup 493ms, import 514ms, tests 87ms, environment 3.34s)[22m
[2m19:45:32[0m [38;5;34m[1m[rod-dev-client      ][0m   
[2m19:45:32[0m [38;5;34m[1m[rod-dev-client      ][0m [2m19:45:32[0m   [32m✔ Tests passed in 8s[0m
[2m19:45:32[0m [38;5;34m[1m[rod-dev-client      ][0m [2m19:45:32[0m   [2mLoaded deploy-kit/.env.deploy[0m
[2m19:45:32[0m [38;5;34m[1m[rod-dev-client      ][0m [2m19:45:32[0m   [2mVault URL: http://192.168.86.2:5599[0m
[2m19:45:32[0m [38;5;34m[1m[rod-dev-client      ][0m [2m19:45:32[0m   [2mVault token: ****lTvDZCV7[0m
[2m19:45:32[0m [38;5;34m[1m[rod-dev-client      ][0m 
[2m19:45:32[0m [38;5;34m[1m[rod-dev-client      ][0m [2m19:45:32[0m [36m[1m▸ Building Docker image[0m
[2m19:45:32[0m [38;5;34m[1m[rod-dev-client      ][0m [2m19:45:32[0m   [2mTags: rod-dev-client:latest, rod-dev-client:ad58b96[0m
[2m19:45:32[0m [38;5;34m[1m[gauge-client        ][0m   
[2m19:45:32[0m [38;5;34m[1m[gauge-client        ][0m   > gauge-client@0.1.0 test
[2m19:45:32[0m [38;5;34m[1m[gauge-client        ][0m   > vitest run --passWithNoTests
[2m19:45:32[0m [38;5;34m[1m[gauge-client        ][0m   
[2m19:45:32[0m [38;5;34m[1m[gauge-client        ][0m   
[2m19:45:32[0m [38;5;34m[1m[gauge-client        ][0m   [1m[30m[46m RUN [49m[39m[22m [36mv4.1.5 [39m[90m/home/rodrigo/development/gauge-client[39m
[2m19:45:32[0m [38;5;34m[1m[gauge-client        ][0m   
[2m19:45:32[0m [38;5;34m[1m[gauge-client        ][0m    [32m✓[39m tests/page.test.tsx [2m([22m[2m1 test[22m[2m)[22m[32m 61[2mms[22m[39m
[2m19:45:32[0m [38;5;34m[1m[gauge-client        ][0m   
[2m19:45:32[0m [38;5;34m[1m[gauge-client        ][0m   [2m Test Files [22m [1m[32m1 passed[39m[22m[90m (1)[39m
[2m19:45:32[0m [38;5;34m[1m[gauge-client        ][0m   [2m      Tests [22m [1m[32m1 passed[39m[22m[90m (1)[39m
[2m19:45:32[0m [38;5;34m[1m[gauge-client        ][0m   [2m   Start at [22m 19:45:27
[2m19:45:32[0m [38;5;34m[1m[gauge-client        ][0m   [2m   Duration [22m 5.01s[2m (transform 180ms, setup 512ms, import 406ms, tests 61ms, environment 3.44s)[22m
[2m19:45:32[0m [38;5;34m[1m[gauge-client        ][0m   
[2m19:45:32[0m [38;5;34m[1m[gauge-client        ][0m [2m19:45:32[0m   [32m✔ Tests passed in 7s[0m
[2m19:45:32[0m [38;5;34m[1m[dygest-client       ][0m   
[2m19:45:32[0m [38;5;34m[1m[dygest-client       ][0m   > dygest-client@0.1.0 test
[2m19:45:32[0m [38;5;34m[1m[gauge-client        ][0m [2m19:45:32[0m   [2mLoaded deploy-kit/.env.deploy[0m
[2m19:45:32[0m [38;5;34m[1m[gauge-client        ][0m [2m19:45:32[0m   [2mVault URL: http://192.168.86.2:5599[0m
[2m19:45:32[0m [38;5;34m[1m[gauge-client        ][0m [2m19:45:32[0m   [2mVault token: ****lTvDZCV7[0m
[2m19:45:32[0m [38;5;34m[1m[dygest-client       ][0m   > vitest run --passWithNoTests
[2m19:45:32[0m [38;5;34m[1m[gauge-client        ][0m 
[2m19:45:32[0m [38;5;34m[1m[dygest-client       ][0m   
[2m19:45:32[0m [38;5;34m[1m[gauge-client        ][0m [2m19:45:32[0m [36m[1m▸ Building Docker image[0m
[2m19:45:32[0m [38;5;34m[1m[dygest-client       ][0m   
[2m19:45:32[0m [38;5;34m[1m[dygest-client       ][0m   [1m[30m[46m RUN [49m[39m[22m [36mv4.1.5 [39m[90m/home/rodrigo/development/dygest-client[39m
[2m19:45:32[0m [38;5;34m[1m[dygest-client       ][0m   
[2m19:45:32[0m [38;5;34m[1m[gauge-client        ][0m [2m19:45:32[0m   [2mTags: gauge-client:latest, gauge-client:e431901[0m
[2m19:45:32[0m [38;5;34m[1m[dygest-client       ][0m    [32m✓[39m tests/page.test.tsx [2m([22m[2m1 test[22m[2m)[22m[32m 55[2mms[22m[39m
[2m19:45:32[0m [38;5;34m[1m[dygest-client       ][0m   
[2m19:45:32[0m [38;5;34m[1m[dygest-client       ][0m   [2m Test Files [22m [1m[32m1 passed[39m[22m[90m (1)[39m
[2m19:45:32[0m [38;5;34m[1m[dygest-client       ][0m   [2m      Tests [22m [1m[32m1 passed[39m[22m[90m (1)[39m
[2m19:45:32[0m [38;5;34m[1m[dygest-client       ][0m   [2m   Start at [22m 19:45:27
[2m19:45:32[0m [38;5;34m[1m[dygest-client       ][0m   [2m   Duration [22m 4.83s[2m (transform 143ms, setup 561ms, import 424ms, tests 55ms, environment 3.36s)[22m
[2m19:45:32[0m [38;5;34m[1m[dygest-client       ][0m   
[2m19:45:32[0m [38;5;34m[1m[dygest-client       ][0m [2m19:45:32[0m   [32m✔ Tests passed in 7s[0m
[2m19:45:32[0m [38;5;34m[1m[dygest-client       ][0m [2m19:45:32[0m   [2mLoaded deploy-kit/.env.deploy[0m
[2m19:45:32[0m [38;5;34m[1m[dygest-client       ][0m [2m19:45:32[0m   [2mVault URL: http://192.168.86.2:5599[0m
[2m19:45:32[0m [38;5;34m[1m[dygest-client       ][0m [2m19:45:32[0m   [2mVault token: ****lTvDZCV7[0m
[2m19:45:32[0m [38;5;34m[1m[dygest-client       ][0m 
[2m19:45:32[0m [38;5;34m[1m[dygest-client       ][0m [2m19:45:32[0m [36m[1m▸ Building Docker image[0m
[2m19:45:32[0m [38;5;34m[1m[dygest-client       ][0m [2m19:45:32[0m   [2mTags: dygest-client:latest, dygest-client:030e097[0m
[2m19:45:32[0m [38;5;34m[1m[meepothegeomancer-client][0m   
[2m19:45:32[0m [38;5;34m[1m[meepothegeomancer-client][0m   > meepothegeomancer-client@0.1.0 test
[2m19:45:32[0m [38;5;34m[1m[meepothegeomancer-client][0m   > vitest run --passWithNoTests
[2m19:45:32[0m [38;5;34m[1m[meepothegeomancer-client][0m   
[2m19:45:32[0m [38;5;34m[1m[meepothegeomancer-client][0m   
[2m19:45:32[0m [38;5;34m[1m[meepothegeomancer-client][0m   [1m[30m[46m RUN [49m[39m[22m [36mv4.1.6 [39m[90m/home/rodrigo/development/meepothegeomancer-client[39m
[2m19:45:32[0m [38;5;34m[1m[meepothegeomancer-client][0m   
[2m19:45:32[0m [38;5;34m[1m[meepothegeomancer-client][0m    [32m✓[39m tests/components/HeroComponent.test.tsx [2m([22m[2m7 tests[22m[2m)[22m[33m 326[2mms[22m[39m
[2m19:45:32[0m [38;5;34m[1m[meepothegeomancer-client][0m   
[2m19:45:32[0m [38;5;34m[1m[meepothegeomancer-client][0m   [2m Test Files [22m [1m[32m1 passed[39m[22m[90m (1)[39m
[2m19:45:32[0m [38;5;34m[1m[meepothegeomancer-client][0m   [2m      Tests [22m [1m[32m7 passed[39m[22m[90m (7)[39m
[2m19:45:32[0m [38;5;34m[1m[meepothegeomancer-client][0m   [2m   Start at [22m 19:45:27
[2m19:45:32[0m [38;5;34m[1m[meepothegeomancer-client][0m   [2m   Duration [22m 5.54s[2m (transform 439ms, setup 520ms, import 593ms, tests 326ms, environment 3.52s)[22m
[2m19:45:32[0m [38;5;34m[1m[meepothegeomancer-client][0m   
[2m19:45:32[0m [38;5;34m[1m[meepothegeomancer-client][0m [2m19:45:32[0m   [32m✔ Tests passed in 8s[0m
[2m19:45:32[0m [38;5;34m[1m[meepothegeomancer-client][0m [2m19:45:32[0m   [2mLoaded deploy-kit/.env.deploy[0m
[2m19:45:32[0m [38;5;34m[1m[meepothegeomancer-client][0m [2m19:45:32[0m   [2mVault URL: http://192.168.86.2:5599[0m
[2m19:45:32[0m [38;5;34m[1m[meepothegeomancer-client][0m [2m19:45:32[0m   [2mVault token: ****lTvDZCV7[0m
[2m19:45:32[0m [38;5;34m[1m[meepothegeomancer-client][0m 
[2m19:45:32[0m [38;5;34m[1m[meepothegeomancer-client][0m [2m19:45:32[0m [36m[1m▸ Building Docker image[0m
[2m19:45:32[0m [38;5;34m[1m[meepothegeomancer-client][0m [2m19:45:32[0m   [2mTags: meepothegeomancer-client:latest, meepothegeomancer-client:c5a05ea[0m
[2m19:45:33[0m [38;5;33m[1m[qbittorrent-service ][0m    ✅ qBittorrent is running: Up 10 seconds (health: starting)
[2m19:45:33[0m [38;5;33m[1m[qbittorrent-service ][0m    🎉 Deploy complete — WebUI: http://192.168.86.2:8080
[2m19:45:34[0m [38;5;33m[1m[tools-service       ][0m   [22m[39m[19:45:29] INFO  [tools] 🥦 Nutrition DB loaded: 15465 foods (1347 USDA, 3570 Health Canada CNF, 5846 FAO/INFOODS BioFoodComp, 1334 UK CoFID, 538 India IFCT, 1072 Australia AFCD, 1758 Japan MEXT), 140 nutrients
[2m19:45:34[0m [38;5;33m[1m[tools-service       ][0m   
[2m19:45:34[0m [38;5;33m[1m[tools-service       ][0m    [32m✓[39m tests/EventEndpoints.test.ts [2m([22m[2m5 tests[22m[2m)[22m[32m 197[2mms[22m[39m
[2m19:45:34[0m [38;5;33m[1m[tools-service       ][0m    [32m✓[39m tests/TrendEndpoints.test.ts [2m([22m[2m11 tests[22m[2m)[22m[33m 367[2mms[22m[39m
[2m19:45:34[0m [38;5;33m[1m[tools-service       ][0m    [32m✓[39m tests/ProductEndpoints.test.ts [2m([22m[2m12 tests[22m[2m)[22m[33m 357[2mms[22m[39m
[2m19:45:34[0m [38;5;33m[1m[tools-service       ][0m    [32m✓[39m tests/MarketEndpoints.test.ts [2m([22m[2m9 tests[22m[2m)[22m[33m 593[2mms[22m[39m
[2m19:45:34[0m [38;5;33m[1m[tools-service       ][0m        [33m[2m✓[22m[39m returns summary for action=summary [33m 381[2mms[22m[39m
[2m19:45:34[0m [38;5;33m[1m[tools-service       ][0m    [32m✓[39m tests/AdminEndpoints.test.ts [2m([22m[2m5 tests[22m[2m)[22m[33m 507[2mms[22m[39m
[2m19:45:34[0m [38;5;33m[1m[tools-service       ][0m   [90mstdout[2m | tests/HealthDrugEndpoints.test.ts[2m > [22m[2mGET /health/drugs/ndc/search[2m > [22m[2mreturns NDC drug search results
[2m19:45:34[0m [38;5;33m[1m[tools-service       ][0m   [22m[39m[19:45:30] INFO  [tools] 💊 FDA drug database loaded: 26000 products
[2m19:45:34[0m [38;5;33m[1m[tools-service       ][0m   
[2m19:45:34[0m [38;5;33m[1m[tools-service       ][0m    [32m✓[39m tests/HealthDrugEndpoints.test.ts [2m([22m[2m9 tests[22m[2m)[22m[33m 967[2mms[22m[39m
[2m19:45:34[0m [38;5;33m[1m[tools-service       ][0m        [33m[2m✓[22m[39m returns NDC drug search results [33m 598[2mms[22m[39m
[2m19:45:34[0m [38;5;33m[1m[tools-service       ][0m   [90mstdout[2m | tests/KnowledgeEndpoints.test.ts[2m > [22m[2mGET /knowledge/elements/search[2m > [22m[2mreturns elements matching query
[2m19:45:34[0m [38;5;33m[1m[tools-service       ][0m   [22m[39m[19:45:31] INFO  [tools] ⚛️  Periodic Table loaded: 119 elements
[2m19:45:34[0m [38;5;33m[1m[tools-service       ][0m   
[2m19:45:34[0m [38;5;33m[1m[tools-service       ][0m    [32m✓[39m tests/WeatherEndpoints.test.ts [2m([22m[2m35 tests[22m[2m)[22m[33m 739[2mms[22m[39m
[2m19:45:34[0m [38;5;33m[1m[tools-service       ][0m    [32m✓[39m tests/NutritionFetcher.test.ts [2m([22m[2m48 tests[22m[2m)[22m[33m 2960[2mms[22m[39m
[2m19:45:34[0m [38;5;33m[1m[tools-service       ][0m        [33m[2m✓[22m[39m returns results for a common food term [33m 1445[2mms[22m[39m
[2m19:45:34[0m [38;5;33m[1m[tools-service       ][0m   [90mstdout[2m | tests/KnowledgeEndpoints.test.ts[2m > [22m[2mGET /knowledge/indicators/country/:code[2m > [22m[2mreturns indicators for Canada
[2m19:45:34[0m [38;5;33m[1m[tools-service       ][0m   [22m[39m[19:45:31] INFO  [tools] 🌍 World Bank indicators loaded: 217 countries, 15 indicators
[2m19:45:34[0m [38;5;33m[1m[tools-service       ][0m   
[2m19:45:34[0m [38;5;33m[1m[tools-service       ][0m   [90mstdout[2m | tests/NutritionEndpoints.test.ts[2m > [22m[2mGET /nutrition/search[2m > [22m[2mreturns results for a common food
[2m19:45:34[0m [38;5;33m[1m[tools-service       ][0m   [22m[39m[19:45:31] INFO  [tools] 🥦 Nutrition DB loaded: 15465 foods (1347 USDA, 3570 Health Canada CNF, 5846 FAO/INFOODS BioFoodComp, 1334 UK CoFID, 538 India IFCT, 1072 Australia AFCD, 1758 Japan MEXT), 140 nutrients
[2m19:45:34[0m [38;5;33m[1m[tools-service       ][0m   
[2m19:45:34[0m [38;5;33m[1m[tools-service       ][0m   [90mstdout[2m | tests/KnowledgeEndpoints.test.ts[2m > [22m[2mGET /knowledge/exoplanets/search[2m > [22m[2mreturns exoplanet search results
[2m19:45:34[0m [38;5;33m[1m[tools-service       ][0m   [22m[39m[19:45:31] INFO  [tools] 🪐 Exoplanet database loaded: 6153 planets
[2m19:45:34[0m [38;5;33m[1m[tools-service       ][0m   
[2m19:45:34[0m [38;5;33m[1m[tools-service       ][0m    [32m✓[39m tests/KnowledgeEndpoints.test.ts [2m([22m[2m42 tests[22m[2m)[22m[33m 1050[2mms[22m[39m
[2m19:45:34[0m [38;5;33m[1m[tools-service       ][0m    [32m✓[39m tests/CustomToolExecution.test.ts [2m([22m[2m36 tests[22m[2m)[22m[33m 4256[2mms[22m[39m
[2m19:45:34[0m [38;5;33m[1m[tools-service       ][0m    [32m✓[39m tests/NutritionEndpoints.test.ts [2m([22m[2m43 tests[22m[2m)[22m[33m 3405[2mms[22m[39m
[2m19:45:34[0m [38;5;33m[1m[tools-service       ][0m        [33m[2m✓[22m[39m returns results for a common food [33m 1611[2mms[22m[39m
[2m19:45:34[0m [38;5;33m[1m[tools-service       ][0m   [90mstdout[2m | tests/StaticDatasetEndpoints.test.ts[2m > [22m[2mStatic: Periodic Table[2m > [22m[2msearch returns elements with full schema
[2m19:45:34[0m [38;5;33m[1m[tools-service       ][0m   [22m[39m[19:45:33] INFO  [tools] ⚛️  Periodic Table loaded: 119 elements
[2m19:45:34[0m [38;5;33m[1m[tools-service       ][0m   
[2m19:45:34[0m [38;5;33m[1m[tools-service       ][0m   [90mstdout[2m | tests/UtilityEndpoints.test.ts[2m > [22m[2mGET /utility/airports/search[2m > [22m[2mreturns airport search results
[2m19:45:34[0m [38;5;33m[1m[tools-service       ][0m   [22m[39m[19:45:33] INFO  [tools] ✈️  Airport database loaded: 4555 airports
[2m19:45:34[0m [38;5;33m[1m[tools-service       ][0m   
[2m19:45:34[0m [38;5;33m[1m[tools-service       ][0m   [90mstdout[2m | tests/StaticDatasetEndpoints.test.ts[2m > [22m[2mStatic: World Bank Indicators[2m > [22m[2mcountry/CAN returns Canada with expected indicators
[2m19:45:34[0m [38;5;33m[1m[tools-service       ][0m   [22m[39m[19:45:33] INFO  [tools] 🌍 World Bank indicators loaded: 217 countries, 15 indicators
[2m19:45:34[0m [38;5;33m[1m[tools-service       ][0m   
[2m19:45:34[0m [38;5;33m[1m[tools-service       ][0m   (node:1170804) Warning: Setting the NODE_TLS_REJECT_UNAUTHORIZED environment variable to '0' makes TLS connections and HTTPS requests insecure by disabling certificate verification.
[2m19:45:34[0m [38;5;33m[1m[tools-service       ][0m   (Use `node --trace-warnings ...` to show where the warning was created)
[2m19:45:34[0m [38;5;34m[1m[clankerbox-client   ][0m   
[2m19:45:34[0m [38;5;34m[1m[clankerbox-client   ][0m   > clankerbox-client@0.1.0 test
[2m19:45:34[0m [38;5;34m[1m[clankerbox-client   ][0m   > vitest run --passWithNoTests
[2m19:45:34[0m [38;5;34m[1m[clankerbox-client   ][0m   
[2m19:45:34[0m [38;5;34m[1m[clankerbox-client   ][0m   
[2m19:45:34[0m [38;5;34m[1m[clankerbox-client   ][0m   [1m[30m[46m RUN [49m[39m[22m [36mv4.1.5 [39m[90m/home/rodrigo/development/clankerbox-client[39m
[2m19:45:34[0m [38;5;34m[1m[clankerbox-client   ][0m   
[2m19:45:34[0m [38;5;34m[1m[clankerbox-client   ][0m    [32m✓[39m tests/page.test.tsx [2m([22m[2m1 test[22m[2m)[22m[32m 59[2mms[22m[39m
[2m19:45:34[0m [38;5;34m[1m[clankerbox-client   ][0m   
[2m19:45:34[0m [38;5;34m[1m[clankerbox-client   ][0m   [2m Test Files [22m [1m[32m1 passed[39m[22m[90m (1)[39m
[2m19:45:34[0m [38;5;34m[1m[clankerbox-client   ][0m   [2m      Tests [22m [1m[32m1 passed[39m[22m[90m (1)[39m
[2m19:45:34[0m [38;5;34m[1m[clankerbox-client   ][0m   [2m   Start at [22m 19:45:29
[2m19:45:34[0m [38;5;34m[1m[clankerbox-client   ][0m   [2m   Duration [22m 4.41s[2m (transform 220ms, setup 468ms, import 403ms, tests 59ms, environment 3.09s)[22m
[2m19:45:34[0m [38;5;34m[1m[clankerbox-client   ][0m   
[2m19:45:34[0m [38;5;34m[1m[clankerbox-client   ][0m [2m19:45:34[0m   [32m✔ Tests passed in 6s[0m
[2m19:45:34[0m [38;5;34m[1m[clankerbox-client   ][0m [2m19:45:34[0m   [2mLoaded deploy-kit/.env.deploy[0m
[2m19:45:34[0m [38;5;34m[1m[clankerbox-client   ][0m [2m19:45:34[0m   [2mVault URL: http://192.168.86.2:5599[0m
[2m19:45:34[0m [38;5;34m[1m[clankerbox-client   ][0m [2m19:45:34[0m   [2mVault token: ****lTvDZCV7[0m
[2m19:45:34[0m [38;5;34m[1m[clankerbox-client   ][0m 
[2m19:45:34[0m [38;5;34m[1m[clankerbox-client   ][0m [2m19:45:34[0m [36m[1m▸ Building Docker image[0m
[2m19:45:34[0m [38;5;34m[1m[clankerbox-client   ][0m [2m19:45:34[0m   [2mTags: clankerbox-client:latest, clankerbox-client:abeb0e8[0m
[2m19:45:35[0m [38;5;34m[1m[ledger-client       ][0m   
[2m19:45:35[0m [38;5;34m[1m[ledger-client       ][0m   > ledger-client@0.1.0 test
[2m19:45:35[0m [38;5;34m[1m[ledger-client       ][0m   > vitest run --passWithNoTests
[2m19:45:35[0m [38;5;34m[1m[ledger-client       ][0m   
[2m19:45:35[0m [38;5;34m[1m[ledger-client       ][0m   
[2m19:45:35[0m [38;5;34m[1m[ledger-client       ][0m   [1m[30m[46m RUN [49m[39m[22m [36mv4.1.5 [39m[90m/home/rodrigo/development/ledger-client[39m
[2m19:45:35[0m [38;5;34m[1m[ledger-client       ][0m   
[2m19:45:35[0m [38;5;34m[1m[ledger-client       ][0m    [32m✓[39m tests/page.test.tsx [2m([22m[2m1 test[22m[2m)[22m[32m 69[2mms[22m[39m
[2m19:45:35[0m [38;5;34m[1m[ledger-client       ][0m   
[2m19:45:35[0m [38;5;34m[1m[ledger-client       ][0m   [2m Test Files [22m [1m[32m1 passed[39m[22m[90m (1)[39m
[2m19:45:35[0m [38;5;34m[1m[ledger-client       ][0m   [2m      Tests [22m [1m[32m1 passed[39m[22m[90m (1)[39m
[2m19:45:35[0m [38;5;34m[1m[ledger-client       ][0m   [2m   Start at [22m 19:45:31
[2m19:45:35[0m [38;5;34m[1m[ledger-client       ][0m   [2m   Duration [22m 4.31s[2m (transform 167ms, setup 399ms, import 402ms, tests 69ms, environment 2.99s)[22m
[2m19:45:35[0m [38;5;34m[1m[ledger-client       ][0m   
[2m19:45:35[0m [38;5;34m[1m[ledger-client       ][0m [2m19:45:35[0m   [32m✔ Tests passed in 6s[0m
[2m19:45:35[0m [38;5;34m[1m[ledger-client       ][0m [2m19:45:35[0m   [2mLoaded deploy-kit/.env.deploy[0m
[2m19:45:35[0m [38;5;34m[1m[ledger-client       ][0m [2m19:45:35[0m   [2mVault URL: http://192.168.86.2:5599[0m
[2m19:45:35[0m [38;5;34m[1m[ledger-client       ][0m [2m19:45:35[0m   [2mVault token: ****lTvDZCV7[0m
[2m19:45:35[0m [38;5;34m[1m[ledger-client       ][0m 
[2m19:45:35[0m [38;5;34m[1m[ledger-client       ][0m [2m19:45:35[0m [36m[1m▸ Building Docker image[0m
[2m19:45:35[0m [38;5;34m[1m[ledger-client       ][0m [2m19:45:35[0m   [2mTags: ledger-client:latest, ledger-client:cdab4a8[0m
[2m19:45:36[0m [38;5;33m[1m[tools-service       ][0m   [90mstdout[2m | tests/StaticDatasetEndpoints.test.ts[2m > [22m[2mStatic: NASA Exoplanets[2m > [22m[2msearch returns planets with full schema
[2m19:45:36[0m [38;5;33m[1m[tools-service       ][0m   [22m[39m[19:45:34] INFO  [tools] 🪐 Exoplanet database loaded: 6153 planets
[2m19:45:36[0m [38;5;33m[1m[tools-service       ][0m   
[2m19:45:36[0m [38;5;33m[1m[tools-service       ][0m    [32m✓[39m tests/UtilityEndpoints.test.ts [2m([22m[2m11 tests[22m[2m)[22m[33m 428[2mms[22m[39m
[2m19:45:36[0m [38;5;33m[1m[tools-service       ][0m   [90mstdout[2m | tests/StaticDatasetEndpoints.test.ts[2m > [22m[2mStatic: FDA Drug NDC[2m > [22m[2msearch returns drugs with full schema
[2m19:45:36[0m [38;5;33m[1m[tools-service       ][0m   [22m[39m[19:45:34] INFO  [tools] 💊 FDA drug database loaded: 26000 products
[2m19:45:36[0m [38;5;33m[1m[tools-service       ][0m   
[2m19:45:36[0m [38;5;33m[1m[tools-service       ][0m   [90mstdout[2m | tests/StaticDatasetEndpoints.test.ts[2m > [22m[2mStatic: Airport Database[2m > [22m[2msearch returns airports with full schema
[2m19:45:36[0m [38;5;33m[1m[tools-service       ][0m   [22m[39m[19:45:34] INFO  [tools] ✈️  Airport database loaded: 4555 airports
[2m19:45:36[0m [38;5;33m[1m[tools-service       ][0m   
[2m19:45:36[0m [38;5;33m[1m[tools-service       ][0m   [90mstdout[2m | tests/StaticDatasetEndpoints.test.ts[2m > [22m[2mStatic: Nutrition Database (structure)[2m > [22m[2msearch returns foods with full nutrient schema
[2m19:45:36[0m [38;5;33m[1m[tools-service       ][0m   [22m[39m[19:45:35] INFO  [tools] 🥦 Nutrition DB loaded: 15465 foods (1347 USDA, 3570 Health Canada CNF, 5846 FAO/INFOODS BioFoodComp, 1334 UK CoFID, 538 India IFCT, 1072 Australia AFCD, 1758 Japan MEXT), 140 nutrients
[2m19:45:36[0m [38;5;33m[1m[tools-service       ][0m   
[2m19:45:36[0m [38;5;33m[1m[tools-service       ][0m    [32m✓[39m tests/StaticDatasetEndpoints.test.ts [2m([22m[2m27 tests[22m[2m)[22m[33m 2313[2mms[22m[39m
[2m19:45:36[0m [38;5;33m[1m[tools-service       ][0m        [33m[2m✓[22m[39m search returns drugs with full schema [33m 353[2mms[22m[39m
[2m19:45:36[0m [38;5;33m[1m[tools-service       ][0m        [33m[2m✓[22m[39m search returns foods with full nutrient schema [33m 1178[2mms[22m[39m
[2m19:45:36[0m [38;5;33m[1m[tools-service       ][0m   
[2m19:45:36[0m [38;5;33m[1m[tools-service       ][0m   [2m Test Files [22m [1m[32m23 passed[39m[22m[90m (23)[39m
[2m19:45:36[0m [38;5;33m[1m[tools-service       ][0m   [2m      Tests [22m [1m[32m371 passed[39m[22m[90m (371)[39m
[2m19:45:36[0m [38;5;33m[1m[tools-service       ][0m   [2m   Start at [22m 19:45:25
[2m19:45:36[0m [38;5;33m[1m[tools-service       ][0m   [2m   Duration [22m 10.15s[2m (transform 41.97s, setup 0ms, import 68.54s, tests 22.50s, environment 5ms)[22m
[2m19:45:36[0m [38;5;33m[1m[tools-service       ][0m   
[2m19:45:36[0m [38;5;33m[1m[tools-service       ][0m [2m19:45:36[0m   [32m✔ Tests passed in 13s[0m
[2m19:45:36[0m [38;5;33m[1m[tools-service       ][0m 
[2m19:45:36[0m [38;5;33m[1m[tools-service       ][0m [2m19:45:36[0m [36m[1m▸ Building Docker image[0m
[2m19:45:36[0m [38;5;33m[1m[tools-service       ][0m [2m19:45:36[0m   [2mTags: tools-service:latest, tools-service:9f4f0fb[0m
[2m19:46:07[0m [38;5;33m[1m[gauge-service       ][0m     run `npm fund` for details
[2m19:46:07[0m [38;5;33m[1m[gauge-service       ][0m   
[2m19:46:07[0m [38;5;33m[1m[gauge-service       ][0m   found 0 vulnerabilities
[2m19:46:07[0m [38;5;33m[1m[iron-service        ][0m     run `npm fund` for details
[2m19:46:07[0m [38;5;33m[1m[iron-service        ][0m   
[2m19:46:07[0m [38;5;33m[1m[iron-service        ][0m   found 0 vulnerabilities
[2m19:46:07[0m [38;5;33m[1m[reels-service       ][0m     run `npm fund` for details
[2m19:46:07[0m [38;5;33m[1m[reels-service       ][0m   
[2m19:46:07[0m [38;5;33m[1m[reels-service       ][0m   found 0 vulnerabilities
[2m19:46:07[0m [38;5;33m[1m[games-service       ][0m     run `npm fund` for details
[2m19:46:07[0m [38;5;33m[1m[games-service       ][0m   
[2m19:46:07[0m [38;5;33m[1m[games-service       ][0m   found 0 vulnerabilities
[2m19:46:08[0m [38;5;33m[1m[messages-service    ][0m     npm audit fix
[2m19:46:08[0m [38;5;33m[1m[messages-service    ][0m   
[2m19:46:08[0m [38;5;33m[1m[messages-service    ][0m   Run `npm audit` for details.
[2m19:46:08[0m [38;5;33m[1m[dygest-service      ][0m     run `npm fund` for details
[2m19:46:08[0m [38;5;33m[1m[dygest-service      ][0m   
[2m19:46:08[0m [38;5;33m[1m[dygest-service      ][0m   found 0 vulnerabilities
[2m19:46:08[0m [38;5;33m[1m[clankerbox-service  ][0m     run `npm fund` for details
[2m19:46:08[0m [38;5;33m[1m[clankerbox-service  ][0m   
[2m19:46:08[0m [38;5;33m[1m[clankerbox-service  ][0m   found 0 vulnerabilities
[2m19:46:08[0m [38;5;33m[1m[iron-service        ][0m     run `npm fund` for details
[2m19:46:08[0m [38;5;33m[1m[iron-service        ][0m   
[2m19:46:08[0m [38;5;33m[1m[iron-service        ][0m   found 0 vulnerabilities
[2m19:46:08[0m [38;5;33m[1m[iron-service        ][0m 
[2m19:46:08[0m [38;5;33m[1m[iron-service        ][0m [2m19:46:08[0m [36m[1m▸ Lockfile out of sync — auto-committing[0m
[2m19:46:08[0m [38;5;33m[1m[gauge-service       ][0m     run `npm fund` for details
[2m19:46:08[0m [38;5;33m[1m[gauge-service       ][0m   
[2m19:46:08[0m [38;5;33m[1m[gauge-service       ][0m   found 0 vulnerabilities
[2m19:46:08[0m [38;5;33m[1m[gauge-service       ][0m 
[2m19:46:08[0m [38;5;33m[1m[gauge-service       ][0m [2m19:46:08[0m [36m[1m▸ Lockfile out of sync — auto-committing[0m
[2m19:46:08[0m [38;5;33m[1m[iron-service        ][0m   [master be24c78] chore: sync package-lock.json
[2m19:46:08[0m [38;5;33m[1m[iron-service        ][0m    1 file changed, 1 insertion(+), 1 deletion(-)
[2m19:46:08[0m [38;5;33m[1m[gauge-service       ][0m   [master c3e9237] chore: sync package-lock.json
[2m19:46:08[0m [38;5;33m[1m[gauge-service       ][0m    1 file changed, 1 insertion(+), 1 deletion(-)
[2m19:46:08[0m [38;5;33m[1m[reels-service       ][0m     run `npm fund` for details
[2m19:46:08[0m [38;5;33m[1m[reels-service       ][0m   
[2m19:46:08[0m [38;5;33m[1m[reels-service       ][0m   found 0 vulnerabilities
[2m19:46:08[0m [38;5;33m[1m[reels-service       ][0m 
[2m19:46:08[0m [38;5;33m[1m[reels-service       ][0m [2m19:46:08[0m [36m[1m▸ Lockfile out of sync — auto-committing[0m
[2m19:46:08[0m [38;5;33m[1m[reels-service       ][0m   [master 0332fde] chore: sync package-lock.json
[2m19:46:08[0m [38;5;33m[1m[reels-service       ][0m    1 file changed, 1 insertion(+), 1 deletion(-)
[2m19:46:08[0m [38;5;33m[1m[sessions-service    ][0m     run `npm fund` for details
[2m19:46:08[0m [38;5;33m[1m[sessions-service    ][0m   
[2m19:46:08[0m [38;5;33m[1m[sessions-service    ][0m   found 0 vulnerabilities
[2m19:46:08[0m [38;5;33m[1m[games-service       ][0m     run `npm fund` for details
[2m19:46:08[0m [38;5;33m[1m[games-service       ][0m   
[2m19:46:08[0m [38;5;33m[1m[games-service       ][0m   found 0 vulnerabilities
[2m19:46:08[0m [38;5;33m[1m[games-service       ][0m 
[2m19:46:08[0m [38;5;33m[1m[games-service       ][0m [2m19:46:08[0m [36m[1m▸ Lockfile out of sync — auto-committing[0m
[2m19:46:08[0m [38;5;33m[1m[games-service       ][0m   [master babd586] chore: sync package-lock.json
[2m19:46:08[0m [38;5;33m[1m[games-service       ][0m    1 file changed, 1 insertion(+), 1 deletion(-)
[2m19:46:09[0m [38;5;33m[1m[messages-service    ][0m     npm audit fix
[2m19:46:09[0m [38;5;33m[1m[messages-service    ][0m   
[2m19:46:09[0m [38;5;33m[1m[messages-service    ][0m   Run `npm audit` for details.
[2m19:46:09[0m [38;5;33m[1m[messages-service    ][0m 
[2m19:46:09[0m [38;5;33m[1m[messages-service    ][0m [2m19:46:09[0m [36m[1m▸ Lockfile out of sync — auto-committing[0m
[2m19:46:09[0m [38;5;33m[1m[messages-service    ][0m   [master bb3f3cb] chore: sync package-lock.json
[2m19:46:09[0m [38;5;33m[1m[messages-service    ][0m    1 file changed, 1 insertion(+), 1 deletion(-)
[2m19:46:09[0m [38;5;33m[1m[dygest-service      ][0m     run `npm fund` for details
[2m19:46:09[0m [38;5;33m[1m[dygest-service      ][0m   
[2m19:46:09[0m [38;5;33m[1m[dygest-service      ][0m   found 0 vulnerabilities
[2m19:46:09[0m [38;5;33m[1m[dygest-service      ][0m 
[2m19:46:09[0m [38;5;33m[1m[dygest-service      ][0m [2m19:46:09[0m [36m[1m▸ Lockfile out of sync — auto-committing[0m
[2m19:46:09[0m [38;5;33m[1m[dygest-service      ][0m   [master cf80c5c] chore: sync package-lock.json
[2m19:46:09[0m [38;5;33m[1m[dygest-service      ][0m    1 file changed, 1 insertion(+), 1 deletion(-)
[2m19:46:09[0m [38;5;33m[1m[clankerbox-service  ][0m     run `npm fund` for details
[2m19:46:09[0m [38;5;33m[1m[clankerbox-service  ][0m   
[2m19:46:09[0m [38;5;33m[1m[clankerbox-service  ][0m   found 0 vulnerabilities
[2m19:46:09[0m [38;5;33m[1m[clankerbox-service  ][0m 
[2m19:46:09[0m [38;5;33m[1m[clankerbox-service  ][0m [2m19:46:09[0m [36m[1m▸ Lockfile out of sync — auto-committing[0m
[2m19:46:09[0m [38;5;33m[1m[clankerbox-service  ][0m   [master 112ab5f] chore: sync package-lock.json
[2m19:46:09[0m [38;5;33m[1m[clankerbox-service  ][0m    1 file changed, 1 insertion(+), 1 deletion(-)
[2m19:46:09[0m [38;5;33m[1m[ledger-service      ][0m     run `npm fund` for details
[2m19:46:09[0m [38;5;33m[1m[ledger-service      ][0m   
[2m19:46:09[0m [38;5;33m[1m[ledger-service      ][0m   found 0 vulnerabilities
[2m19:46:09[0m [38;5;33m[1m[sessions-service    ][0m     run `npm fund` for details
[2m19:46:09[0m [38;5;33m[1m[sessions-service    ][0m   
[2m19:46:09[0m [38;5;33m[1m[sessions-service    ][0m   found 0 vulnerabilities
[2m19:46:09[0m [38;5;33m[1m[sessions-service    ][0m 
[2m19:46:09[0m [38;5;33m[1m[sessions-service    ][0m [2m19:46:09[0m [36m[1m▸ Lockfile out of sync — auto-committing[0m
[2m19:46:09[0m [38;5;33m[1m[sessions-service    ][0m   [master dcb170c] chore: sync package-lock.json
[2m19:46:09[0m [38;5;33m[1m[sessions-service    ][0m    1 file changed, 1 insertion(+), 1 deletion(-)
[2m19:46:10[0m [38;5;33m[1m[gauge-service       ][0m   To github.com:rodrigo-barraza/gauge-service.git
[2m19:46:10[0m [38;5;33m[1m[gauge-service       ][0m      1fa0a44..c3e9237  master -> master
[2m19:46:10[0m [38;5;33m[1m[gauge-service       ][0m [2m19:46:10[0m   [32m✔ Lockfile committed and pushed (now at c3e9237)[0m
[2m19:46:10[0m [38;5;33m[1m[gauge-service       ][0m 
[2m19:46:10[0m [38;5;33m[1m[gauge-service       ][0m [2m19:46:10[0m [36m[1m▸ Running Tests[0m
[2m19:46:10[0m [38;5;33m[1m[reels-service       ][0m   To github.com:rodrigo-barraza/reels-service.git
[2m19:46:10[0m [38;5;33m[1m[reels-service       ][0m      c86d360..0332fde  master -> master
[2m19:46:10[0m [38;5;33m[1m[reels-service       ][0m [2m19:46:10[0m   [32m✔ Lockfile committed and pushed (now at 0332fde)[0m
[2m19:46:10[0m [38;5;33m[1m[reels-service       ][0m 
[2m19:46:10[0m [38;5;33m[1m[reels-service       ][0m [2m19:46:10[0m [36m[1m▸ Running Tests[0m
[2m19:46:10[0m [38;5;33m[1m[games-service       ][0m   To github.com:rodrigo-barraza/games-service.git
[2m19:46:10[0m [38;5;33m[1m[games-service       ][0m      4a5d122..babd586  master -> master
[2m19:46:10[0m [38;5;33m[1m[games-service       ][0m [2m19:46:10[0m   [32m✔ Lockfile committed and pushed (now at babd586)[0m
[2m19:46:10[0m [38;5;33m[1m[games-service       ][0m 
[2m19:46:10[0m [38;5;33m[1m[games-service       ][0m [2m19:46:10[0m [36m[1m▸ Running Tests[0m
[2m19:46:10[0m [38;5;33m[1m[messages-service    ][0m   To github.com:rodrigo-barraza/messages-service.git
[2m19:46:10[0m [38;5;33m[1m[messages-service    ][0m      f0b3e3d..bb3f3cb  master -> master
[2m19:46:10[0m [38;5;33m[1m[messages-service    ][0m [2m19:46:10[0m   [32m✔ Lockfile committed and pushed (now at bb3f3cb)[0m
[2m19:46:10[0m [38;5;33m[1m[messages-service    ][0m 
[2m19:46:10[0m [38;5;33m[1m[messages-service    ][0m [2m19:46:10[0m [36m[1m▸ Running Tests[0m
[2m19:46:10[0m [38;5;33m[1m[dygest-service      ][0m   To github.com:rodrigo-barraza/dygest-service.git
[2m19:46:10[0m [38;5;33m[1m[ledger-service      ][0m     run `npm fund` for details
[2m19:46:10[0m [38;5;33m[1m[ledger-service      ][0m   
[2m19:46:10[0m [38;5;33m[1m[dygest-service      ][0m      06f8acb..cf80c5c  master -> master
[2m19:46:10[0m [38;5;33m[1m[dygest-service      ][0m [2m19:46:10[0m   [32m✔ Lockfile committed and pushed (now at cf80c5c)[0m
[2m19:46:10[0m [38;5;33m[1m[ledger-service      ][0m   found 0 vulnerabilities
[2m19:46:10[0m [38;5;33m[1m[dygest-service      ][0m 
[2m19:46:10[0m [38;5;33m[1m[ledger-service      ][0m 
[2m19:46:10[0m [38;5;33m[1m[dygest-service      ][0m [2m19:46:10[0m [36m[1m▸ Running Tests[0m
[2m19:46:10[0m [38;5;33m[1m[ledger-service      ][0m [2m19:46:10[0m [36m[1m▸ Lockfile out of sync — auto-committing[0m
[2m19:46:10[0m [38;5;33m[1m[ledger-service      ][0m   [master 382e56f] chore: sync package-lock.json
[2m19:46:10[0m [38;5;33m[1m[ledger-service      ][0m    1 file changed, 1 insertion(+), 1 deletion(-)
[2m19:46:10[0m [38;5;33m[1m[clankerbox-service  ][0m   To github.com:rodrigo-barraza/clankerbox-service.git
[2m19:46:10[0m [38;5;33m[1m[clankerbox-service  ][0m      4875aaa..112ab5f  master -> master
[2m19:46:10[0m [38;5;33m[1m[clankerbox-service  ][0m [2m19:46:10[0m   [32m✔ Lockfile committed and pushed (now at 112ab5f)[0m
[2m19:46:10[0m [38;5;33m[1m[clankerbox-service  ][0m 
[2m19:46:10[0m [38;5;33m[1m[clankerbox-service  ][0m [2m19:46:10[0m [36m[1m▸ Running Tests[0m
[2m19:46:11[0m [38;5;33m[1m[sessions-service    ][0m   To github.com:rodrigo-barraza/sessions-service.git
[2m19:46:11[0m [38;5;33m[1m[sessions-service    ][0m      cdf98c8..dcb170c  master -> master
[2m19:46:11[0m [38;5;33m[1m[sessions-service    ][0m [2m19:46:11[0m   [32m✔ Lockfile committed and pushed (now at dcb170c)[0m
[2m19:46:11[0m [38;5;33m[1m[sessions-service    ][0m 
[2m19:46:11[0m [38;5;33m[1m[sessions-service    ][0m [2m19:46:11[0m [36m[1m▸ Running Tests[0m
[2m19:46:11[0m [38;5;33m[1m[gauge-service       ][0m   
[2m19:46:11[0m [38;5;33m[1m[reels-service       ][0m   
[2m19:46:11[0m [38;5;33m[1m[gauge-service       ][0m   > gauge-service@0.1.0 test
[2m19:46:11[0m [38;5;33m[1m[reels-service       ][0m   > reels-service@0.2.0 test
[2m19:46:11[0m [38;5;33m[1m[gauge-service       ][0m   > vitest run --passWithNoTests
[2m19:46:11[0m [38;5;33m[1m[reels-service       ][0m   > vitest run --passWithNoTests
[2m19:46:11[0m [38;5;33m[1m[gauge-service       ][0m   
[2m19:46:11[0m [38;5;33m[1m[reels-service       ][0m   
[2m19:46:11[0m [38;5;33m[1m[gauge-service       ][0m   
[2m19:46:11[0m [38;5;33m[1m[reels-service       ][0m   
[2m19:46:11[0m [38;5;33m[1m[gauge-service       ][0m   [1m[30m[46m RUN [49m[39m[22m [36mv4.1.5 [39m[90m/home/rodrigo/development/gauge-service[39m
[2m19:46:11[0m [38;5;33m[1m[reels-service       ][0m   [1m[30m[46m RUN [49m[39m[22m [36mv4.1.5 [39m[90m/home/rodrigo/development/reels-service[39m
[2m19:46:11[0m [38;5;33m[1m[gauge-service       ][0m   
[2m19:46:11[0m [38;5;33m[1m[reels-service       ][0m   
[2m19:46:11[0m [38;5;33m[1m[gauge-service       ][0m    [32m✓[39m tests/health.test.ts [2m([22m[2m7 tests[22m[2m)[22m[32m 26[2mms[22m[39m
[2m19:46:11[0m [38;5;33m[1m[reels-service       ][0m    [32m✓[39m tests/health.test.ts [2m([22m[2m7 tests[22m[2m)[22m[32m 36[2mms[22m[39m
[2m19:46:11[0m [38;5;33m[1m[gauge-service       ][0m   
[2m19:46:11[0m [38;5;33m[1m[reels-service       ][0m   
[2m19:46:11[0m [38;5;33m[1m[gauge-service       ][0m   [2m Test Files [22m [1m[32m1 passed[39m[22m[90m (1)[39m
[2m19:46:11[0m [38;5;33m[1m[reels-service       ][0m   [2m Test Files [22m [1m[32m1 passed[39m[22m[90m (1)[39m
[2m19:46:11[0m [38;5;33m[1m[gauge-service       ][0m   [2m      Tests [22m [1m[32m7 passed[39m[22m[90m (7)[39m
[2m19:46:11[0m [38;5;33m[1m[reels-service       ][0m   [2m      Tests [22m [1m[32m7 passed[39m[22m[90m (7)[39m
[2m19:46:11[0m [38;5;33m[1m[gauge-service       ][0m   [2m   Start at [22m 19:46:11
[2m19:46:11[0m [38;5;33m[1m[reels-service       ][0m   [2m   Start at [22m 19:46:11
[2m19:46:11[0m [38;5;33m[1m[gauge-service       ][0m   [2m   Duration [22m 390ms[2m (transform 59ms, setup 0ms, import 89ms, tests 26ms, environment 0ms)[22m
[2m19:46:11[0m [38;5;33m[1m[reels-service       ][0m   [2m   Duration [22m 385ms[2m (transform 95ms, setup 0ms, import 127ms, tests 36ms, environment 0ms)[22m
[2m19:46:11[0m [38;5;33m[1m[gauge-service       ][0m   
[2m19:46:11[0m [38;5;33m[1m[reels-service       ][0m   
[2m19:46:11[0m [38;5;33m[1m[gauge-service       ][0m [2m19:46:11[0m   [32m✔ Tests passed in 1s[0m
[2m19:46:11[0m [38;5;33m[1m[reels-service       ][0m [2m19:46:11[0m   [32m✔ Tests passed in 1s[0m
[2m19:46:11[0m [38;5;33m[1m[reels-service       ][0m 
[2m19:46:11[0m [38;5;33m[1m[gauge-service       ][0m 
[2m19:46:11[0m [38;5;33m[1m[reels-service       ][0m [2m19:46:11[0m [36m[1m▸ Building Docker image[0m
[2m19:46:11[0m [38;5;33m[1m[gauge-service       ][0m [2m19:46:11[0m [36m[1m▸ Building Docker image[0m
[2m19:46:11[0m [38;5;33m[1m[reels-service       ][0m [2m19:46:11[0m   [2mTags: reels-service:latest, reels-service:0332fde[0m
[2m19:46:11[0m [38;5;33m[1m[gauge-service       ][0m [2m19:46:11[0m   [2mTags: gauge-service:latest, gauge-service:c3e9237[0m
[2m19:46:11[0m [38;5;33m[1m[games-service       ][0m   
[2m19:46:11[0m [38;5;33m[1m[games-service       ][0m   > games-service@0.1.0 test
[2m19:46:11[0m [38;5;33m[1m[games-service       ][0m   > vitest run --passWithNoTests
[2m19:46:11[0m [38;5;33m[1m[games-service       ][0m   
[2m19:46:11[0m [38;5;33m[1m[games-service       ][0m   
[2m19:46:11[0m [38;5;33m[1m[games-service       ][0m   [1m[30m[46m RUN [49m[39m[22m [36mv4.1.6 [39m[90m/home/rodrigo/development/games-service[39m
[2m19:46:11[0m [38;5;33m[1m[games-service       ][0m   
[2m19:46:11[0m [38;5;33m[1m[games-service       ][0m    [32m✓[39m tests/health.test.ts [2m([22m[2m6 tests[22m[2m)[22m[32m 17[2mms[22m[39m
[2m19:46:11[0m [38;5;33m[1m[games-service       ][0m   
[2m19:46:11[0m [38;5;33m[1m[games-service       ][0m   [2m Test Files [22m [1m[32m1 passed[39m[22m[90m (1)[39m
[2m19:46:11[0m [38;5;33m[1m[games-service       ][0m   [2m      Tests [22m [1m[32m6 passed[39m[22m[90m (6)[39m
[2m19:46:11[0m [38;5;33m[1m[games-service       ][0m   [2m   Start at [22m 19:46:11
[2m19:46:11[0m [38;5;33m[1m[games-service       ][0m   [2m   Duration [22m 370ms[2m (transform 74ms, setup 0ms, import 101ms, tests 17ms, environment 0ms)[22m
[2m19:46:11[0m [38;5;33m[1m[games-service       ][0m   
[2m19:46:11[0m [38;5;33m[1m[games-service       ][0m [2m19:46:11[0m   [32m✔ Tests passed in 1s[0m
[2m19:46:11[0m [38;5;33m[1m[games-service       ][0m 
[2m19:46:11[0m [38;5;33m[1m[games-service       ][0m [2m19:46:11[0m [36m[1m▸ Building Docker image[0m
[2m19:46:11[0m [38;5;33m[1m[games-service       ][0m [2m19:46:11[0m   [2mTags: games-service:latest, games-service:babd586[0m
[2m19:46:12[0m [38;5;33m[1m[dygest-service      ][0m   
[2m19:46:12[0m [38;5;33m[1m[dygest-service      ][0m   > dygest-service@0.1.0 test
[2m19:46:12[0m [38;5;33m[1m[dygest-service      ][0m   > vitest run --passWithNoTests
[2m19:46:12[0m [38;5;33m[1m[dygest-service      ][0m   
[2m19:46:12[0m [38;5;33m[1m[dygest-service      ][0m   
[2m19:46:12[0m [38;5;33m[1m[dygest-service      ][0m   [1m[30m[46m RUN [49m[39m[22m [36mv4.1.5 [39m[90m/home/rodrigo/development/dygest-service[39m
[2m19:46:12[0m [38;5;33m[1m[dygest-service      ][0m   
[2m19:46:12[0m [38;5;33m[1m[dygest-service      ][0m    [32m✓[39m tests/health.test.ts [2m([22m[2m7 tests[22m[2m)[22m[32m 24[2mms[22m[39m
[2m19:46:12[0m [38;5;33m[1m[dygest-service      ][0m    [32m✓[39m tests/Smoke.test.ts [2m([22m[2m3 tests[22m[2m)[22m[32m 62[2mms[22m[39m
[2m19:46:12[0m [38;5;33m[1m[dygest-service      ][0m   
[2m19:46:12[0m [38;5;33m[1m[dygest-service      ][0m   [2m Test Files [22m [1m[32m2 passed[39m[22m[90m (2)[39m
[2m19:46:12[0m [38;5;33m[1m[dygest-service      ][0m   [2m      Tests [22m [1m[32m10 passed[39m[22m[90m (10)[39m
[2m19:46:12[0m [38;5;33m[1m[dygest-service      ][0m   [2m   Start at [22m 19:46:11
[2m19:46:12[0m [38;5;33m[1m[dygest-service      ][0m   [2m   Duration [22m 370ms[2m (transform 180ms, setup 0ms, import 169ms, tests 85ms, environment 0ms)[22m
[2m19:46:12[0m [38;5;33m[1m[dygest-service      ][0m   
[2m19:46:12[0m [38;5;33m[1m[dygest-service      ][0m [2m19:46:12[0m   [32m✔ Tests passed in 2s[0m
[2m19:46:12[0m [38;5;33m[1m[clankerbox-service  ][0m   
[2m19:46:12[0m [38;5;33m[1m[clankerbox-service  ][0m   > clankerbox-service@0.1.0 test
[2m19:46:12[0m [38;5;33m[1m[clankerbox-service  ][0m   > vitest run --passWithNoTests
[2m19:46:12[0m [38;5;33m[1m[clankerbox-service  ][0m   
[2m19:46:12[0m [38;5;33m[1m[clankerbox-service  ][0m   
[2m19:46:12[0m [38;5;33m[1m[clankerbox-service  ][0m   [1m[30m[46m RUN [49m[39m[22m [36mv4.1.5 [39m[90m/home/rodrigo/development/clankerbox-service[39m
[2m19:46:12[0m [38;5;33m[1m[clankerbox-service  ][0m   
[2m19:46:12[0m [38;5;33m[1m[clankerbox-service  ][0m    [32m✓[39m tests/health.test.ts [2m([22m[2m7 tests[22m[2m)[22m[32m 37[2mms[22m[39m
[2m19:46:12[0m [38;5;33m[1m[clankerbox-service  ][0m   
[2m19:46:12[0m [38;5;33m[1m[clankerbox-service  ][0m   [2m Test Files [22m [1m[32m1 passed[39m[22m[90m (1)[39m
[2m19:46:12[0m [38;5;33m[1m[dygest-service      ][0m 
[2m19:46:12[0m [38;5;33m[1m[dygest-service      ][0m [2m19:46:12[0m [36m[1m▸ Building Docker image[0m
[2m19:46:12[0m [38;5;33m[1m[clankerbox-service  ][0m   [2m      Tests [22m [1m[32m7 passed[39m[22m[90m (7)[39m
[2m19:46:12[0m [38;5;33m[1m[clankerbox-service  ][0m   [2m   Start at [22m 19:46:11
[2m19:46:12[0m [38;5;33m[1m[dygest-service      ][0m [2m19:46:12[0m   [2mTags: dygest-service:latest, dygest-service:cf80c5c[0m
[2m19:46:12[0m [38;5;33m[1m[clankerbox-service  ][0m   [2m   Duration [22m 376ms[2m (transform 76ms, setup 0ms, import 99ms, tests 37ms, environment 0ms)[22m
[2m19:46:12[0m [38;5;33m[1m[clankerbox-service  ][0m   
[2m19:46:12[0m [38;5;33m[1m[clankerbox-service  ][0m [2m19:46:12[0m   [32m✔ Tests passed in 2s[0m
[2m19:46:12[0m [38;5;33m[1m[clankerbox-service  ][0m 
[2m19:46:12[0m [38;5;33m[1m[clankerbox-service  ][0m [2m19:46:12[0m [36m[1m▸ Building Docker image[0m
[2m19:46:12[0m [38;5;33m[1m[clankerbox-service  ][0m [2m19:46:12[0m   [2mTags: clankerbox-service:latest, clankerbox-service:112ab5f[0m
[2m19:46:12[0m [38;5;33m[1m[ledger-service      ][0m   To github.com:rodrigo-barraza/ledger-service.git
[2m19:46:12[0m [38;5;33m[1m[ledger-service      ][0m      5824fde..382e56f  master -> master
[2m19:46:12[0m [38;5;33m[1m[ledger-service      ][0m [2m19:46:12[0m   [32m✔ Lockfile committed and pushed (now at 382e56f)[0m
[2m19:46:12[0m [38;5;33m[1m[ledger-service      ][0m 
[2m19:46:12[0m [38;5;33m[1m[ledger-service      ][0m [2m19:46:12[0m [36m[1m▸ Running Tests[0m
[2m19:46:12[0m [38;5;33m[1m[sessions-service    ][0m   
[2m19:46:12[0m [38;5;33m[1m[sessions-service    ][0m   > sessions-service@1.0.0 test
[2m19:46:12[0m [38;5;33m[1m[sessions-service    ][0m   > vitest run --passWithNoTests
[2m19:46:12[0m [38;5;33m[1m[sessions-service    ][0m   
[2m19:46:12[0m [38;5;33m[1m[sessions-service    ][0m   
[2m19:46:12[0m [38;5;33m[1m[sessions-service    ][0m   [1m[30m[46m RUN [49m[39m[22m [36mv4.1.6 [39m[90m/home/rodrigo/development/sessions-service[39m
[2m19:46:12[0m [38;5;33m[1m[sessions-service    ][0m   
[2m19:46:12[0m [38;5;33m[1m[sessions-service    ][0m    [32m✓[39m tests/health.test.ts [2m([22m[2m7 tests[22m[2m)[22m[32m 23[2mms[22m[39m
[2m19:46:12[0m [38;5;33m[1m[sessions-service    ][0m   
[2m19:46:12[0m [38;5;33m[1m[sessions-service    ][0m   [2m Test Files [22m [1m[32m1 passed[39m[22m[90m (1)[39m
[2m19:46:12[0m [38;5;33m[1m[sessions-service    ][0m   [2m      Tests [22m [1m[32m7 passed[39m[22m[90m (7)[39m
[2m19:46:12[0m [38;5;33m[1m[sessions-service    ][0m   [2m   Start at [22m 19:46:12
[2m19:46:12[0m [38;5;33m[1m[sessions-service    ][0m   [2m   Duration [22m 360ms[2m (transform 70ms, setup 0ms, import 100ms, tests 23ms, environment 0ms)[22m
[2m19:46:12[0m [38;5;33m[1m[sessions-service    ][0m   
[2m19:46:12[0m [38;5;33m[1m[sessions-service    ][0m [2m19:46:12[0m   [32m✔ Tests passed in 1s[0m
[2m19:46:12[0m [38;5;33m[1m[sessions-service    ][0m 
[2m19:46:12[0m [38;5;33m[1m[sessions-service    ][0m [2m19:46:12[0m [36m[1m▸ Building Docker image[0m
[2m19:46:12[0m [38;5;33m[1m[sessions-service    ][0m [2m19:46:12[0m   [2mTags: sessions-service:latest, sessions-service:dcb170c[0m
[2m19:46:12[0m [38;5;33m[1m[messages-service    ][0m   
[2m19:46:12[0m [38;5;33m[1m[messages-service    ][0m   > messages-service@0.1.0 test
[2m19:46:12[0m [38;5;33m[1m[messages-service    ][0m   > vitest run --passWithNoTests
[2m19:46:12[0m [38;5;33m[1m[messages-service    ][0m   
[2m19:46:12[0m [38;5;33m[1m[messages-service    ][0m   
[2m19:46:12[0m [38;5;33m[1m[messages-service    ][0m   [1m[30m[46m RUN [49m[39m[22m [36mv4.1.5 [39m[90m/home/rodrigo/development/messages-service[39m
[2m19:46:12[0m [38;5;33m[1m[messages-service    ][0m   
[2m19:46:12[0m [38;5;33m[1m[messages-service    ][0m    [32m✓[39m tests/health.test.ts [2m([22m[2m6 tests[22m[2m)[22m[32m 17[2mms[22m[39m
[2m19:46:12[0m [38;5;33m[1m[messages-service    ][0m    [32m✓[39m tests/services/MessageStoreService.test.ts [2m([22m[2m2 tests[22m[2m)[22m[32m 13[2mms[22m[39m
[2m19:46:12[0m [38;5;33m[1m[messages-service    ][0m   [90mstdout[2m | tests/routes/MessageRoutes.test.ts[2m > [22m[2mMessageRoutes[2m > [22m[2mPOST /messages/send returns 200 and sends message
[2m19:46:12[0m [38;5;33m[1m[messages-service    ][0m   [22m[39m[19:46:12] OK    [messages] Message sent to +15551234567 (SID: SM123)
[2m19:46:12[0m [38;5;33m[1m[messages-service    ][0m   
[2m19:46:12[0m [38;5;33m[1m[messages-service    ][0m    [32m✓[39m tests/routes/MessageRoutes.test.ts [2m([22m[2m3 tests[22m[2m)[22m[32m 100[2mms[22m[39m
[2m19:46:12[0m [38;5;33m[1m[messages-service    ][0m   
[2m19:46:12[0m [38;5;33m[1m[messages-service    ][0m   [2m Test Files [22m [1m[32m3 passed[39m[22m[90m (3)[39m
[2m19:46:12[0m [38;5;33m[1m[messages-service    ][0m   [2m      Tests [22m [1m[32m11 passed[39m[22m[90m (11)[39m
[2m19:46:12[0m [38;5;33m[1m[messages-service    ][0m   [2m   Start at [22m 19:46:11
[2m19:46:12[0m [38;5;33m[1m[messages-service    ][0m   [2m   Duration [22m 975ms[2m (transform 265ms, setup 0ms, import 1.12s, tests 131ms, environment 1ms)[22m
[2m19:46:12[0m [38;5;33m[1m[messages-service    ][0m   
[2m19:46:12[0m [38;5;33m[1m[messages-service    ][0m [2m19:46:12[0m   [32m✔ Tests passed in 2s[0m
[2m19:46:12[0m [38;5;33m[1m[messages-service    ][0m 
[2m19:46:12[0m [38;5;33m[1m[messages-service    ][0m [2m19:46:12[0m [36m[1m▸ Building Docker image[0m
[2m19:46:12[0m [38;5;33m[1m[messages-service    ][0m [2m19:46:12[0m   [2mTags: messages-service:latest, messages-service:bb3f3cb[0m
[2m19:46:14[0m [38;5;33m[1m[ledger-service      ][0m   
[2m19:46:14[0m [38;5;33m[1m[ledger-service      ][0m   > ledger-service@0.1.0 test
[2m19:46:14[0m [38;5;33m[1m[ledger-service      ][0m   > vitest run --passWithNoTests
[2m19:46:14[0m [38;5;33m[1m[ledger-service      ][0m   
[2m19:46:14[0m [38;5;33m[1m[ledger-service      ][0m   
[2m19:46:14[0m [38;5;33m[1m[ledger-service      ][0m   [1m[30m[46m RUN [49m[39m[22m [36mv4.1.5 [39m[90m/home/rodrigo/development/ledger-service[39m
[2m19:46:14[0m [38;5;33m[1m[ledger-service      ][0m   
[2m19:46:14[0m [38;5;33m[1m[ledger-service      ][0m    [32m✓[39m tests/health.test.ts [2m([22m[2m6 tests[22m[2m)[22m[32m 20[2mms[22m[39m
[2m19:46:14[0m [38;5;33m[1m[ledger-service      ][0m    [32m✓[39m tests/services/TaxCalculatorService.test.ts [2m([22m[2m7 tests[22m[2m)[22m[32m 14[2mms[22m[39m
[2m19:46:14[0m [38;5;33m[1m[ledger-service      ][0m    [32m✓[39m tests/services/TemporalMigration.test.ts [2m([22m[2m27 tests[22m[2m)[22m[32m 47[2mms[22m[39m
[2m19:46:14[0m [38;5;33m[1m[ledger-service      ][0m    [32m✓[39m tests/services/SettingsService.test.ts [2m([22m[2m6 tests[22m[2m)[22m[32m 7[2mms[22m[39m
[2m19:46:14[0m [38;5;33m[1m[ledger-service      ][0m    [32m✓[39m tests/services/DashboardService.test.ts [2m([22m[2m4 tests[22m[2m)[22m[32m 16[2mms[22m[39m
[2m19:46:14[0m [38;5;33m[1m[ledger-service      ][0m   
[2m19:46:14[0m [38;5;33m[1m[ledger-service      ][0m   [2m Test Files [22m [1m[32m5 passed[39m[22m[90m (5)[39m
[2m19:46:14[0m [38;5;33m[1m[ledger-service      ][0m   [2m      Tests [22m [1m[32m50 passed[39m[22m[90m (50)[39m
[2m19:46:14[0m [38;5;33m[1m[ledger-service      ][0m   [2m   Start at [22m 19:46:13
[2m19:46:14[0m [38;5;33m[1m[ledger-service      ][0m   [2m   Duration [22m 1.22s[2m (transform 625ms, setup 0ms, import 3.13s, tests 104ms, environment 1ms)[22m
[2m19:46:14[0m [38;5;33m[1m[ledger-service      ][0m   
[2m19:46:14[0m [38;5;33m[1m[ledger-service      ][0m [2m19:46:14[0m   [32m✔ Tests passed in 2s[0m
[2m19:46:14[0m [38;5;33m[1m[ledger-service      ][0m 
[2m19:46:14[0m [38;5;33m[1m[ledger-service      ][0m [2m19:46:14[0m [36m[1m▸ Building Docker image[0m
[2m19:46:14[0m [38;5;33m[1m[ledger-service      ][0m [2m19:46:14[0m   [2mTags: ledger-service:latest, ledger-service:382e56f[0m
[2m19:46:15[0m [38;5;33m[1m[iron-service        ][0m   To github.com:rodrigo-barraza/iron-service.git
[2m19:46:15[0m [38;5;33m[1m[iron-service        ][0m      6a1ff39..be24c78  master -> master
[2m19:46:15[0m [38;5;33m[1m[iron-service        ][0m [2m19:46:15[0m   [32m✔ Lockfile committed and pushed (now at be24c78)[0m
[2m19:46:15[0m [38;5;33m[1m[iron-service        ][0m 
[2m19:46:15[0m [38;5;33m[1m[iron-service        ][0m [2m19:46:15[0m [36m[1m▸ Running Tests[0m
[2m19:46:16[0m [38;5;33m[1m[iron-service        ][0m   
[2m19:46:16[0m [38;5;33m[1m[iron-service        ][0m   > iron-service@0.1.0 test
[2m19:46:16[0m [38;5;33m[1m[iron-service        ][0m   > vitest run --passWithNoTests
[2m19:46:16[0m [38;5;33m[1m[iron-service        ][0m   
[2m19:46:16[0m [38;5;33m[1m[iron-service        ][0m   
[2m19:46:16[0m [38;5;33m[1m[iron-service        ][0m   [1m[30m[46m RUN [49m[39m[22m [36mv4.1.5 [39m[90m/home/rodrigo/development/iron-service[39m
[2m19:46:16[0m [38;5;33m[1m[iron-service        ][0m   
[2m19:46:16[0m [38;5;33m[1m[iron-service        ][0m    [32m✓[39m tests/health.test.ts [2m([22m[2m6 tests[22m[2m)[22m[32m 17[2mms[22m[39m
[2m19:46:16[0m [38;5;33m[1m[iron-service        ][0m   
[2m19:46:16[0m [38;5;33m[1m[iron-service        ][0m   [2m Test Files [22m [1m[32m1 passed[39m[22m[90m (1)[39m
[2m19:46:16[0m [38;5;33m[1m[iron-service        ][0m   [2m      Tests [22m [1m[32m6 passed[39m[22m[90m (6)[39m
[2m19:46:16[0m [38;5;33m[1m[iron-service        ][0m   [2m   Start at [22m 19:46:16
[2m19:46:17[0m [38;5;33m[1m[iron-service        ][0m   [2m   Duration [22m 367ms[2m (transform 71ms, setup 0ms, import 101ms, tests 17ms, environment 0ms)[22m
[2m19:46:17[0m [38;5;33m[1m[iron-service        ][0m   
[2m19:46:17[0m [38;5;33m[1m[iron-service        ][0m [2m19:46:16[0m   [32m✔ Tests passed in 1s[0m
[2m19:46:17[0m [38;5;33m[1m[iron-service        ][0m 
[2m19:46:17[0m [38;5;33m[1m[iron-service        ][0m [2m19:46:17[0m [36m[1m▸ Building Docker image[0m
[2m19:46:17[0m [38;5;33m[1m[iron-service        ][0m [2m19:46:17[0m   [2mTags: iron-service:latest, iron-service:be24c78[0m
[2m19:46:18[0m [38;5;34m[1m[reels-client        ][0m   #14 CACHED
[2m19:46:18[0m [38;5;34m[1m[reels-client        ][0m   
[2m19:46:18[0m [38;5;34m[1m[reels-client        ][0m   #15 [runner 4/7] COPY --from=builder /app/public ./public
[2m19:46:18[0m [38;5;34m[1m[reels-client        ][0m   #15 CACHED
[2m19:46:18[0m [38;5;34m[1m[reels-client        ][0m   
[2m19:46:18[0m [38;5;34m[1m[reels-client        ][0m   #16 [runner 5/7] COPY --from=builder --chown=nextjs:nodejs /app/.next/standalone ./
[2m19:46:18[0m [38;5;34m[1m[reels-client        ][0m   #16 DONE 0.8s
[2m19:46:18[0m [38;5;34m[1m[reels-client        ][0m   
[2m19:46:18[0m [38;5;34m[1m[reels-client        ][0m   #17 [runner 6/7] COPY --from=builder --chown=nextjs:nodejs /app/.next/static ./.next/static
[2m19:46:18[0m [38;5;34m[1m[reels-client        ][0m   #17 DONE 0.3s
[2m19:46:18[0m [38;5;34m[1m[reels-client        ][0m   
[2m19:46:18[0m [38;5;34m[1m[reels-client        ][0m   #18 [runner 7/7] COPY --from=builder --chown=nextjs:nodejs /app/boot.js ./boot.js
[2m19:46:18[0m [38;5;34m[1m[reels-client        ][0m   #18 DONE 0.3s
[2m19:46:18[0m [38;5;34m[1m[reels-client        ][0m   
[2m19:46:18[0m [38;5;34m[1m[reels-client        ][0m   #19 exporting to image
[2m19:46:18[0m [38;5;34m[1m[reels-client        ][0m   #19 exporting layers
[2m19:46:18[0m [38;5;34m[1m[reels-client        ][0m   #19 exporting layers 3.8s done
[2m19:46:18[0m [38;5;34m[1m[reels-client        ][0m   #19 exporting manifest sha256:2618ecc21bd17249a45bbc332d3745afa7744a652267baf16798c560cad8cd31
[2m19:46:18[0m [38;5;34m[1m[reels-client        ][0m   #19 exporting manifest sha256:2618ecc21bd17249a45bbc332d3745afa7744a652267baf16798c560cad8cd31 0.1s done
[2m19:46:18[0m [38;5;34m[1m[reels-client        ][0m   #19 exporting config sha256:d28bd70cd9d5f057c5dbab16386ba5877f17f419a88be43c88239036429f5171 0.1s done
[2m19:46:18[0m [38;5;34m[1m[reels-client        ][0m   #19 exporting attestation manifest sha256:fff6734a729b9eed049c75e52ba50043ff6efd62a00c8b05f57355b50b6647e8
[2m19:46:18[0m [38;5;34m[1m[reels-client        ][0m   #19 exporting attestation manifest sha256:fff6734a729b9eed049c75e52ba50043ff6efd62a00c8b05f57355b50b6647e8 0.2s done
[2m19:46:18[0m [38;5;34m[1m[reels-client        ][0m   #19 exporting manifest list sha256:e89af405ed0fc61d8b3c95d5b05a1c1ebb5fe5f40cdaae95420b2dca5db08ec9
[2m19:46:18[0m [38;5;34m[1m[reels-client        ][0m   #19 exporting manifest list sha256:e89af405ed0fc61d8b3c95d5b05a1c1ebb5fe5f40cdaae95420b2dca5db08ec9 0.1s done
[2m19:46:18[0m [38;5;34m[1m[reels-client        ][0m   #19 naming to docker.io/library/reels-client:latest done
[2m19:46:18[0m [38;5;34m[1m[reels-client        ][0m   #19 unpacking to docker.io/library/reels-client:latest
[2m19:46:18[0m [38;5;34m[1m[reels-client        ][0m   #19 unpacking to docker.io/library/reels-client:latest 0.9s done
[2m19:46:18[0m [38;5;34m[1m[reels-client        ][0m   #19 naming to docker.io/library/reels-client:df068ec done
[2m19:46:18[0m [38;5;34m[1m[reels-client        ][0m   #19 unpacking to docker.io/library/reels-client:df068ec 0.0s done
[2m19:46:18[0m [38;5;34m[1m[reels-client        ][0m   #19 DONE 5.6s
[2m19:46:18[0m [38;5;34m[1m[reels-client        ][0m [2m19:46:18[0m   [32m✔ Built in 49s[0m
[2m19:46:18[0m [38;5;34m[1m[reels-client        ][0m Untagged: reels-client:df068ec
[2m19:46:18[0m [38;5;34m[1m[reels-client        ][0m [2m19:46:18[0m   [2mRemoved local tag reels-client:df068ec[0m
[2m19:46:18[0m [38;5;34m[1m[reels-client        ][0m 
[2m19:46:18[0m [38;5;34m[1m[reels-client        ][0m [32m[1m══════════════════════════════════════════════════════[0m
[2m19:46:18[0m [38;5;34m[1m[reels-client        ][0m [32m[1m  ✅ Build complete in 65s[0m
[2m19:46:18[0m [38;5;34m[1m[reels-client        ][0m   [2mmaster@df068ec (2026-05-21T02:46:18Z)[0m
[2m19:46:18[0m [38;5;34m[1m[reels-client        ][0m [32m[1m══════════════════════════════════════════════════════[0m
[2m19:46:18[0m [38;5;34m[1m[reels-client        ][0m 
[2m19:46:18[0m [38;5;220m[1m[lupos-bot           ][0m 
[2m19:46:18[0m [38;5;220m[1m[lupos-bot           ][0m [36m[1m══════════════════════════════════════════════════════[0m
[2m19:46:18[0m [38;5;220m[1m[lupos-bot           ][0m [36m[1m  🐺 Lupos Bot — Build[0m
[2m19:46:18[0m [38;5;220m[1m[lupos-bot           ][0m [36m[1m══════════════════════════════════════════════════════[0m
[2m19:46:18[0m [38;5;220m[1m[lupos-bot           ][0m 
[2m19:46:18[0m [38;5;220m[1m[lupos-bot           ][0m [2m19:46:18[0m [36m[1m▸ Validating deployment files[0m
[2m19:46:18[0m [38;5;220m[1m[lupos-bot           ][0m [2m19:46:18[0m   [32m✔ .env.deploy found (17 lines)[0m
[2m19:46:18[0m [38;5;220m[1m[lupos-bot           ][0m [2m19:46:18[0m   [2mBranch: master @ 1939e2c[0m
[2m19:46:18[0m [38;5;220m[1m[lupos-bot           ][0m [2m19:46:18[0m   [2mTime:   2026-05-21T02:46:18Z[0m
[2m19:46:18[0m [38;5;220m[1m[lupos-bot           ][0m 
[2m19:46:18[0m [38;5;220m[1m[lupos-bot           ][0m [2m19:46:18[0m [36m[1m▸ Pulling latest changes[0m
[2m19:46:18[0m [38;5;34m[1m[reels-client        ][0m 
[2m19:46:18[0m [38;5;34m[1m[reels-client        ][0m [36m[1m══════════════════════════════════════════════════════[0m
[2m19:46:18[0m [38;5;34m[1m[reels-client        ][0m [36m[1m  🎬 Reels Client — Transfer to synology[0m
[2m19:46:18[0m [38;5;34m[1m[reels-client        ][0m [36m[1m══════════════════════════════════════════════════════[0m
[2m19:46:19[0m [38;5;34m[1m[reels-client        ][0m [2m19:46:18[0m   [32m✔ SSH access to nas confirmed[0m
[2m19:46:19[0m [38;5;34m[1m[reels-client        ][0m 
[2m19:46:19[0m [38;5;34m[1m[reels-client        ][0m [2m19:46:19[0m [36m[1m▸ Transferring image via SSH → nas (synology)[0m
[2m19:46:19[0m [38;5;34m[1m[reels-client        ][0m [2m19:46:19[0m   [2mSyncing docker-compose.yml...[0m
[2m19:46:19[0m [38;5;34m[1m[reels-client        ][0m [2m19:46:19[0m   [2mSyncing .env.deploy → .env...[0m
[2m19:46:19[0m [38;5;34m[1m[reels-client        ][0m [2m19:46:19[0m   [32m✔ .env synced[0m
[2m19:46:19[0m [38;5;34m[1m[reels-client        ][0m [2m19:46:19[0m   [2mTagging current :latest as :previous for rollback...[0m
[2m19:46:19[0m [38;5;34m[1m[reels-client        ][0m [2m19:46:19[0m   [32m✔ Rollback image saved as reels-client:previous[0m
[2m19:46:19[0m [38;5;34m[1m[reels-client        ][0m [2m19:46:19[0m   [2mPiping image over SSH (this may take a moment)...[0m
[2m19:46:20[0m [38;5;220m[1m[lupos-bot           ][0m   Already up to date.
[2m19:46:20[0m [38;5;220m[1m[lupos-bot           ][0m [2m19:46:20[0m   [32m✔ Now at 1939e2c[0m
[2m19:46:20[0m [38;5;220m[1m[lupos-bot           ][0m 
[2m19:46:20[0m [38;5;220m[1m[lupos-bot           ][0m [2m19:46:20[0m [36m[1m▸ Syncing dependencies[0m
[2m19:46:20[0m [38;5;220m[1m[lupos-bot           ][0m [2m19:46:20[0m   [2mUpdating git deps: @rodrigo-barraza/utilities-library[0m
[2m19:46:23[0m [38;5;220m[1m[lupos-bot           ][0m     npm audit fix --force
[2m19:46:23[0m [38;5;220m[1m[lupos-bot           ][0m   
[2m19:46:23[0m [38;5;220m[1m[lupos-bot           ][0m   Run `npm audit` for details.
[2m19:46:24[0m [38;5;34m[1m[reels-client        ][0m [2m19:46:24[0m   [32m✔ Image transferred in 5s[0m
[2m19:46:24[0m [38;5;34m[1m[reels-client        ][0m 
[2m19:46:24[0m [38;5;34m[1m[reels-client        ][0m [32m[1m══════════════════════════════════════════════════════[0m
[2m19:46:24[0m [38;5;34m[1m[reels-client        ][0m [32m[1m  ✅ Transfer complete in 6s[0m
[2m19:46:24[0m [38;5;34m[1m[reels-client        ][0m   [2mmaster@df068ec → synology (2026-05-21T02:46:18Z)[0m
[2m19:46:24[0m [38;5;34m[1m[reels-client        ][0m [32m[1m══════════════════════════════════════════════════════[0m
[2m19:46:24[0m [38;5;34m[1m[reels-client        ][0m 
[2m19:46:24[0m [38;5;220m[1m[lupos-bot           ][0m     npm audit fix --force
[2m19:46:24[0m [38;5;220m[1m[lupos-bot           ][0m   
[2m19:46:24[0m [38;5;220m[1m[lupos-bot           ][0m   Run `npm audit` for details.
[2m19:46:24[0m [38;5;220m[1m[lupos-bot           ][0m [2m19:46:24[0m   [32m✔ Dependencies up to date[0m
[2m19:46:24[0m [38;5;220m[1m[lupos-bot           ][0m 
[2m19:46:24[0m [38;5;220m[1m[lupos-bot           ][0m [2m19:46:24[0m [36m[1m▸ Running Tests[0m
[2m19:46:26[0m [38;5;220m[1m[lupos-bot           ][0m   
[2m19:46:26[0m [38;5;220m[1m[lupos-bot           ][0m   > lupos-bot@1.0.0 test
[2m19:46:26[0m [38;5;220m[1m[lupos-bot           ][0m   > vitest run --passWithNoTests
[2m19:46:26[0m [38;5;220m[1m[lupos-bot           ][0m   
[2m19:46:26[0m [38;5;220m[1m[lupos-bot           ][0m   
[2m19:46:26[0m [38;5;220m[1m[lupos-bot           ][0m   [1m[30m[46m RUN [49m[39m[22m [36mv4.1.5 [39m[90m/home/rodrigo/development/lupos-bot[39m
[2m19:46:26[0m [38;5;220m[1m[lupos-bot           ][0m   
[2m19:46:26[0m [38;5;220m[1m[lupos-bot           ][0m    [32m✓[39m tests/services/ImageDetection.test.ts [2m([22m[2m175 tests[22m[2m)[22m[32m 45[2mms[22m[39m
[2m19:46:26[0m [38;5;220m[1m[lupos-bot           ][0m   [90mstdout[2m | tests/services/services.test.ts[2m > [22m[2mservices.js (Express Routes)[2m > [22m[2mshould register /transcribe/:audioUrl route
[2m19:46:26[0m [38;5;220m[1m[lupos-bot           ][0m   [22m[39m✅ /transcribe route registered
[2m19:46:26[0m [38;5;220m[1m[lupos-bot           ][0m   
[2m19:46:26[0m [38;5;220m[1m[lupos-bot           ][0m   [90mstdout[2m | tests/services/services.test.ts[2m > [22m[2mservices.js (Express Routes)[2m > [22m[2mshould register guild routes via router.use
[2m19:46:26[0m [38;5;220m[1m[lupos-bot           ][0m   [22m[39m✅ /transcribe route registered
[2m19:46:26[0m [38;5;220m[1m[lupos-bot           ][0m   
[2m19:46:26[0m [38;5;220m[1m[lupos-bot           ][0m   [90mstdout[2m | tests/services/services.test.ts[2m > [22m[2mservices.js (Express Routes)[2m > [22m[2mroute handler should reject if audioUrl is missing
[2m19:46:26[0m [38;5;220m[1m[lupos-bot           ][0m   [22m[39m✅ /transcribe route registered
[2m19:46:26[0m [38;5;220m[1m[lupos-bot           ][0m   hit
[2m19:46:26[0m [38;5;220m[1m[lupos-bot           ][0m   
[2m19:46:26[0m [38;5;220m[1m[lupos-bot           ][0m   [90mstdout[2m | tests/services/services.test.ts[2m > [22m[2mservices.js (Express Routes)[2m > [22m[2mroute handler should call AIService and return transcription
[2m19:46:26[0m [38;5;220m[1m[lupos-bot           ][0m   [22m[39m✅ /transcribe route registered
[2m19:46:26[0m [38;5;220m[1m[lupos-bot           ][0m   hit
[2m19:46:26[0m [38;5;220m[1m[lupos-bot           ][0m   
[2m19:46:26[0m [38;5;220m[1m[lupos-bot           ][0m   [90mstdout[2m | tests/services/services.test.ts[2m > [22m[2mservices.js (Express Routes)[2m > [22m[2mroute handler should catch errors and return 500
[2m19:46:26[0m [38;5;220m[1m[lupos-bot           ][0m   [22m[39m✅ /transcribe route registered
[2m19:46:26[0m [38;5;220m[1m[lupos-bot           ][0m   hit
[2m19:46:26[0m [38;5;220m[1m[lupos-bot           ][0m   
[2m19:46:26[0m [38;5;220m[1m[lupos-bot           ][0m    [32m✓[39m tests/services/YapperService.test.ts [2m([22m[2m2 tests[22m[2m)[22m[32m 5[2mms[22m[39m
[2m19:46:26[0m [38;5;220m[1m[lupos-bot           ][0m    [32m✓[39m tests/services/services.test.ts [2m([22m[2m5 tests[22m[2m)[22m[32m 15[2mms[22m[39m
[2m19:46:26[0m [38;5;220m[1m[lupos-bot           ][0m    [32m✓[39m tests/services/ThirstService.test.ts [2m([22m[2m6 tests[22m[2m)[22m[32m 6[2mms[22m[39m
[2m19:46:26[0m [38;5;220m[1m[lupos-bot           ][0m    [32m✓[39m tests/services/MessageService.test.ts [2m([22m[2m4 tests[22m[2m)[22m[32m 15[2mms[22m[39m
[2m19:46:26[0m [38;5;220m[1m[lupos-bot           ][0m    [32m✓[39m tests/utilities/TemporalHelpers.test.ts [2m([22m[2m42 tests[22m[2m)[22m[32m 28[2mms[22m[39m
[2m19:46:26[0m [38;5;220m[1m[lupos-bot           ][0m    [32m✓[39m tests/services/CurrentService.test.ts [2m([22m[2m3 tests[22m[2m)[22m[32m 8[2mms[22m[39m
[2m19:46:26[0m [38;5;220m[1m[lupos-bot           ][0m    [32m✓[39m tests/services/BathroomService.test.ts [2m([22m[2m6 tests[22m[2m)[22m[32m 8[2mms[22m[39m
[2m19:46:26[0m [38;5;220m[1m[lupos-bot           ][0m    [32m✓[39m tests/services/AlcoholService.test.ts [2m([22m[2m8 tests[22m[2m)[22m[32m 9[2mms[22m[39m
[2m19:46:26[0m [38;5;220m[1m[lupos-bot           ][0m    [32m✓[39m tests/services/SubstanceService.test.ts [2m([22m[2m6 tests[22m[2m)[22m[32m 6[2mms[22m[39m
[2m19:46:26[0m [38;5;220m[1m[lupos-bot           ][0m    [32m✓[39m tests/wrappers/DiscordWrapper.test.ts [2m([22m[2m2 tests[22m[2m)[22m[32m 7[2mms[22m[39m
[2m19:46:26[0m [38;5;220m[1m[lupos-bot           ][0m   [90mstdout[2m | tests/services/EnergyService.test.ts[2m > [22m[2mEnergyService[2m > [22m[2mincreaseEnergyLevel should increase the level by 1
[2m19:46:26[0m [38;5;220m[1m[lupos-bot           ][0m   [22m[39mEnergy level increased to: 51
[2m19:46:26[0m [38;5;220m[1m[lupos-bot           ][0m   
[2m19:46:26[0m [38;5;220m[1m[lupos-bot           ][0m   [90mstdout[2m | tests/services/EnergyService.test.ts[2m > [22m[2mEnergyService[2m > [22m[2mincreaseEnergyLevel should not exceed 100
[2m19:46:27[0m [38;5;220m[1m[lupos-bot           ][0m   [22m[39mEnergy level increased to: 100
[2m19:46:27[0m [38;5;220m[1m[lupos-bot           ][0m   
[2m19:46:27[0m [38;5;220m[1m[lupos-bot           ][0m   [90mstdout[2m | tests/services/EnergyService.test.ts[2m > [22m[2mEnergyService[2m > [22m[2mdecreaseEnergyLevel should decrease the level by 1
[2m19:46:27[0m [38;5;220m[1m[lupos-bot           ][0m   [22m[39mEnergy level decreased to: 49
[2m19:46:27[0m [38;5;220m[1m[lupos-bot           ][0m   
[2m19:46:27[0m [38;5;220m[1m[lupos-bot           ][0m   [90mstdout[2m | tests/services/EnergyService.test.ts[2m > [22m[2mEnergyService[2m > [22m[2mdecreaseEnergyLevel should not fall below 0
[2m19:46:27[0m [38;5;220m[1m[lupos-bot           ][0m   [22m[39mEnergy level decreased to: 0
[2m19:46:27[0m [38;5;220m[1m[lupos-bot           ][0m   
[2m19:46:27[0m [38;5;220m[1m[lupos-bot           ][0m    [32m✓[39m tests/services/EnergyService.test.ts [2m([22m[2m7 tests[22m[2m)[22m[32m 11[2mms[22m[39m
[2m19:46:27[0m [38;5;220m[1m[lupos-bot           ][0m   [90mstdout[2m | tests/services/SicknessService.test.ts[2m > [22m[2mSicknessService[2m > [22m[2mincreaseSicknessLevel should increase the level by 10
[2m19:46:27[0m [38;5;220m[1m[lupos-bot           ][0m   [22m[39mSickness level increased to: 30
[2m19:46:27[0m [38;5;220m[1m[lupos-bot           ][0m   
[2m19:46:27[0m [38;5;220m[1m[lupos-bot           ][0m   [90mstdout[2m | tests/services/SicknessService.test.ts[2m > [22m[2mSicknessService[2m > [22m[2mincreaseSicknessLevel should not exceed 100
[2m19:46:27[0m [38;5;220m[1m[lupos-bot           ][0m   [22m[39mSickness level increased to: 100
[2m19:46:27[0m [38;5;220m[1m[lupos-bot           ][0m   
[2m19:46:27[0m [38;5;220m[1m[lupos-bot           ][0m   [90mstdout[2m | tests/services/SicknessService.test.ts[2m > [22m[2mSicknessService[2m > [22m[2mdecreaseSicknessLevel should decrease the level by 10
[2m19:46:27[0m [38;5;220m[1m[lupos-bot           ][0m   [22m[39mSickness level decreased to: 40
[2m19:46:27[0m [38;5;220m[1m[lupos-bot           ][0m   
[2m19:46:29[0m [38;5;220m[1m[lupos-bot           ][0m   [90mstdout[2m | tests/services/SicknessService.test.ts[2m > [22m[2mSicknessService[2m > [22m[2mdecreaseSicknessLevel should not fall below 0
[2m19:46:29[0m [38;5;220m[1m[lupos-bot           ][0m   [22m[39mSickness level decreased to: 0
[2m19:46:29[0m [38;5;220m[1m[lupos-bot           ][0m   
[2m19:46:29[0m [38;5;220m[1m[lupos-bot           ][0m    [32m✓[39m tests/services/SicknessService.test.ts [2m([22m[2m6 tests[22m[2m)[22m[32m 10[2mms[22m[39m
[2m19:46:29[0m [38;5;220m[1m[lupos-bot           ][0m   [90mstdout[2m | tests/services/HungerService.test.ts[2m > [22m[2mHungerService[2m > [22m[2mincreaseHungerLevel should increase the level by 1
[2m19:46:29[0m [38;5;220m[1m[lupos-bot           ][0m   [22m[39mHunger level increased to: 21
[2m19:46:29[0m [38;5;220m[1m[lupos-bot           ][0m   
[2m19:46:29[0m [38;5;220m[1m[lupos-bot           ][0m   [90mstdout[2m | tests/services/HungerService.test.ts[2m > [22m[2mHungerService[2m > [22m[2mincreaseHungerLevel should not exceed 100
[2m19:46:29[0m [38;5;220m[1m[lupos-bot           ][0m   [22m[39mHunger level increased to: 100
[2m19:46:29[0m [38;5;220m[1m[lupos-bot           ][0m   
[2m19:46:29[0m [38;5;220m[1m[lupos-bot           ][0m   [90mstdout[2m | tests/services/HungerService.test.ts[2m > [22m[2mHungerService[2m > [22m[2mdecreaseHungerLevel should decrease the level by 1
[2m19:46:29[0m [38;5;220m[1m[lupos-bot           ][0m   [22m[39mHunger level decreased to: 49
[2m19:46:29[0m [38;5;220m[1m[lupos-bot           ][0m   
[2m19:46:29[0m [38;5;220m[1m[lupos-bot           ][0m   [90mstdout[2m | tests/services/HungerService.test.ts[2m > [22m[2mHungerService[2m > [22m[2mdecreaseHungerLevel should not fall below 0
[2m19:46:29[0m [38;5;220m[1m[lupos-bot           ][0m   [22m[39mHunger level decreased to: 0
[2m19:46:29[0m [38;5;220m[1m[lupos-bot           ][0m   
[2m19:46:29[0m [38;5;220m[1m[lupos-bot           ][0m    [32m✓[39m tests/services/HungerService.test.ts [2m([22m[2m6 tests[22m[2m)[22m[32m 8[2mms[22m[39m
[2m19:46:29[0m [38;5;220m[1m[lupos-bot           ][0m   [90mstdout[2m | tests/services/MoodService.test.ts[2m > [22m[2mMoodService[2m > [22m[2mgenerateMoodMessage should correctly alter mood based on temperature
[2m19:46:29[0m [38;5;220m[1m[lupos-bot           ][0m   [22m[39mCurrent mood level: 3
[2m19:46:29[0m [38;5;220m[1m[lupos-bot           ][0m   
[2m19:46:29[0m [38;5;220m[1m[lupos-bot           ][0m    [32m✓[39m tests/services/MoodService.test.ts [2m([22m[2m7 tests[22m[2m)[22m[32m 14[2mms[22m[39m
[2m19:46:29[0m [38;5;220m[1m[lupos-bot           ][0m    [32m✓[39m tests/services/DiscordService.test.ts [2m([22m[2m2 tests[22m[2m)[22m[32m 4[2mms[22m[39m
[2m19:46:29[0m [38;5;220m[1m[lupos-bot           ][0m    [32m✓[39m tests/services/AIService.test.ts [2m([22m[2m2 tests[22m[2m)[22m[32m 12[2mms[22m[39m
[2m19:46:29[0m [38;5;220m[1m[lupos-bot           ][0m    [32m✓[39m tests/services/ConversationFlow.test.ts [2m([22m[2m9 tests[22m[2m)[22m[32m 14[2mms[22m[39m
[2m19:46:29[0m [38;5;220m[1m[lupos-bot           ][0m    [32m✓[39m tests/services/DiscordUtilityService.test.ts [2m([22m[2m10 tests[22m[2m)[22m[32m 10[2mms[22m[39m
[2m19:46:29[0m [38;5;220m[1m[lupos-bot           ][0m   [90mstdout[2m | tests/services/SomaticAdaptationService.test.ts[2m > [22m[2mSomaticAdaptationService[2m > [22m[2mshould decrease hunger when food is mentioned
[2m19:46:29[0m [38;5;220m[1m[lupos-bot           ][0m   [22m[39mHunger level decreased to: 49
[2m19:46:29[0m [38;5;220m[1m[lupos-bot           ][0m   🍖 [SomaticAdaptationService] Food keyword matched. Hunger level: 50 -> 49
[2m19:46:29[0m [38;5;220m[1m[lupos-bot           ][0m   Bathroom level increased to: 51
[2m19:46:29[0m [38;5;220m[1m[lupos-bot           ][0m   
[2m19:46:29[0m [38;5;220m[1m[lupos-bot           ][0m   [90mstdout[2m | tests/services/SomaticAdaptationService.test.ts[2m > [22m[2mSomaticAdaptationService[2m > [22m[2mshould decrease thirst when drink is mentioned
[2m19:46:29[0m [38;5;220m[1m[lupos-bot           ][0m   [22m[39mThirst level decreased to: 49
[2m19:46:29[0m [38;5;220m[1m[lupos-bot           ][0m   💧 [SomaticAdaptationService] Drink keyword matched. Thirst level: 50 -> 49
[2m19:46:29[0m [38;5;220m[1m[lupos-bot           ][0m   Bathroom level increased to: 51
[2m19:46:29[0m [38;5;220m[1m[lupos-bot           ][0m   
[2m19:46:29[0m [38;5;220m[1m[lupos-bot           ][0m   [90mstdout[2m | tests/services/SomaticAdaptationService.test.ts[2m > [22m[2mSomaticAdaptationService[2m > [22m[2mshould increase energy when rest is mentioned
[2m19:46:29[0m [38;5;220m[1m[lupos-bot           ][0m   [22m[39mEnergy level increased to: 53
[2m19:46:29[0m [38;5;220m[1m[lupos-bot           ][0m   💤 [SomaticAdaptationService] Rest keyword matched. Energy level: 52 -> 53
[2m19:46:29[0m [38;5;220m[1m[lupos-bot           ][0m   
[2m19:46:29[0m [38;5;220m[1m[lupos-bot           ][0m   [90mstdout[2m | tests/services/SomaticAdaptationService.test.ts[2m > [22m[2mSomaticAdaptationService[2m > [22m[2mshould decrease energy when work is mentioned
[2m19:46:29[0m [38;5;220m[1m[lupos-bot           ][0m   [22m[39mEnergy level decreased to: 51
[2m19:46:29[0m [38;5;220m[1m[lupos-bot           ][0m   🔨 [SomaticAdaptationService] Work/Activity keyword matched. Energy level: 52 -> 51
[2m19:46:29[0m [38;5;220m[1m[lupos-bot           ][0m   
[2m19:46:29[0m [38;5;220m[1m[lupos-bot           ][0m   [90mstdout[2m | tests/services/SomaticAdaptationService.test.ts[2m > [22m[2mSomaticAdaptationService[2m > [22m[2mshould increase sickness when sick/toxic words are mentioned
[2m19:46:29[0m [38;5;220m[1m[lupos-bot           ][0m   [22m[39mSickness level increased to: 10
[2m19:46:29[0m [38;5;220m[1m[lupos-bot           ][0m   🤮 [SomaticAdaptationService] Sickness keyword matched. Sickness level: 0 -> 10
[2m19:46:29[0m [38;5;220m[1m[lupos-bot           ][0m   
[2m19:46:29[0m [38;5;220m[1m[lupos-bot           ][0m   [90mstdout[2m | tests/services/SomaticAdaptationService.test.ts[2m > [22m[2mSomaticAdaptationService[2m > [22m[2mshould increase alcohol level when booze is mentioned
[2m19:46:29[0m [38;5;220m[1m[lupos-bot           ][0m   [22m[39mThirst level decreased to: 49
[2m19:46:29[0m [38;5;220m[1m[lupos-bot           ][0m   💧 [SomaticAdaptationService] Drink keyword matched. Thirst level: 50 -> 49
[2m19:46:29[0m [38;5;220m[1m[lupos-bot           ][0m   Bathroom level increased to: 51
[2m19:46:29[0m [38;5;220m[1m[lupos-bot           ][0m   Alcohol level increased to: 1
[2m19:46:29[0m [38;5;220m[1m[lupos-bot           ][0m   🍺 [SomaticAdaptationService] Alcohol keyword matched. Alcohol level: 0 -> 1
[2m19:46:29[0m [38;5;220m[1m[lupos-bot           ][0m   
[2m19:46:29[0m [38;5;220m[1m[lupos-bot           ][0m   [90mstdout[2m | tests/services/SomaticAdaptationService.test.ts[2m > [22m[2mSomaticAdaptationService[2m > [22m[2mshould decrease bathroom level when restroom words are mentioned
[2m19:46:29[0m [38;5;220m[1m[lupos-bot           ][0m   [22m[39mBathroom level decreased to: 49
[2m19:46:29[0m [38;5;220m[1m[lupos-bot           ][0m   🚽 [SomaticAdaptationService] Bathroom keyword matched. Bathroom level: 50 -> 49
[2m19:46:29[0m [38;5;220m[1m[lupos-bot           ][0m   
[2m19:46:29[0m [38;5;220m[1m[lupos-bot           ][0m   [90mstdout[2m | tests/services/SomaticAdaptationService.test.ts[2m > [22m[2mSomaticAdaptationService[2m > [22m[2mshould increase substance level when weed or psychedelics are mentioned
[2m19:46:29[0m [38;5;220m[1m[lupos-bot           ][0m   [22m[39mSubstance level increased to: 1
[2m19:46:29[0m [38;5;220m[1m[lupos-bot           ][0m   🌿 [SomaticAdaptationService] Substance keyword matched. Substance level: 0 -> 1
[2m19:46:29[0m [38;5;220m[1m[lupos-bot           ][0m   
[2m19:46:29[0m [38;5;220m[1m[lupos-bot           ][0m    [32m✓[39m tests/services/SomaticAdaptationService.test.ts [2m([22m[2m9 tests[22m[2m)[22m[32m 20[2mms[22m[39m
[2m19:46:29[0m [38;5;220m[1m[lupos-bot           ][0m   
[2m19:46:29[0m [38;5;220m[1m[lupos-bot           ][0m   [2m Test Files [22m [1m[32m20 passed[39m[22m[90m (20)[39m
[2m19:46:29[0m [38;5;220m[1m[lupos-bot           ][0m   [2m      Tests [22m [1m[32m317 passed[39m[22m[90m (317)[39m
[2m19:46:29[0m [38;5;220m[1m[lupos-bot           ][0m   [2m   Start at [22m 19:46:25
[2m19:46:29[0m [38;5;220m[1m[lupos-bot           ][0m   [2m   Duration [22m 3.40s[2m (transform 9.43s, setup 0ms, import 17.11s, tests 254ms, environment 3ms)[22m
[2m19:46:29[0m [38;5;220m[1m[lupos-bot           ][0m   
[2m19:46:29[0m [38;5;220m[1m[lupos-bot           ][0m [2m19:46:29[0m   [32m✔ Tests passed in 5s[0m
[2m19:46:29[0m [38;5;220m[1m[lupos-bot           ][0m 
[2m19:46:29[0m [38;5;220m[1m[lupos-bot           ][0m [2m19:46:29[0m [36m[1m▸ Building Docker image[0m
[2m19:46:29[0m [38;5;220m[1m[lupos-bot           ][0m [2m19:46:29[0m   [2mTags: lupos-bot:latest, lupos-bot:1939e2c[0m
[2m19:50:24[0m [38;5;33m[1m[vault-service       ][0m   #20 unpacking to docker.io/library/vault-service:latest
[2m19:50:24[0m [38;5;33m[1m[vault-service       ][0m   #20 unpacking to docker.io/library/vault-service:latest 1.0s done
[2m19:50:24[0m [38;5;33m[1m[vault-service       ][0m   #20 naming to docker.io/library/vault-service:a04e6d8 0.0s done
[2m19:50:24[0m [38;5;33m[1m[vault-service       ][0m   #20 unpacking to docker.io/library/vault-service:a04e6d8 0.0s done
[2m19:50:24[0m [38;5;33m[1m[vault-service       ][0m   #20 DONE 2.6s
[2m19:50:24[0m [38;5;33m[1m[vault-service       ][0m [2m19:50:24[0m   [32m✔ Built in 306s[0m
[2m19:50:25[0m [38;5;33m[1m[vault-service       ][0m Untagged: vault-service:a04e6d8
[2m19:50:25[0m [38;5;33m[1m[vault-service       ][0m [2m19:50:25[0m   [2mRemoved local tag vault-service:a04e6d8[0m
[2m19:50:25[0m [38;5;33m[1m[vault-service       ][0m 
[2m19:50:25[0m [38;5;33m[1m[vault-service       ][0m [32m[1m══════════════════════════════════════════════════════[0m
[2m19:50:25[0m [38;5;33m[1m[vault-service       ][0m [32m[1m  ✅ Build complete in 312s[0m
[2m19:50:25[0m [38;5;33m[1m[vault-service       ][0m   [2mmaster@a04e6d8 (2026-05-21T02:50:25Z)[0m
[2m19:50:25[0m [38;5;33m[1m[vault-service       ][0m [32m[1m══════════════════════════════════════════════════════[0m
[2m19:50:25[0m [38;5;33m[1m[vault-service       ][0m 
[2m19:50:25[0m [38;5;33m[1m[vault-service       ][0m 
[2m19:50:25[0m [38;5;33m[1m[vault-service       ][0m [36m[1m══════════════════════════════════════════════════════[0m
[2m19:50:25[0m [38;5;33m[1m[vault-service       ][0m [36m[1m  🔐 Vault Service — Transfer to synology[0m
[2m19:50:25[0m [38;5;33m[1m[vault-service       ][0m [36m[1m══════════════════════════════════════════════════════[0m
[2m19:50:25[0m [38;5;33m[1m[vault-service       ][0m [2m19:50:25[0m   [32m✔ SSH access to nas confirmed[0m
[2m19:50:25[0m [38;5;33m[1m[vault-service       ][0m 
[2m19:50:25[0m [38;5;33m[1m[vault-service       ][0m [2m19:50:25[0m [36m[1m▸ Transferring image via SSH → nas (synology)[0m
[2m19:50:25[0m [38;5;33m[1m[vault-service       ][0m [2m19:50:25[0m   [2mSyncing docker-compose.yml...[0m
[2m19:50:25[0m [38;5;33m[1m[vault-service       ][0m [2m19:50:25[0m   [2mSyncing vault.key...[0m
[2m19:50:25[0m [38;5;33m[1m[vault-service       ][0m [2m19:50:25[0m   [32m✔ vault.key synced[0m
[2m19:50:25[0m [38;5;33m[1m[vault-service       ][0m [2m19:50:25[0m   [2mSyncing projects.json...[0m
[2m19:50:25[0m [38;5;33m[1m[vault-service       ][0m [2m19:50:25[0m   [32m✔ projects.json synced[0m
[2m19:50:25[0m [38;5;33m[1m[vault-service       ][0m [2m19:50:25[0m   [2mTagging current :latest as :previous for rollback...[0m
[2m19:50:25[0m [38;5;33m[1m[vault-service       ][0m [2m19:50:25[0m   [32m✔ Rollback image saved as vault-service:previous[0m
[2m19:50:25[0m [38;5;33m[1m[vault-service       ][0m [2m19:50:25[0m   [2mPiping image over SSH (this may take a moment)...[0m
[2m19:50:29[0m [38;5;33m[1m[vault-service       ][0m [2m19:50:29[0m   [32m✔ Image transferred in 4s[0m
[2m19:50:29[0m [38;5;33m[1m[vault-service       ][0m 
[2m19:50:29[0m [38;5;33m[1m[vault-service       ][0m [32m[1m══════════════════════════════════════════════════════[0m
[2m19:50:29[0m [38;5;33m[1m[vault-service       ][0m [32m[1m  ✅ Transfer complete in 4s[0m
[2m19:50:29[0m [38;5;33m[1m[vault-service       ][0m   [2mmaster@a04e6d8 → synology (2026-05-21T02:50:25Z)[0m
[2m19:50:29[0m [38;5;33m[1m[vault-service       ][0m [32m[1m══════════════════════════════════════════════════════[0m
[2m19:50:29[0m [38;5;33m[1m[vault-service       ][0m 
[2m19:50:29[0m   [32m✔ vault-service transferred successfully[0m

[2m19:50:29[0m [36m[1m▸ Restarting Tier 0 — Foundation: vault-service[0m

[36m[1m══════════════════════════════════════════════════════[0m
[36m[1m  🔐 Vault Service — Restart on synology[0m
[36m[1m══════════════════════════════════════════════════════[0m
[2m19:50:29[0m   [32m✔ SSH access to nas confirmed[0m

[2m19:50:29[0m [36m[1m▸ Restarting container on nas[0m
[2m19:50:29[0m   [2mRestarting container...[0m
  Container vault-service  Stopping
  Container vault-service  Stopped
  Container vault-service  Removing
  Container vault-service  Removed
  Network vault-service_default  Removing
  Network vault-service_default  Removed
  Network vault-service_default  Creating
  Network vault-service_default  Created
  Container vault-service  Creating
  Container vault-service  Created
  Container vault-service  Starting
  Container vault-service  Started
[2m19:50:43[0m   [32m✔ Container running (Up 2 seconds (health: starting))[0m
[2m19:50:43[0m   [2mPruning old images on synology (keeping :previous for rollback)...[0m
  Deleted Images:
  deleted: sha256:44b492bc33cbfc205f8823f784f2d69456e3d5cf10b69fe045b5a5b7dc302d65
  deleted: sha256:8e987f413ac7712217ef0c0b51d3ad3e3a561c7bc86fbdb481bfdb35736ed73b
  deleted: sha256:e2c815d85efd11caae037a7ceb9a3c0b122f558664d4d09c76f943699a5380b9
  deleted: sha256:3f013cfed7166df99a3b955d13ce8ec679eb69f44c0a60ef73e536ed559b7046
  deleted: sha256:0e7a063267aa346b187f8e68a18f31ae943f596cba4a77e7b7d3c584d4cac635
  deleted: sha256:d5c16c36d0fbe8d0c1da656ff9c59289da0471f57f26c3ca33620f3cbe385cb4
  deleted: sha256:fbf0e0fe5778766de2a2af0f5d6c9313acb8ed3cf12a12aecd9c10384e6e7884
  deleted: sha256:1af78bdb1f01a45d4855b7df09a734e44c51b3886e8401bd3b9526cbe5c36547
  deleted: sha256:d6b66a333b43122ae7702f15fd4ac12991cccdcfa99003ece4266ad11017ba46
  deleted: sha256:50f80b49d6a745d2f7171a0a66709e92b6dba7afdf6cabced499211746497c47
  deleted: sha256:203e231b82dbb941d9682acb8f0e8b6f2fd7c2541e3f3104ae05a677561c6227
  deleted: sha256:faadfba6e21f682f85280467cbf91a2e36f9807c4456c16e3022a76a66ca54e0
  deleted: sha256:eb34e9ab6260667891023e934102f8b97b012c050af666d4b57a3ac4b2b65cb8
  deleted: sha256:e3588911c8e87a89d7f59d0ede21300d969f516cb69d1d97fc49a55de10dfbe8
  deleted: sha256:ee74cbf3d4913624563f8ff4b23239c034d89a2316cb5930c4ac700a93dc9223
  
  Total reclaimed space: 70.58MB

[2m19:50:44[0m [36m[1m▸ Cleaning up local build images[0m

[32m[1m══════════════════════════════════════════════════════[0m
[32m[1m  ✅ Restart complete in 15s[0m
  [2mmaster@a04e6d8 → synology (2026-05-21T02:50:29Z)[0m
[32m[1m══════════════════════════════════════════════════════[0m

[2m19:50:44[0m   [32m✔ vault-service restarted successfully[0m

[2m19:50:44[0m [36m[1m▸ Health gate — waiting for Tier 0 — Foundation services to become healthy[0m
[2m19:51:30[0m [38;5;33m[1m[ledger-service      ][0m     21 | >>> RUN npm run build
[2m19:51:30[0m [38;5;33m[1m[ledger-service      ][0m     22 |     # Prune devDependencies for the runtime image
[2m19:51:30[0m [38;5;33m[1m[ledger-service      ][0m     23 |     RUN npm prune --omit=dev
[2m19:51:30[0m [38;5;33m[1m[ledger-service      ][0m   --------------------
[2m19:51:30[0m [38;5;33m[1m[ledger-service      ][0m   ERROR: failed to build: failed to solve: process "/bin/sh -c npm run build" did not complete successfully: exit code: 2
[2m19:51:30[0m [38;5;33m[1m[ledger-service      ][0m [2m19:51:30[0m   [31m✖ Build failed (exit 1) in 316s[0m
[2m19:51:31[0m [38;5;33m[1m[iron-service        ][0m     14 | >>> RUN --mount=type=ssh npm ci
[2m19:51:31[0m [38;5;33m[1m[iron-service        ][0m     15 |     
[2m19:51:31[0m [38;5;33m[1m[iron-service        ][0m     16 |     
[2m19:51:31[0m [38;5;33m[1m[iron-service        ][0m   --------------------
[2m19:51:31[0m [38;5;33m[1m[iron-service        ][0m   ERROR: failed to build: failed to solve: process "/bin/sh -c npm ci" did not complete successfully: exit code: 1
[2m19:51:31[0m [38;5;33m[1m[iron-service        ][0m [2m19:51:31[0m   [31m✖ Build failed (exit 1) in 314s[0m
[2m19:51:39[0m [38;5;34m[1m[games-client        ][0m   #14 5.089 For more information, see: https://nextjs.org/docs/app/api-reference/turbopack#supported-platforms
[2m19:51:39[0m [38;5;34m[1m[games-client        ][0m   #14 5.089     at ignore-listed frames
[2m19:51:39[0m [38;5;34m[1m[games-client        ][0m   #14 5.136 npm notice
[2m19:51:39[0m [38;5;34m[1m[games-client        ][0m   #14 5.136 npm notice New minor version of npm available! 11.13.0 -> 11.15.0
[2m19:51:39[0m [38;5;34m[1m[games-client        ][0m   #14 5.136 npm notice Changelog: https://github.com/npm/cli/releases/tag/v11.15.0
[2m19:51:39[0m [38;5;34m[1m[games-client        ][0m   #14 5.136 npm notice To update run: npm install -g npm@11.15.0
[2m19:51:39[0m [38;5;34m[1m[games-client        ][0m   #14 5.136 npm notice
[2m19:51:39[0m [38;5;34m[1m[games-client        ][0m   #14 ERROR: process "/bin/sh -c export VAULT_SERVICE_TOKEN=$(cat /run/secrets/VAULT_SERVICE_TOKEN 2>/dev/null) &&   npm run build" did not complete successfully: exit code: 1
[2m19:51:39[0m [38;5;34m[1m[games-client        ][0m   ------
[2m19:51:39[0m [38;5;34m[1m[games-client        ][0m    > [builder 4/4] RUN --mount=type=secret,id=VAULT_SERVICE_TOKEN   export VAULT_SERVICE_TOKEN=$(cat /run/secrets/VAULT_SERVICE_TOKEN 2>/dev/null) &&   npm run build:
[2m19:51:39[0m [38;5;34m[1m[games-client        ][0m   5.089 To build on this platform, use Webpack instead:
[2m19:51:39[0m [38;5;34m[1m[games-client        ][0m   5.089   next build --webpack
[2m19:51:39[0m [38;5;34m[1m[games-client        ][0m   5.089 
[2m19:51:39[0m [38;5;34m[1m[games-client        ][0m   5.089 For more information, see: https://nextjs.org/docs/app/api-reference/turbopack#supported-platforms
[2m19:51:39[0m [38;5;34m[1m[games-client        ][0m   5.089     at ignore-listed frames
[2m19:51:39[0m [38;5;34m[1m[games-client        ][0m   5.136 npm notice
[2m19:51:39[0m [38;5;34m[1m[games-client        ][0m   5.136 npm notice New minor version of npm available! 11.13.0 -> 11.15.0
[2m19:51:39[0m [38;5;34m[1m[games-client        ][0m   5.136 npm notice Changelog: https://github.com/npm/cli/releases/tag/v11.15.0
[2m19:51:39[0m [38;5;34m[1m[games-client        ][0m   5.136 npm notice To update run: npm install -g npm@11.15.0
[2m19:51:39[0m [38;5;34m[1m[games-client        ][0m   5.136 npm notice
[2m19:51:39[0m [38;5;34m[1m[games-client        ][0m   ------
[2m19:51:39[0m [38;5;34m[1m[games-client        ][0m   Dockerfile:29
[2m19:51:39[0m [38;5;34m[1m[games-client        ][0m   --------------------
[2m19:51:39[0m [38;5;34m[1m[games-client        ][0m     28 |     COPY . .
[2m19:51:39[0m [38;5;34m[1m[games-client        ][0m     29 | >>> RUN --mount=type=secret,id=VAULT_SERVICE_TOKEN \
[2m19:51:39[0m [38;5;34m[1m[games-client        ][0m     30 | >>>   export VAULT_SERVICE_TOKEN=$(cat /run/secrets/VAULT_SERVICE_TOKEN 2>/dev/null) && \
[2m19:51:39[0m [38;5;34m[1m[games-client        ][0m     31 | >>>   npm run build
[2m19:51:39[0m [38;5;34m[1m[games-client        ][0m     32 |     
[2m19:51:39[0m [38;5;34m[1m[games-client        ][0m   --------------------
[2m19:51:39[0m [38;5;34m[1m[games-client        ][0m   ERROR: failed to build: failed to solve: process "/bin/sh -c export VAULT_SERVICE_TOKEN=$(cat /run/secrets/VAULT_SERVICE_TOKEN 2>/dev/null) &&   npm run build" did not complete successfully: exit code: 1
[2m19:51:39[0m [38;5;34m[1m[games-client        ][0m [2m19:51:39[0m   [31m✖ Build failed (exit 1) in 367s[0m
[2m19:51:39[0m [38;5;33m[1m[dygest-service      ][0m     21 | >>> RUN npm run build
[2m19:51:39[0m [38;5;33m[1m[dygest-service      ][0m     22 |     # Prune devDependencies for the runtime image
[2m19:51:39[0m [38;5;33m[1m[dygest-service      ][0m     23 |     RUN npm prune --omit=dev
[2m19:51:39[0m [38;5;33m[1m[dygest-service      ][0m   --------------------
[2m19:51:39[0m [38;5;33m[1m[dygest-service      ][0m   ERROR: failed to build: failed to solve: process "/bin/sh -c npm run build" did not complete successfully: exit code: 2
[2m19:51:39[0m [38;5;33m[1m[dygest-service      ][0m [2m19:51:39[0m   [31m✖ Build failed (exit 1) in 327s[0m
[2m19:51:50[0m [38;5;33m[1m[gauge-service       ][0m     21 | >>> RUN npm run build
[2m19:51:50[0m [38;5;33m[1m[gauge-service       ][0m     22 |     # Prune devDependencies for the runtime image
[2m19:51:50[0m [38;5;33m[1m[gauge-service       ][0m     23 |     RUN npm prune --omit=dev
[2m19:51:50[0m [38;5;33m[1m[gauge-service       ][0m   --------------------
[2m19:51:50[0m [38;5;33m[1m[gauge-service       ][0m   ERROR: failed to build: failed to solve: process "/bin/sh -c npm run build" did not complete successfully: exit code: 2
[2m19:51:50[0m [38;5;33m[1m[gauge-service       ][0m [2m19:51:50[0m   [31m✖ Build failed (exit 1) in 339s[0m
[2m19:51:50[0m [38;5;33m[1m[sessions-service    ][0m     24 | >>> RUN rm -rf dist && npm run build
[2m19:51:50[0m [38;5;33m[1m[sessions-service    ][0m     25 |     # Prune devDependencies for the runtime image
[2m19:51:50[0m [38;5;33m[1m[sessions-service    ][0m     26 |     RUN npm prune --omit=dev
[2m19:51:50[0m [38;5;33m[1m[sessions-service    ][0m   --------------------
[2m19:51:50[0m [38;5;33m[1m[sessions-service    ][0m   ERROR: failed to build: failed to solve: process "/bin/sh -c rm -rf dist && npm run build" did not complete successfully: exit code: 2
[2m19:51:50[0m [38;5;33m[1m[sessions-service    ][0m [2m19:51:50[0m   [31m✖ Build failed (exit 1) in 338s[0m
[2m19:51:51[0m [38;5;33m[1m[clankerbox-service  ][0m     20 | >>> RUN npm run build
[2m19:51:51[0m [38;5;33m[1m[clankerbox-service  ][0m     21 |     # Prune devDependencies for the runtime image
[2m19:51:51[0m [38;5;33m[1m[clankerbox-service  ][0m     22 |     RUN npm prune --omit=dev
[2m19:51:51[0m [38;5;33m[1m[clankerbox-service  ][0m   --------------------
[2m19:51:51[0m [38;5;33m[1m[clankerbox-service  ][0m   ERROR: failed to build: failed to solve: process "/bin/sh -c npm run build" did not complete successfully: exit code: 2
[2m19:51:51[0m [38;5;33m[1m[clankerbox-service  ][0m [2m19:51:51[0m   [31m✖ Build failed (exit 1) in 339s[0m
[2m19:51:54[0m [38;5;33m[1m[messages-service    ][0m     21 | >>> RUN npm run build
[2m19:51:54[0m [38;5;33m[1m[messages-service    ][0m     22 |     # Prune devDependencies for the runtime image
[2m19:51:54[0m [38;5;33m[1m[messages-service    ][0m     23 |     RUN npm prune --omit=dev
[2m19:51:54[0m [38;5;33m[1m[messages-service    ][0m   --------------------
[2m19:51:54[0m [38;5;33m[1m[messages-service    ][0m   ERROR: failed to build: failed to solve: process "/bin/sh -c npm run build" did not complete successfully: exit code: 2
[2m19:51:54[0m [38;5;33m[1m[messages-service    ][0m [2m19:51:54[0m   [31m✖ Build failed (exit 1) in 342s[0m
[2m19:51:57[0m [38;5;33m[1m[games-service       ][0m     21 | >>> RUN npm run build
[2m19:51:57[0m [38;5;33m[1m[games-service       ][0m     22 |     # Prune devDependencies for the runtime image
[2m19:51:57[0m [38;5;33m[1m[games-service       ][0m     23 |     RUN npm prune --omit=dev
[2m19:51:57[0m [38;5;33m[1m[games-service       ][0m   --------------------
[2m19:51:57[0m [38;5;33m[1m[games-service       ][0m   ERROR: failed to build: failed to solve: process "/bin/sh -c npm run build" did not complete successfully: exit code: 2
[2m19:51:57[0m [38;5;33m[1m[games-service       ][0m [2m19:51:57[0m   [31m✖ Build failed (exit 1) in 346s[0m
[2m19:52:44[0m [38;5;34m[1m[lupos-client        ][0m   #15 [runner 4/7] COPY --from=builder /app/public ./public
[2m19:52:44[0m [38;5;34m[1m[lupos-client        ][0m   #15 DONE 3.2s
[2m19:52:44[0m [38;5;34m[1m[lupos-client        ][0m   
[2m19:52:44[0m [38;5;34m[1m[lupos-client        ][0m   #16 [runner 5/7] COPY --from=builder --chown=nextjs:nodejs /app/.next/standalone ./
[2m19:52:44[0m [38;5;34m[1m[lupos-client        ][0m   #16 DONE 3.1s
[2m19:52:44[0m [38;5;34m[1m[lupos-client        ][0m   
[2m19:52:44[0m [38;5;34m[1m[lupos-client        ][0m   #17 [runner 6/7] COPY --from=builder --chown=nextjs:nodejs /app/.next/static ./.next/static
[2m19:52:44[0m [38;5;34m[1m[lupos-client        ][0m   #17 DONE 1.5s
[2m19:52:44[0m [38;5;34m[1m[lupos-client        ][0m   
[2m19:52:44[0m [38;5;34m[1m[lupos-client        ][0m   #18 [runner 7/7] COPY --from=builder --chown=nextjs:nodejs /app/boot.js ./boot.js
[2m19:52:44[0m [38;5;34m[1m[lupos-client        ][0m   #18 DONE 0.9s
[2m19:52:44[0m [38;5;34m[1m[lupos-client        ][0m   
[2m19:52:44[0m [38;5;34m[1m[lupos-client        ][0m   #19 exporting to image
[2m19:52:44[0m [38;5;34m[1m[lupos-client        ][0m   #19 exporting layers
[2m19:52:44[0m [38;5;34m[1m[lupos-client        ][0m   #19 exporting layers 3.3s done
[2m19:52:44[0m [38;5;34m[1m[lupos-client        ][0m   #19 exporting manifest sha256:d74cace8535a294ba4c319eb2ada10f6bed317025a3e2efe78f3b266be4fc09b
[2m19:52:44[0m [38;5;34m[1m[lupos-client        ][0m   #19 exporting manifest sha256:d74cace8535a294ba4c319eb2ada10f6bed317025a3e2efe78f3b266be4fc09b 0.2s done
[2m19:52:44[0m [38;5;34m[1m[lupos-client        ][0m   #19 exporting config sha256:95f9a11a5fbf093486eeb294d37a3cd415a40466c3085fbdd15539bfb8c1d11b
[2m19:52:44[0m [38;5;34m[1m[lupos-client        ][0m   #19 exporting config sha256:95f9a11a5fbf093486eeb294d37a3cd415a40466c3085fbdd15539bfb8c1d11b 0.2s done
[2m19:52:44[0m [38;5;34m[1m[lupos-client        ][0m   #19 exporting attestation manifest sha256:407b029033f37bfd169fb2d08988205df4ff6a8aa0fe3260139721ded25c64ec
[2m19:52:44[0m [38;5;34m[1m[lupos-client        ][0m   #19 exporting attestation manifest sha256:407b029033f37bfd169fb2d08988205df4ff6a8aa0fe3260139721ded25c64ec 0.4s done
[2m19:52:44[0m [38;5;34m[1m[lupos-client        ][0m   #19 exporting manifest list sha256:d127ba81fb5184a2dfdd3ad6e682f2106e50d87ab9d76d0d447ce4a69c887976
[2m19:52:44[0m [38;5;34m[1m[lupos-client        ][0m   #19 exporting manifest list sha256:d127ba81fb5184a2dfdd3ad6e682f2106e50d87ab9d76d0d447ce4a69c887976 0.3s done
[2m19:52:44[0m [38;5;34m[1m[lupos-client        ][0m   #19 naming to docker.io/library/lupos-client:latest
[2m19:52:44[0m [38;5;34m[1m[lupos-client        ][0m   #19 naming to docker.io/library/lupos-client:latest 0.0s done
[2m19:52:44[0m [38;5;34m[1m[lupos-client        ][0m   #19 unpacking to docker.io/library/lupos-client:latest
[2m19:52:44[0m [38;5;34m[1m[lupos-client        ][0m   #19 unpacking to docker.io/library/lupos-client:latest 2.1s done
[2m19:52:44[0m [38;5;34m[1m[lupos-client        ][0m   #19 naming to docker.io/library/lupos-client:087c9b8 0.0s done
[2m19:52:44[0m [38;5;34m[1m[lupos-client        ][0m   #19 unpacking to docker.io/library/lupos-client:087c9b8 0.1s done
[2m19:52:44[0m [38;5;34m[1m[lupos-client        ][0m   #19 DONE 7.8s
[2m19:52:44[0m [38;5;34m[1m[lupos-client        ][0m [2m19:52:44[0m   [32m✔ Built in 439s[0m
[2m19:52:44[0m [38;5;34m[1m[lupos-client        ][0m Untagged: lupos-client:087c9b8
[2m19:52:44[0m [38;5;34m[1m[lupos-client        ][0m [2m19:52:44[0m   [2mRemoved local tag lupos-client:087c9b8[0m
[2m19:52:44[0m [38;5;34m[1m[lupos-client        ][0m 
[2m19:52:44[0m [38;5;34m[1m[lupos-client        ][0m [32m[1m══════════════════════════════════════════════════════[0m
[2m19:52:44[0m [38;5;34m[1m[lupos-client        ][0m [32m[1m  ✅ Build complete in 450s[0m
[2m19:52:44[0m [38;5;34m[1m[lupos-client        ][0m   [2mmaster@087c9b8 (2026-05-21T02:52:44Z)[0m
[2m19:52:44[0m [38;5;34m[1m[lupos-client        ][0m [32m[1m══════════════════════════════════════════════════════[0m
[2m19:52:44[0m [38;5;34m[1m[lupos-client        ][0m 
[2m19:52:44[0m [38;5;34m[1m[gauge-client        ][0m   
[2m19:52:44[0m [38;5;34m[1m[gauge-client        ][0m   #15 [runner 4/7] COPY --from=builder /app/public ./public
[2m19:52:44[0m [38;5;34m[1m[gauge-client        ][0m   #15 DONE 3.0s
[2m19:52:44[0m [38;5;34m[1m[gauge-client        ][0m   
[2m19:52:44[0m [38;5;34m[1m[gauge-client        ][0m   #16 [runner 5/7] COPY --from=builder --chown=nextjs:nodejs /app/.next/standalone ./
[2m19:52:44[0m [38;5;34m[1m[gauge-client        ][0m   #16 DONE 2.7s
[2m19:52:45[0m [38;5;34m[1m[gauge-client        ][0m   
[2m19:52:45[0m [38;5;34m[1m[gauge-client        ][0m   #17 [runner 6/7] COPY --from=builder --chown=nextjs:nodejs /app/.next/static ./.next/static
[2m19:52:45[0m [38;5;34m[1m[gauge-client        ][0m   #17 DONE 1.5s
[2m19:52:45[0m [38;5;34m[1m[gauge-client        ][0m   
[2m19:52:45[0m [38;5;34m[1m[gauge-client        ][0m   #18 [runner 7/7] COPY --from=builder --chown=nextjs:nodejs /app/boot.js ./boot.js
[2m19:52:45[0m [38;5;34m[1m[gauge-client        ][0m   #18 DONE 1.1s
[2m19:52:45[0m [38;5;34m[1m[gauge-client        ][0m   
[2m19:52:45[0m [38;5;34m[1m[gauge-client        ][0m   #19 exporting to image
[2m19:52:45[0m [38;5;34m[1m[gauge-client        ][0m   #19 exporting layers
[2m19:52:45[0m [38;5;34m[1m[gauge-client        ][0m   #19 exporting layers 3.2s done
[2m19:52:45[0m [38;5;34m[1m[gauge-client        ][0m   #19 exporting manifest sha256:28d15b6d2fc02d25c47b0e822f06eeca2cea24f2e6f73e84c141ccd6138b8286 0.1s done
[2m19:52:45[0m [38;5;34m[1m[gauge-client        ][0m   #19 exporting config sha256:d6eb10e9cd71134f25a8ac7b2a90401c7affe9d179ecdf0985311f52823ca003
[2m19:52:45[0m [38;5;34m[1m[gauge-client        ][0m   #19 exporting config sha256:d6eb10e9cd71134f25a8ac7b2a90401c7affe9d179ecdf0985311f52823ca003 0.2s done
[2m19:52:45[0m [38;5;34m[1m[gauge-client        ][0m   #19 exporting attestation manifest sha256:95a0d82cbdd45c3ae5ee86c398b955e16fe305a0bbd05e111d140347207a6b9f
[2m19:52:45[0m [38;5;34m[1m[gauge-client        ][0m   #19 exporting attestation manifest sha256:95a0d82cbdd45c3ae5ee86c398b955e16fe305a0bbd05e111d140347207a6b9f 0.4s done
[2m19:52:45[0m [38;5;34m[1m[gauge-client        ][0m   #19 exporting manifest list sha256:7383c60df6c4c525c2b15da1aba73188cb8f6214dedc9e2a4635c25d3e3eebbc
[2m19:52:45[0m [38;5;34m[1m[gauge-client        ][0m   #19 exporting manifest list sha256:7383c60df6c4c525c2b15da1aba73188cb8f6214dedc9e2a4635c25d3e3eebbc 0.2s done
[2m19:52:45[0m [38;5;34m[1m[gauge-client        ][0m   #19 naming to docker.io/library/gauge-client:latest
[2m19:52:45[0m [38;5;34m[1m[gauge-client        ][0m   #19 naming to docker.io/library/gauge-client:latest 0.1s done
[2m19:52:45[0m [38;5;34m[1m[gauge-client        ][0m   #19 unpacking to docker.io/library/gauge-client:latest
[2m19:52:45[0m [38;5;34m[1m[gauge-client        ][0m   #19 unpacking to docker.io/library/gauge-client:latest 1.9s done
[2m19:52:45[0m [38;5;34m[1m[gauge-client        ][0m   #19 naming to docker.io/library/gauge-client:e431901 0.1s done
[2m19:52:45[0m [38;5;34m[1m[gauge-client        ][0m   #19 unpacking to docker.io/library/gauge-client:e431901 0.1s done
[2m19:52:45[0m [38;5;34m[1m[gauge-client        ][0m   #19 DONE 6.8s
[2m19:52:45[0m [38;5;34m[1m[gauge-client        ][0m [2m19:52:44[0m   [32m✔ Built in 432s[0m
[2m19:52:45[0m [38;5;34m[1m[gauge-client        ][0m Untagged: gauge-client:e431901
[2m19:52:45[0m [38;5;34m[1m[gauge-client        ][0m [2m19:52:45[0m   [2mRemoved local tag gauge-client:e431901[0m
[2m19:52:45[0m [38;5;34m[1m[gauge-client        ][0m 
[2m19:52:45[0m [38;5;34m[1m[gauge-client        ][0m [32m[1m══════════════════════════════════════════════════════[0m
[2m19:52:45[0m [38;5;34m[1m[gauge-client        ][0m [32m[1m  ✅ Build complete in 452s[0m
[2m19:52:45[0m [38;5;34m[1m[gauge-client        ][0m   [2mmaster@e431901 (2026-05-21T02:52:45Z)[0m
[2m19:52:45[0m [38;5;34m[1m[gauge-client        ][0m [32m[1m══════════════════════════════════════════════════════[0m
[2m19:52:45[0m [38;5;34m[1m[gauge-client        ][0m 
[2m19:52:45[0m [38;5;34m[1m[lupos-client        ][0m 
[2m19:52:45[0m [38;5;34m[1m[lupos-client        ][0m [36m[1m══════════════════════════════════════════════════════[0m
[2m19:52:45[0m [38;5;34m[1m[lupos-client        ][0m [36m[1m  🐺 Lupos Client — Transfer to synology[0m
[2m19:52:45[0m [38;5;34m[1m[lupos-client        ][0m [36m[1m══════════════════════════════════════════════════════[0m
[2m19:52:45[0m [38;5;34m[1m[gauge-client        ][0m 
[2m19:52:45[0m [38;5;34m[1m[lupos-client        ][0m [2m19:52:45[0m   [32m✔ SSH access to nas confirmed[0m
[2m19:52:45[0m [38;5;34m[1m[gauge-client        ][0m [36m[1m══════════════════════════════════════════════════════[0m
[2m19:52:45[0m [38;5;34m[1m[lupos-client        ][0m 
[2m19:52:45[0m [38;5;34m[1m[gauge-client        ][0m [36m[1m  🌡️ Gauge Client — Transfer to synology[0m
[2m19:52:45[0m [38;5;34m[1m[lupos-client        ][0m [2m19:52:45[0m [36m[1m▸ Transferring image via SSH → nas (synology)[0m
[2m19:52:45[0m [38;5;34m[1m[gauge-client        ][0m [36m[1m══════════════════════════════════════════════════════[0m
[2m19:52:45[0m [38;5;34m[1m[gauge-client        ][0m [2m19:52:45[0m   [32m✔ SSH access to nas confirmed[0m
[2m19:52:45[0m [38;5;34m[1m[gauge-client        ][0m 
[2m19:52:45[0m [38;5;34m[1m[gauge-client        ][0m [2m19:52:45[0m [36m[1m▸ Transferring image via SSH → nas (synology)[0m
[2m19:52:45[0m [38;5;34m[1m[gauge-client        ][0m [2m19:52:45[0m   [2mSyncing docker-compose.yml...[0m
[2m19:52:45[0m [38;5;34m[1m[lupos-client        ][0m [2m19:52:45[0m   [2mSyncing docker-compose.yml...[0m
[2m19:52:45[0m [38;5;34m[1m[lupos-client        ][0m [2m19:52:45[0m   [2mSyncing .env.deploy → .env...[0m
[2m19:52:45[0m [38;5;34m[1m[gauge-client        ][0m [2m19:52:45[0m   [2mSyncing .env.deploy → .env...[0m
[2m19:52:45[0m [38;5;34m[1m[lupos-client        ][0m [2m19:52:45[0m   [32m✔ .env synced[0m
[2m19:52:45[0m [38;5;34m[1m[gauge-client        ][0m [2m19:52:45[0m   [32m✔ .env synced[0m
[2m19:52:46[0m [38;5;34m[1m[gauge-client        ][0m [2m19:52:46[0m   [2mTagging current :latest as :previous for rollback...[0m
[2m19:52:46[0m [38;5;34m[1m[lupos-client        ][0m [2m19:52:46[0m   [2mTagging current :latest as :previous for rollback...[0m
[2m19:52:46[0m [38;5;34m[1m[gauge-client        ][0m [2m19:52:46[0m   [32m✔ Rollback image saved as gauge-client:previous[0m
[2m19:52:46[0m [38;5;34m[1m[lupos-client        ][0m [2m19:52:46[0m   [32m✔ Rollback image saved as lupos-client:previous[0m
[2m19:52:46[0m [38;5;34m[1m[gauge-client        ][0m [2m19:52:46[0m   [2mPiping image over SSH (this may take a moment)...[0m
[2m19:52:46[0m [38;5;34m[1m[lupos-client        ][0m [2m19:52:46[0m   [2mPiping image over SSH (this may take a moment)...[0m
[2m19:52:52[0m [38;5;34m[1m[lupos-client        ][0m [2m19:52:52[0m   [32m✔ Image transferred in 6s[0m
[2m19:52:52[0m [38;5;34m[1m[lupos-client        ][0m 
[2m19:52:52[0m [38;5;34m[1m[lupos-client        ][0m [32m[1m══════════════════════════════════════════════════════[0m
[2m19:52:52[0m [38;5;34m[1m[lupos-client        ][0m [32m[1m  ✅ Transfer complete in 7s[0m
[2m19:52:52[0m [38;5;34m[1m[lupos-client        ][0m   [2mmaster@087c9b8 → synology (2026-05-21T02:52:45Z)[0m
[2m19:52:52[0m [38;5;34m[1m[lupos-client        ][0m [32m[1m══════════════════════════════════════════════════════[0m
[2m19:52:52[0m [38;5;34m[1m[lupos-client        ][0m 
[2m19:52:52[0m [38;5;34m[1m[gauge-client        ][0m [2m19:52:52[0m   [32m✔ Image transferred in 6s[0m
[2m19:52:52[0m [38;5;34m[1m[gauge-client        ][0m 
[2m19:52:52[0m [38;5;34m[1m[gauge-client        ][0m [32m[1m══════════════════════════════════════════════════════[0m
[2m19:52:52[0m [38;5;34m[1m[gauge-client        ][0m [32m[1m  ✅ Transfer complete in 7s[0m
[2m19:52:52[0m [38;5;34m[1m[gauge-client        ][0m   [2mmaster@e431901 → synology (2026-05-21T02:52:45Z)[0m
[2m19:52:52[0m [38;5;34m[1m[gauge-client        ][0m [32m[1m══════════════════════════════════════════════════════[0m
[2m19:52:52[0m [38;5;34m[1m[gauge-client        ][0m 
[2m19:53:25[0m [38;5;34m[1m[meepothegeomancer-client][0m   #19 naming to docker.io/library/meepothegeomancer-client:c5a05ea
[2m19:53:25[0m [38;5;34m[1m[meepothegeomancer-client][0m   #19 naming to docker.io/library/meepothegeomancer-client:c5a05ea 0.4s done
[2m19:53:25[0m [38;5;34m[1m[meepothegeomancer-client][0m   #19 unpacking to docker.io/library/meepothegeomancer-client:c5a05ea
[2m19:53:25[0m [38;5;34m[1m[meepothegeomancer-client][0m   #19 unpacking to docker.io/library/meepothegeomancer-client:c5a05ea 0.3s done
[2m19:53:25[0m [38;5;34m[1m[meepothegeomancer-client][0m   #19 DONE 15.6s
[2m19:53:25[0m [38;5;34m[1m[meepothegeomancer-client][0m [2m19:53:25[0m   [32m✔ Built in 473s[0m
[2m19:53:25[0m [38;5;34m[1m[meepothegeomancer-client][0m Untagged: meepothegeomancer-client:c5a05ea
[2m19:53:25[0m [38;5;34m[1m[meepothegeomancer-client][0m [2m19:53:25[0m   [2mRemoved local tag meepothegeomancer-client:c5a05ea[0m
[2m19:53:25[0m [38;5;34m[1m[meepothegeomancer-client][0m 
[2m19:53:25[0m [38;5;34m[1m[meepothegeomancer-client][0m [32m[1m══════════════════════════════════════════════════════[0m
[2m19:53:25[0m [38;5;34m[1m[meepothegeomancer-client][0m [32m[1m  ✅ Build complete in 492s[0m
[2m19:53:25[0m [38;5;34m[1m[meepothegeomancer-client][0m   [2mmaster@c5a05ea (2026-05-21T02:53:25Z)[0m
[2m19:53:25[0m [38;5;34m[1m[meepothegeomancer-client][0m [32m[1m══════════════════════════════════════════════════════[0m
[2m19:53:25[0m [38;5;34m[1m[meepothegeomancer-client][0m 
[2m19:53:25[0m [38;5;34m[1m[meepothegeomancer-client][0m 
[2m19:53:25[0m [38;5;34m[1m[meepothegeomancer-client][0m [36m[1m══════════════════════════════════════════════════════[0m
[2m19:53:25[0m [38;5;34m[1m[meepothegeomancer-client][0m [36m[1m  🐉 Meepo Client — Transfer to synology[0m
[2m19:53:25[0m [38;5;34m[1m[meepothegeomancer-client][0m [36m[1m══════════════════════════════════════════════════════[0m
[2m19:53:25[0m [38;5;34m[1m[meepothegeomancer-client][0m [2m19:53:25[0m   [32m✔ SSH access to nas confirmed[0m
[2m19:53:25[0m [38;5;34m[1m[meepothegeomancer-client][0m 
[2m19:53:25[0m [38;5;34m[1m[meepothegeomancer-client][0m [2m19:53:25[0m [36m[1m▸ Transferring image via SSH → nas (synology)[0m
[2m19:53:25[0m [38;5;34m[1m[meepothegeomancer-client][0m [2m19:53:25[0m   [2mSyncing docker-compose.yml...[0m
[2m19:53:25[0m [38;5;34m[1m[meepothegeomancer-client][0m [2m19:53:25[0m   [2mTagging current :latest as :previous for rollback...[0m
[2m19:53:25[0m [38;5;34m[1m[meepothegeomancer-client][0m [2m19:53:25[0m   [32m✔ Rollback image saved as meepothegeomancer-client:previous[0m
[2m19:53:25[0m [38;5;34m[1m[meepothegeomancer-client][0m [2m19:53:25[0m   [2mPiping image over SSH (this may take a moment)...[0m
[2m19:53:28[0m [38;5;34m[1m[classic-whitemane-client][0m   #19 naming to docker.io/library/classic-whitemane-client:0789060
[2m19:53:28[0m [38;5;34m[1m[classic-whitemane-client][0m   #19 naming to docker.io/library/classic-whitemane-client:0789060 0.3s done
[2m19:53:28[0m [38;5;34m[1m[classic-whitemane-client][0m   #19 unpacking to docker.io/library/classic-whitemane-client:0789060
[2m19:53:28[0m [38;5;34m[1m[classic-whitemane-client][0m   #19 unpacking to docker.io/library/classic-whitemane-client:0789060 0.5s done
[2m19:53:28[0m [38;5;34m[1m[classic-whitemane-client][0m   #19 DONE 16.4s
[2m19:53:28[0m [38;5;34m[1m[classic-whitemane-client][0m [2m19:53:28[0m   [32m✔ Built in 477s[0m
[2m19:53:28[0m [38;5;34m[1m[classic-whitemane-client][0m Untagged: classic-whitemane-client:0789060
[2m19:53:28[0m [38;5;34m[1m[classic-whitemane-client][0m [2m19:53:28[0m   [2mRemoved local tag classic-whitemane-client:0789060[0m
[2m19:53:29[0m [38;5;34m[1m[clankerbox-client   ][0m   
[2m19:53:29[0m [38;5;34m[1m[portal-client       ][0m   
[2m19:53:29[0m [38;5;34m[1m[messages-client     ][0m   
[2m19:53:29[0m [38;5;34m[1m[clankerbox-client   ][0m   #16 [runner 5/7] COPY --from=builder --chown=nextjs:nodejs /app/.next/standalone ./
[2m19:53:29[0m [38;5;34m[1m[portal-client       ][0m   #16 [runner 5/7] COPY --from=builder --chown=nextjs:nodejs /app/.next/standalone ./
[2m19:53:29[0m [38;5;34m[1m[messages-client     ][0m   #17 [runner 5/7] COPY --from=builder --chown=nextjs:nodejs /app/.next/standalone ./
[2m19:53:29[0m [38;5;34m[1m[clankerbox-client   ][0m   #16 DONE 3.5s
[2m19:53:29[0m [38;5;34m[1m[portal-client       ][0m   #16 DONE 3.7s
[2m19:53:29[0m [38;5;34m[1m[messages-client     ][0m   #17 DONE 3.7s
[2m19:53:29[0m [38;5;34m[1m[clankerbox-client   ][0m   
[2m19:53:29[0m [38;5;34m[1m[messages-client     ][0m   
[2m19:53:29[0m [38;5;34m[1m[portal-client       ][0m   
[2m19:53:29[0m [38;5;34m[1m[portal-client       ][0m   #17 [runner 6/7] COPY --from=builder --chown=nextjs:nodejs /app/.next/static ./.next/static
[2m19:53:29[0m [38;5;34m[1m[clankerbox-client   ][0m   #17 [runner 6/7] COPY --from=builder --chown=nextjs:nodejs /app/.next/static ./.next/static
[2m19:53:29[0m [38;5;34m[1m[messages-client     ][0m   #18 [runner 6/7] COPY --from=builder --chown=nextjs:nodejs /app/.next/static ./.next/static
[2m19:53:29[0m [38;5;34m[1m[portal-client       ][0m   #17 DONE 2.3s
[2m19:53:29[0m [38;5;34m[1m[clankerbox-client   ][0m   #17 DONE 2.4s
[2m19:53:29[0m [38;5;34m[1m[messages-client     ][0m   #18 DONE 2.1s
[2m19:53:29[0m [38;5;34m[1m[portal-client       ][0m   
[2m19:53:29[0m [38;5;34m[1m[messages-client     ][0m   
[2m19:53:29[0m [38;5;34m[1m[clankerbox-client   ][0m   
[2m19:53:29[0m [38;5;34m[1m[clankerbox-client   ][0m   #18 [runner 7/7] COPY --from=builder --chown=nextjs:nodejs /app/boot.js ./boot.js
[2m19:53:29[0m [38;5;34m[1m[messages-client     ][0m   #19 [runner 7/7] COPY --from=builder --chown=nextjs:nodejs /app/boot.js ./boot.js
[2m19:53:29[0m [38;5;34m[1m[portal-client       ][0m   #18 [runner 7/7] COPY --from=builder --chown=nextjs:nodejs /app/boot.js ./boot.js
[2m19:53:29[0m [38;5;34m[1m[clankerbox-client   ][0m   #18 DONE 2.2s
[2m19:53:29[0m [38;5;34m[1m[messages-client     ][0m   #19 DONE 2.0s
[2m19:53:29[0m [38;5;34m[1m[portal-client       ][0m   #18 DONE 3.9s
[2m19:53:29[0m [38;5;34m[1m[clankerbox-client   ][0m   
[2m19:53:29[0m [38;5;34m[1m[portal-client       ][0m   
[2m19:53:29[0m [38;5;34m[1m[messages-client     ][0m   
[2m19:53:29[0m [38;5;34m[1m[clankerbox-client   ][0m   #19 exporting to image
[2m19:53:29[0m [38;5;34m[1m[portal-client       ][0m   #19 exporting to image
[2m19:53:29[0m [38;5;34m[1m[clankerbox-client   ][0m   #19 exporting layers
[2m19:53:29[0m [38;5;34m[1m[portal-client       ][0m   #19 exporting layers
[2m19:53:29[0m [38;5;34m[1m[messages-client     ][0m   #20 exporting to image
[2m19:53:29[0m [38;5;34m[1m[clankerbox-client   ][0m   #19 exporting layers 5.4s done
[2m19:53:29[0m [38;5;34m[1m[portal-client       ][0m   #19 exporting layers 4.7s done
[2m19:53:29[0m [38;5;34m[1m[messages-client     ][0m   #20 exporting layers
[2m19:53:29[0m [38;5;34m[1m[portal-client       ][0m   #19 exporting manifest sha256:4b8ab201dd8507620f3dc03a3c03df52a0bca3b549f481ef490ee680b068ab14
[2m19:53:29[0m [38;5;34m[1m[clankerbox-client   ][0m   #19 exporting manifest sha256:fc2b8fe1c53898aee40466573cd076946be2469b2253884f66ffc1e8b1191200
[2m19:53:29[0m [38;5;34m[1m[messages-client     ][0m   #20 exporting layers 6.2s done
[2m19:53:29[0m [38;5;34m[1m[portal-client       ][0m   #19 exporting manifest sha256:4b8ab201dd8507620f3dc03a3c03df52a0bca3b549f481ef490ee680b068ab14 0.2s done
[2m19:53:29[0m [38;5;34m[1m[clankerbox-client   ][0m   #19 exporting manifest sha256:fc2b8fe1c53898aee40466573cd076946be2469b2253884f66ffc1e8b1191200 0.3s done
[2m19:53:29[0m [38;5;34m[1m[messages-client     ][0m   #20 exporting manifest sha256:0bd4707b85d21bc9301b93c6dd8b558daa11ba2e8dd3ac12ce237ef425accccb
[2m19:53:29[0m [38;5;34m[1m[clankerbox-client   ][0m   #19 exporting config sha256:f16d95fcf352101f3b19cea093f047a74b0fb9c0b4b7238fd23f2b97d4e7c69d
[2m19:53:29[0m [38;5;34m[1m[portal-client       ][0m   #19 exporting config sha256:a3f3e72b1cbeb4f86b2026adf555d2152e10d03004138c5965aa930a4f157385
[2m19:53:29[0m [38;5;34m[1m[messages-client     ][0m   #20 exporting manifest sha256:0bd4707b85d21bc9301b93c6dd8b558daa11ba2e8dd3ac12ce237ef425accccb 0.2s done
[2m19:53:29[0m [38;5;34m[1m[portal-client       ][0m   #19 exporting config sha256:a3f3e72b1cbeb4f86b2026adf555d2152e10d03004138c5965aa930a4f157385 0.2s done
[2m19:53:29[0m [38;5;34m[1m[messages-client     ][0m   #20 exporting config sha256:0e8ecfe5572b9d36761bb9e7e9a806fac85d59c44072ba6f9892ab57a7ba9012
[2m19:53:29[0m [38;5;34m[1m[clankerbox-client   ][0m   #19 exporting config sha256:f16d95fcf352101f3b19cea093f047a74b0fb9c0b4b7238fd23f2b97d4e7c69d 0.4s done
[2m19:53:29[0m [38;5;34m[1m[portal-client       ][0m   #19 exporting attestation manifest sha256:4c254271f6ac46c757ac4c41457e6c64b2a022bfc86f7d77659fc8ba2cfd4fc0
[2m19:53:29[0m [38;5;34m[1m[messages-client     ][0m   #20 exporting config sha256:0e8ecfe5572b9d36761bb9e7e9a806fac85d59c44072ba6f9892ab57a7ba9012 0.4s done
[2m19:53:29[0m [38;5;34m[1m[clankerbox-client   ][0m   #19 exporting attestation manifest sha256:3c349eade00191d9a967a95328eb70d7e9ca9103e93e7dedd5741cd2ac634e27
[2m19:53:29[0m [38;5;34m[1m[portal-client       ][0m   #19 exporting attestation manifest sha256:4c254271f6ac46c757ac4c41457e6c64b2a022bfc86f7d77659fc8ba2cfd4fc0 0.6s done
[2m19:53:29[0m [38;5;34m[1m[messages-client     ][0m   #20 exporting attestation manifest sha256:7d33f5f02b58e77b893ba7305a8ab442d2060570c2eaf4fb9cc4370a0dbdcace
[2m19:53:29[0m [38;5;34m[1m[clankerbox-client   ][0m   #19 exporting attestation manifest sha256:3c349eade00191d9a967a95328eb70d7e9ca9103e93e7dedd5741cd2ac634e27 1.4s done
[2m19:53:29[0m [38;5;34m[1m[portal-client       ][0m   #19 exporting manifest list sha256:a7822261a3a6c05d447953d49427f2e21b8f19dd3a8cfb9b3cf69823f2689c6c
[2m19:53:29[0m [38;5;34m[1m[messages-client     ][0m   #20 exporting attestation manifest sha256:7d33f5f02b58e77b893ba7305a8ab442d2060570c2eaf4fb9cc4370a0dbdcace 1.5s done
[2m19:53:29[0m [38;5;34m[1m[clankerbox-client   ][0m   #19 exporting manifest list sha256:651a326601bba2843c6d850cfe9ec5d3fe4f0a3d21cba13c48e13e8d02738bb6
[2m19:53:29[0m [38;5;34m[1m[portal-client       ][0m   #19 exporting manifest list sha256:a7822261a3a6c05d447953d49427f2e21b8f19dd3a8cfb9b3cf69823f2689c6c 0.6s done
[2m19:53:29[0m [38;5;34m[1m[messages-client     ][0m   #20 exporting manifest list sha256:b5626c5df74970d9782eb912e755948dd291cd35373c961ae91fdda9abfe4b3c
[2m19:53:29[0m [38;5;34m[1m[clankerbox-client   ][0m   #19 exporting manifest list sha256:651a326601bba2843c6d850cfe9ec5d3fe4f0a3d21cba13c48e13e8d02738bb6 0.4s done
[2m19:53:29[0m [38;5;34m[1m[portal-client       ][0m   #19 naming to docker.io/library/portal-client:latest
[2m19:53:29[0m [38;5;34m[1m[messages-client     ][0m   #20 exporting manifest list sha256:b5626c5df74970d9782eb912e755948dd291cd35373c961ae91fdda9abfe4b3c 0.4s done
[2m19:53:29[0m [38;5;34m[1m[clankerbox-client   ][0m   #19 naming to docker.io/library/clankerbox-client:latest
[2m19:53:29[0m [38;5;34m[1m[portal-client       ][0m   #19 naming to docker.io/library/portal-client:latest 0.1s done
[2m19:53:29[0m [38;5;34m[1m[clankerbox-client   ][0m   #19 naming to docker.io/library/clankerbox-client:latest 0.1s done
[2m19:53:29[0m [38;5;34m[1m[messages-client     ][0m   #20 naming to docker.io/library/messages-client:latest
[2m19:53:29[0m [38;5;34m[1m[portal-client       ][0m   #19 unpacking to docker.io/library/portal-client:latest
[2m19:53:29[0m [38;5;34m[1m[messages-client     ][0m   #20 naming to docker.io/library/messages-client:latest 0.1s done
[2m19:53:29[0m [38;5;34m[1m[clankerbox-client   ][0m   #19 unpacking to docker.io/library/clankerbox-client:latest
[2m19:53:29[0m [38;5;34m[1m[portal-client       ][0m   #19 unpacking to docker.io/library/portal-client:latest 5.0s done
[2m19:53:29[0m [38;5;34m[1m[messages-client     ][0m   #20 unpacking to docker.io/library/messages-client:latest
[2m19:53:29[0m [38;5;34m[1m[portal-client       ][0m   #19 naming to docker.io/library/portal-client:7313bb9
[2m19:53:29[0m [38;5;34m[1m[clankerbox-client   ][0m   #19 unpacking to docker.io/library/clankerbox-client:latest 4.5s done
[2m19:53:29[0m [38;5;34m[1m[portal-client       ][0m   #19 naming to docker.io/library/portal-client:7313bb9 0.2s done
[2m19:53:29[0m [38;5;34m[1m[clankerbox-client   ][0m   #19 naming to docker.io/library/clankerbox-client:abeb0e8
[2m19:53:29[0m [38;5;34m[1m[messages-client     ][0m   #20 unpacking to docker.io/library/messages-client:latest 4.5s done
[2m19:53:30[0m [38;5;34m[1m[portal-client       ][0m   #19 unpacking to docker.io/library/portal-client:7313bb9
[2m19:53:30[0m [38;5;34m[1m[messages-client     ][0m   #20 naming to docker.io/library/messages-client:3f6480b
[2m19:53:30[0m [38;5;34m[1m[clankerbox-client   ][0m   #19 naming to docker.io/library/clankerbox-client:abeb0e8 0.2s done
[2m19:53:30[0m [38;5;34m[1m[portal-client       ][0m   #19 unpacking to docker.io/library/portal-client:7313bb9 0.3s done
[2m19:53:30[0m [38;5;34m[1m[messages-client     ][0m   #20 naming to docker.io/library/messages-client:3f6480b 0.3s done
[2m19:53:30[0m [38;5;34m[1m[clankerbox-client   ][0m   #19 unpacking to docker.io/library/clankerbox-client:abeb0e8
[2m19:53:30[0m [38;5;34m[1m[portal-client       ][0m   #19 DONE 15.9s
[2m19:53:30[0m [38;5;34m[1m[messages-client     ][0m   #20 unpacking to docker.io/library/messages-client:3f6480b
[2m19:53:30[0m [38;5;34m[1m[clankerbox-client   ][0m   #19 unpacking to docker.io/library/clankerbox-client:abeb0e8 0.5s done
[2m19:53:30[0m [38;5;34m[1m[messages-client     ][0m   #20 unpacking to docker.io/library/messages-client:3f6480b 0.5s done
[2m19:53:30[0m [38;5;34m[1m[clankerbox-client   ][0m   #19 DONE 16.6s
[2m19:53:30[0m [38;5;34m[1m[portal-client       ][0m [2m19:53:29[0m   [32m✔ Built in 477s[0m
[2m19:53:30[0m [38;5;34m[1m[messages-client     ][0m   #20 DONE 16.3s
[2m19:53:30[0m [38;5;34m[1m[clankerbox-client   ][0m [2m19:53:29[0m   [32m✔ Built in 475s[0m
[2m19:53:30[0m [38;5;34m[1m[messages-client     ][0m [2m19:53:29[0m   [32m✔ Built in 478s[0m
[2m19:53:30[0m [38;5;34m[1m[portal-client       ][0m Untagged: portal-client:7313bb9
[2m19:53:30[0m [38;5;34m[1m[portal-client       ][0m [2m19:53:30[0m   [2mRemoved local tag portal-client:7313bb9[0m
[2m19:53:30[0m [38;5;34m[1m[clankerbox-client   ][0m Untagged: clankerbox-client:abeb0e8
[2m19:53:30[0m [38;5;34m[1m[clankerbox-client   ][0m [2m19:53:30[0m   [2mRemoved local tag clankerbox-client:abeb0e8[0m
[2m19:53:30[0m [38;5;34m[1m[portal-client       ][0m 
[2m19:53:30[0m [38;5;34m[1m[portal-client       ][0m [32m[1m══════════════════════════════════════════════════════[0m
[2m19:53:30[0m [38;5;34m[1m[portal-client       ][0m [32m[1m  ✅ Build complete in 497s[0m
[2m19:53:30[0m [38;5;34m[1m[portal-client       ][0m   [2mmaster@7313bb9 (2026-05-21T02:53:30Z)[0m
[2m19:53:30[0m [38;5;34m[1m[messages-client     ][0m Untagged: messages-client:3f6480b
[2m19:53:30[0m [38;5;34m[1m[portal-client       ][0m [32m[1m══════════════════════════════════════════════════════[0m
[2m19:53:30[0m [38;5;34m[1m[messages-client     ][0m [2m19:53:30[0m   [2mRemoved local tag messages-client:3f6480b[0m
[2m19:53:30[0m [38;5;34m[1m[portal-client       ][0m 
[2m19:53:30[0m [38;5;34m[1m[clankerbox-client   ][0m 
[2m19:53:30[0m [38;5;34m[1m[clankerbox-client   ][0m [32m[1m══════════════════════════════════════════════════════[0m
[2m19:53:30[0m [38;5;34m[1m[clankerbox-client   ][0m [32m[1m  ✅ Build complete in 497s[0m
[2m19:53:30[0m [38;5;34m[1m[clankerbox-client   ][0m   [2mmaster@abeb0e8 (2026-05-21T02:53:30Z)[0m
[2m19:53:30[0m [38;5;34m[1m[clankerbox-client   ][0m [32m[1m══════════════════════════════════════════════════════[0m
[2m19:53:30[0m [38;5;34m[1m[clankerbox-client   ][0m 
[2m19:53:30[0m [38;5;34m[1m[messages-client     ][0m 
[2m19:53:30[0m [38;5;34m[1m[messages-client     ][0m [32m[1m══════════════════════════════════════════════════════[0m
[2m19:53:30[0m [38;5;34m[1m[messages-client     ][0m [32m[1m  ✅ Build complete in 497s[0m
[2m19:53:30[0m [38;5;34m[1m[messages-client     ][0m   [2mmaster@3f6480b (2026-05-21T02:53:30Z)[0m
[2m19:53:30[0m [38;5;34m[1m[messages-client     ][0m [32m[1m══════════════════════════════════════════════════════[0m
[2m19:53:30[0m [38;5;34m[1m[messages-client     ][0m 
[2m19:53:30[0m [38;5;33m[1m[lights-service      ][0m   #18 unpacking to docker.io/library/lights-service:latest 1.9s done
[2m19:53:30[0m [38;5;33m[1m[lights-service      ][0m   #18 naming to docker.io/library/lights-service:36d0155 0.1s done
[2m19:53:30[0m [38;5;33m[1m[lights-service      ][0m   #18 unpacking to docker.io/library/lights-service:36d0155
[2m19:53:30[0m [38;5;33m[1m[lights-service      ][0m   #18 unpacking to docker.io/library/lights-service:36d0155 0.1s done
[2m19:53:30[0m [38;5;33m[1m[lights-service      ][0m   #18 DONE 15.9s
[2m19:53:30[0m [38;5;33m[1m[lights-service      ][0m [2m19:53:30[0m   [32m✔ Built in 491s[0m
[2m19:53:30[0m [38;5;33m[1m[lights-service      ][0m Untagged: lights-service:36d0155
[2m19:53:30[0m [38;5;33m[1m[lights-service      ][0m [2m19:53:30[0m   [2mRemoved local tag lights-service:36d0155[0m
[2m19:53:30[0m [38;5;33m[1m[lights-service      ][0m 
[2m19:53:30[0m [38;5;33m[1m[lights-service      ][0m [32m[1m══════════════════════════════════════════════════════[0m
[2m19:53:30[0m [38;5;33m[1m[lights-service      ][0m [32m[1m  ✅ Build complete in 497s[0m
[2m19:53:30[0m [38;5;33m[1m[lights-service      ][0m   [2mmaster@36d0155 (2026-05-21T02:53:30Z)[0m
[2m19:53:30[0m [38;5;33m[1m[lights-service      ][0m [32m[1m══════════════════════════════════════════════════════[0m
[2m19:53:30[0m [38;5;33m[1m[lights-service      ][0m 
[2m19:53:30[0m [38;5;34m[1m[portal-client       ][0m 
[2m19:53:30[0m [38;5;34m[1m[clankerbox-client   ][0m 
[2m19:53:30[0m [38;5;34m[1m[portal-client       ][0m [36m[1m══════════════════════════════════════════════════════[0m
[2m19:53:30[0m [38;5;34m[1m[clankerbox-client   ][0m [36m[1m══════════════════════════════════════════════════════[0m
[2m19:53:30[0m [38;5;34m[1m[portal-client       ][0m [36m[1m  🖥️ Portal Client — Transfer to synology[0m
[2m19:53:30[0m [38;5;34m[1m[clankerbox-client   ][0m [36m[1m  🤖 Clankerbox Client — Transfer to synology[0m
[2m19:53:30[0m [38;5;34m[1m[portal-client       ][0m [36m[1m══════════════════════════════════════════════════════[0m
[2m19:53:30[0m [38;5;34m[1m[clankerbox-client   ][0m [36m[1m══════════════════════════════════════════════════════[0m
[2m19:53:30[0m [38;5;34m[1m[clankerbox-client   ][0m [2m19:53:30[0m   [32m✔ SSH access to nas confirmed[0m
[2m19:53:30[0m [38;5;34m[1m[portal-client       ][0m [2m19:53:30[0m   [32m✔ SSH access to nas confirmed[0m
[2m19:53:30[0m [38;5;34m[1m[portal-client       ][0m 
[2m19:53:30[0m [38;5;34m[1m[clankerbox-client   ][0m 
[2m19:53:30[0m [38;5;34m[1m[clankerbox-client   ][0m [2m19:53:30[0m [36m[1m▸ Transferring image via SSH → nas (synology)[0m
[2m19:53:30[0m [38;5;34m[1m[portal-client       ][0m [2m19:53:30[0m [36m[1m▸ Transferring image via SSH → nas (synology)[0m
[2m19:53:30[0m [38;5;34m[1m[messages-client     ][0m 
[2m19:53:30[0m [38;5;34m[1m[portal-client       ][0m [2m19:53:30[0m   [2mSyncing docker-compose.yml...[0m
[2m19:53:30[0m [38;5;34m[1m[messages-client     ][0m [36m[1m══════════════════════════════════════════════════════[0m
[2m19:53:30[0m [38;5;34m[1m[clankerbox-client   ][0m [2m19:53:30[0m   [2mSyncing docker-compose.yml...[0m
[2m19:53:30[0m [38;5;34m[1m[messages-client     ][0m [36m[1m  💬 Messages Client — Transfer to synology[0m
[2m19:53:30[0m [38;5;34m[1m[messages-client     ][0m [36m[1m══════════════════════════════════════════════════════[0m
[2m19:53:30[0m [38;5;34m[1m[clankerbox-client   ][0m [2m19:53:30[0m   [2mSyncing .env.deploy → .env...[0m
[2m19:53:30[0m [38;5;34m[1m[messages-client     ][0m [2m19:53:30[0m   [32m✔ SSH access to nas confirmed[0m
[2m19:53:30[0m [38;5;34m[1m[messages-client     ][0m 
[2m19:53:30[0m [38;5;34m[1m[portal-client       ][0m [2m19:53:30[0m   [2mSyncing .env.deploy → .env...[0m
[2m19:53:30[0m [38;5;34m[1m[messages-client     ][0m [2m19:53:30[0m [36m[1m▸ Transferring image via SSH → nas (synology)[0m
[2m19:53:30[0m [38;5;33m[1m[lights-service      ][0m 
[2m19:53:30[0m [38;5;33m[1m[lights-service      ][0m [36m[1m══════════════════════════════════════════════════════[0m
[2m19:53:30[0m [38;5;33m[1m[lights-service      ][0m [36m[1m  💡 Lights Service — Transfer to synology[0m
[2m19:53:30[0m [38;5;33m[1m[lights-service      ][0m [36m[1m══════════════════════════════════════════════════════[0m
[2m19:53:30[0m [38;5;34m[1m[clankerbox-client   ][0m [2m19:53:30[0m   [32m✔ .env synced[0m
[2m19:53:30[0m [38;5;34m[1m[portal-client       ][0m [2m19:53:30[0m   [32m✔ .env synced[0m
[2m19:53:30[0m [38;5;33m[1m[lights-service      ][0m [2m19:53:30[0m   [32m✔ SSH access to nas confirmed[0m
[2m19:53:30[0m [38;5;33m[1m[lights-service      ][0m 
[2m19:53:30[0m [38;5;33m[1m[lights-service      ][0m [2m19:53:30[0m [36m[1m▸ Transferring image via SSH → nas (synology)[0m
[2m19:53:30[0m [38;5;34m[1m[messages-client     ][0m [2m19:53:30[0m   [2mSyncing docker-compose.yml...[0m
[2m19:53:30[0m [38;5;33m[1m[lights-service      ][0m [2m19:53:30[0m   [2mSyncing docker-compose.yml...[0m
[2m19:53:30[0m [38;5;34m[1m[messages-client     ][0m [2m19:53:30[0m   [2mSyncing .env.deploy → .env...[0m
[2m19:53:30[0m [38;5;33m[1m[lights-service      ][0m [2m19:53:30[0m   [2mSyncing .env.deploy → .env...[0m
[2m19:53:30[0m [38;5;34m[1m[messages-client     ][0m [2m19:53:30[0m   [32m✔ .env synced[0m
[2m19:53:30[0m [38;5;33m[1m[lights-service      ][0m [2m19:53:30[0m   [32m✔ .env synced[0m
[2m19:53:30[0m [38;5;34m[1m[clankerbox-client   ][0m [2m19:53:30[0m   [2mTagging current :latest as :previous for rollback...[0m
[2m19:53:30[0m [38;5;34m[1m[portal-client       ][0m [2m19:53:30[0m   [2mTagging current :latest as :previous for rollback...[0m
[2m19:53:30[0m [38;5;34m[1m[messages-client     ][0m [2m19:53:30[0m   [2mTagging current :latest as :previous for rollback...[0m
[2m19:53:30[0m [38;5;34m[1m[clankerbox-client   ][0m [2m19:53:30[0m   [32m✔ Rollback image saved as clankerbox-client:previous[0m
[2m19:53:30[0m [38;5;34m[1m[clankerbox-client   ][0m [2m19:53:30[0m   [2mPiping image over SSH (this may take a moment)...[0m
[2m19:53:31[0m [38;5;33m[1m[lights-service      ][0m [2m19:53:31[0m   [2mTagging current :latest as :previous for rollback...[0m
[2m19:53:31[0m [38;5;34m[1m[portal-client       ][0m [2m19:53:31[0m   [32m✔ Rollback image saved as portal-client:previous[0m
[2m19:53:31[0m [38;5;34m[1m[portal-client       ][0m [2m19:53:31[0m   [2mPiping image over SSH (this may take a moment)...[0m
[2m19:53:31[0m [38;5;34m[1m[messages-client     ][0m [2m19:53:31[0m   [32m✔ Rollback image saved as messages-client:previous[0m
[2m19:53:31[0m [38;5;34m[1m[messages-client     ][0m [2m19:53:31[0m   [2mPiping image over SSH (this may take a moment)...[0m
[2m19:53:31[0m [38;5;33m[1m[lights-service      ][0m [2m19:53:31[0m   [32m✔ Rollback image saved as lights-service:previous[0m
[2m19:53:31[0m [38;5;33m[1m[lights-service      ][0m [2m19:53:31[0m   [2mPiping image over SSH (this may take a moment)...[0m
[2m19:53:31[0m [38;5;34m[1m[meepothegeomancer-client][0m [2m19:53:31[0m   [32m✔ Image transferred in 6s[0m
[2m19:53:31[0m [38;5;34m[1m[meepothegeomancer-client][0m 
[2m19:53:31[0m [38;5;34m[1m[meepothegeomancer-client][0m [32m[1m══════════════════════════════════════════════════════[0m
[2m19:53:31[0m [38;5;34m[1m[meepothegeomancer-client][0m [32m[1m  ✅ Transfer complete in 6s[0m
[2m19:53:31[0m [38;5;34m[1m[meepothegeomancer-client][0m   [2mmaster@c5a05ea → synology (2026-05-21T02:53:25Z)[0m
[2m19:53:31[0m [38;5;34m[1m[meepothegeomancer-client][0m [32m[1m══════════════════════════════════════════════════════[0m
[2m19:53:31[0m [38;5;34m[1m[meepothegeomancer-client][0m 
[2m19:53:32[0m [38;5;33m[1m[portal-service      ][0m   #18 naming to docker.io/library/portal-service:4049ff4
[2m19:53:32[0m [38;5;33m[1m[portal-service      ][0m   #18 naming to docker.io/library/portal-service:4049ff4 0.2s done
[2m19:53:32[0m [38;5;33m[1m[portal-service      ][0m   #18 unpacking to docker.io/library/portal-service:4049ff4
[2m19:53:32[0m [38;5;33m[1m[portal-service      ][0m   #18 unpacking to docker.io/library/portal-service:4049ff4 0.4s done
[2m19:53:32[0m [38;5;33m[1m[portal-service      ][0m   #18 DONE 25.1s
[2m19:53:32[0m [38;5;33m[1m[portal-service      ][0m [2m19:53:32[0m   [32m✔ Built in 493s[0m
[2m19:53:32[0m [38;5;33m[1m[portal-service      ][0m Untagged: portal-service:4049ff4
[2m19:53:32[0m [38;5;33m[1m[portal-service      ][0m [2m19:53:32[0m   [2mRemoved local tag portal-service:4049ff4[0m
[2m19:53:32[0m [38;5;33m[1m[portal-service      ][0m 
[2m19:53:32[0m [38;5;33m[1m[portal-service      ][0m [32m[1m══════════════════════════════════════════════════════[0m
[2m19:53:32[0m [38;5;33m[1m[portal-service      ][0m [32m[1m  ✅ Build complete in 499s[0m
[2m19:53:32[0m [38;5;33m[1m[portal-service      ][0m   [2mmaster@4049ff4 (2026-05-21T02:53:32Z)[0m
[2m19:53:32[0m [38;5;33m[1m[portal-service      ][0m [32m[1m══════════════════════════════════════════════════════[0m
[2m19:53:32[0m [38;5;33m[1m[portal-service      ][0m 
[2m19:53:32[0m [38;5;34m[1m[classic-whitemane-client][0m 
[2m19:53:32[0m [38;5;33m[1m[portal-service      ][0m 
[2m19:53:32[0m [38;5;33m[1m[portal-service      ][0m [36m[1m══════════════════════════════════════════════════════[0m
[2m19:53:32[0m [38;5;34m[1m[classic-whitemane-client][0m [32m[1m══════════════════════════════════════════════════════[0m
[2m19:53:32[0m [38;5;33m[1m[portal-service      ][0m [36m[1m  🔌 Portal Service — Transfer to synology[0m
[2m19:53:32[0m [38;5;34m[1m[classic-whitemane-client][0m [32m[1m  ✅ Build complete in 499s[0m
[2m19:53:32[0m [38;5;33m[1m[portal-service      ][0m [36m[1m══════════════════════════════════════════════════════[0m
[2m19:53:32[0m [38;5;34m[1m[classic-whitemane-client][0m   [2mmaster@0789060 (2026-05-21T02:53:32Z)[0m
[2m19:53:32[0m [38;5;34m[1m[classic-whitemane-client][0m [32m[1m══════════════════════════════════════════════════════[0m
[2m19:53:32[0m [38;5;34m[1m[classic-whitemane-client][0m 
[2m19:53:32[0m [38;5;33m[1m[portal-service      ][0m [2m19:53:32[0m   [32m✔ SSH access to nas confirmed[0m
[2m19:53:32[0m [38;5;33m[1m[portal-service      ][0m 
[2m19:53:32[0m [38;5;33m[1m[portal-service      ][0m [2m19:53:32[0m [36m[1m▸ Transferring image via SSH → nas (synology)[0m
[2m19:53:32[0m [38;5;33m[1m[portal-service      ][0m [2m19:53:32[0m   [2mSyncing docker-compose.yml...[0m
[2m19:53:32[0m [38;5;33m[1m[portal-service      ][0m [2m19:53:32[0m   [2mSyncing .env.deploy → .env...[0m
[2m19:53:32[0m [38;5;33m[1m[portal-service      ][0m [2m19:53:32[0m   [32m✔ .env synced[0m
[2m19:53:33[0m [38;5;33m[1m[portal-service      ][0m [2m19:53:33[0m   [2mTagging current :latest as :previous for rollback...[0m
[2m19:53:33[0m [38;5;33m[1m[portal-service      ][0m [2m19:53:33[0m   [32m✔ Rollback image saved as portal-service:previous[0m
[2m19:53:33[0m [38;5;33m[1m[portal-service      ][0m [2m19:53:33[0m   [2mPiping image over SSH (this may take a moment)...[0m
[2m19:53:33[0m [38;5;34m[1m[classic-whitemane-client][0m 
[2m19:53:33[0m [38;5;34m[1m[classic-whitemane-client][0m [36m[1m══════════════════════════════════════════════════════[0m
[2m19:53:33[0m [38;5;34m[1m[classic-whitemane-client][0m [36m[1m  ⚔️ Classic Whitemane Client — Transfer to synology[0m
[2m19:53:33[0m [38;5;34m[1m[classic-whitemane-client][0m [36m[1m══════════════════════════════════════════════════════[0m
[2m19:53:33[0m [38;5;34m[1m[lights-client       ][0m   
[2m19:53:33[0m [38;5;34m[1m[lights-client       ][0m   #16 [runner 5/7] COPY --from=builder --chown=nextjs:nodejs /app/.next/standalone ./
[2m19:53:33[0m [38;5;34m[1m[classic-whitemane-client][0m [2m19:53:33[0m   [32m✔ SSH access to nas confirmed[0m
[2m19:53:33[0m [38;5;34m[1m[lights-client       ][0m   #16 DONE 5.5s
[2m19:53:33[0m [38;5;34m[1m[classic-whitemane-client][0m 
[2m19:53:33[0m [38;5;34m[1m[lights-client       ][0m   
[2m19:53:33[0m [38;5;34m[1m[classic-whitemane-client][0m [2m19:53:33[0m [36m[1m▸ Transferring image via SSH → nas (synology)[0m
[2m19:53:33[0m [38;5;34m[1m[lights-client       ][0m   #17 [runner 6/7] COPY --from=builder --chown=nextjs:nodejs /app/.next/static ./.next/static
[2m19:53:33[0m [38;5;34m[1m[lights-client       ][0m   #17 DONE 2.4s
[2m19:53:33[0m [38;5;34m[1m[lights-client       ][0m   
[2m19:53:33[0m [38;5;34m[1m[lights-client       ][0m   #18 [runner 7/7] COPY --from=builder --chown=nextjs:nodejs /app/boot.js ./boot.js
[2m19:53:33[0m [38;5;34m[1m[lights-client       ][0m   #18 DONE 2.3s
[2m19:53:33[0m [38;5;34m[1m[lights-client       ][0m   
[2m19:53:33[0m [38;5;34m[1m[lights-client       ][0m   #19 exporting to image
[2m19:53:33[0m [38;5;34m[1m[lights-client       ][0m   #19 exporting layers
[2m19:53:33[0m [38;5;34m[1m[classic-whitemane-client][0m [2m19:53:33[0m   [2mSyncing docker-compose.yml...[0m
[2m19:53:33[0m [38;5;34m[1m[lights-client       ][0m   #19 exporting layers 2.6s done
[2m19:53:33[0m [38;5;34m[1m[lights-client       ][0m   #19 exporting manifest sha256:d7b12b7eb67a24e7ad5436965813edd4e69408d97eff77105570bcb3d32876e8
[2m19:53:33[0m [38;5;34m[1m[lights-client       ][0m   #19 exporting manifest sha256:d7b12b7eb67a24e7ad5436965813edd4e69408d97eff77105570bcb3d32876e8 0.3s done
[2m19:53:33[0m [38;5;34m[1m[lights-client       ][0m   #19 exporting config sha256:e8ffd97505cad7da817ca8528ed924ac59a344336a7675a3356d0be1fc575203
[2m19:53:33[0m [38;5;34m[1m[lights-client       ][0m   #19 exporting config sha256:e8ffd97505cad7da817ca8528ed924ac59a344336a7675a3356d0be1fc575203 0.3s done
[2m19:53:33[0m [38;5;34m[1m[lights-client       ][0m   #19 exporting attestation manifest sha256:881cb52b11f7cef0c8fb9282c6d1b165121875565e3ec48f285da31cfbf183e6
[2m19:53:33[0m [38;5;34m[1m[classic-whitemane-client][0m [2m19:53:33[0m   [2mSyncing .env.deploy → .env...[0m
[2m19:53:33[0m [38;5;34m[1m[lights-client       ][0m   #19 exporting attestation manifest sha256:881cb52b11f7cef0c8fb9282c6d1b165121875565e3ec48f285da31cfbf183e6 0.5s done
[2m19:53:33[0m [38;5;34m[1m[lights-client       ][0m   #19 exporting manifest list sha256:777a3603d49454885afa39c5a1da18fc21d3c0117ea11bc620294d53f68990c2
[2m19:53:33[0m [38;5;34m[1m[lights-client       ][0m   #19 exporting manifest list sha256:777a3603d49454885afa39c5a1da18fc21d3c0117ea11bc620294d53f68990c2 0.2s done
[2m19:53:33[0m [38;5;34m[1m[lights-client       ][0m   #19 naming to docker.io/library/lights-client:latest
[2m19:53:33[0m [38;5;34m[1m[lights-client       ][0m   #19 naming to docker.io/library/lights-client:latest 0.6s done
[2m19:53:33[0m [38;5;34m[1m[lights-client       ][0m   #19 unpacking to docker.io/library/lights-client:latest
[2m19:53:33[0m [38;5;34m[1m[classic-whitemane-client][0m [2m19:53:33[0m   [32m✔ .env synced[0m
[2m19:53:33[0m [38;5;34m[1m[lights-client       ][0m   #19 unpacking to docker.io/library/lights-client:latest 5.8s done
[2m19:53:33[0m [38;5;34m[1m[lights-client       ][0m   #19 naming to docker.io/library/lights-client:b65b858
[2m19:53:33[0m [38;5;34m[1m[lights-client       ][0m   #19 naming to docker.io/library/lights-client:b65b858 0.4s done
[2m19:53:33[0m [38;5;34m[1m[lights-client       ][0m   #19 unpacking to docker.io/library/lights-client:b65b858
[2m19:53:33[0m [38;5;34m[1m[lights-client       ][0m   #19 unpacking to docker.io/library/lights-client:b65b858 0.4s done
[2m19:53:33[0m [38;5;34m[1m[lights-client       ][0m   #19 DONE 26.7s
[2m19:53:33[0m [38;5;34m[1m[lights-client       ][0m [2m19:53:33[0m   [32m✔ Built in 482s[0m
[2m19:53:33[0m [38;5;34m[1m[lights-client       ][0m Untagged: lights-client:b65b858
[2m19:53:33[0m [38;5;34m[1m[lights-client       ][0m [2m19:53:33[0m   [2mRemoved local tag lights-client:b65b858[0m
[2m19:53:34[0m [38;5;34m[1m[classic-whitemane-client][0m [2m19:53:34[0m   [2mTagging current :latest as :previous for rollback...[0m
[2m19:53:34[0m [38;5;34m[1m[classic-whitemane-client][0m [2m19:53:34[0m   [32m✔ Rollback image saved as classic-whitemane-client:previous[0m
[2m19:53:34[0m [38;5;34m[1m[classic-whitemane-client][0m [2m19:53:34[0m   [2mPiping image over SSH (this may take a moment)...[0m
[2m19:53:34[0m [38;5;34m[1m[rod-dev-client      ][0m   #19 unpacking to docker.io/library/rod-dev-client:latest
[2m19:53:34[0m [38;5;34m[1m[iron-client         ][0m   
[2m19:53:34[0m [38;5;34m[1m[dygest-client       ][0m   #15 DONE 2.6s
[2m19:53:34[0m [38;5;34m[1m[clock-crew-client   ][0m   #19 naming to docker.io/library/clock-crew-client:bc9862f
[2m19:53:34[0m [38;5;34m[1m[rod-dev-client      ][0m   #19 unpacking to docker.io/library/rod-dev-client:latest 5.9s done
[2m19:53:34[0m [38;5;34m[1m[clock-crew-client   ][0m   #19 naming to docker.io/library/clock-crew-client:bc9862f 0.4s done
[2m19:53:34[0m [38;5;34m[1m[dygest-client       ][0m   
[2m19:53:34[0m [38;5;34m[1m[iron-client         ][0m   #16 [runner 5/7] COPY --from=builder --chown=nextjs:nodejs /app/.next/standalone ./
[2m19:53:34[0m [38;5;34m[1m[rod-dev-client      ][0m   #19 naming to docker.io/library/rod-dev-client:ad58b96 0.0s done
[2m19:53:34[0m [38;5;34m[1m[clock-crew-client   ][0m   #19 unpacking to docker.io/library/clock-crew-client:bc9862f
[2m19:53:34[0m [38;5;34m[1m[dygest-client       ][0m   #16 [runner 5/7] COPY --from=builder --chown=nextjs:nodejs /app/.next/standalone ./
[2m19:53:34[0m [38;5;34m[1m[dygest-client       ][0m   #16 DONE 2.3s
[2m19:53:34[0m [38;5;34m[1m[iron-client         ][0m   #16 DONE 2.4s
[2m19:53:34[0m [38;5;34m[1m[clock-crew-client   ][0m   #19 unpacking to docker.io/library/clock-crew-client:bc9862f 0.1s done
[2m19:53:34[0m [38;5;34m[1m[iron-client         ][0m   
[2m19:53:34[0m [38;5;34m[1m[clock-crew-client   ][0m   #19 DONE 25.8s
[2m19:53:34[0m [38;5;34m[1m[rod-dev-client      ][0m   #19 unpacking to docker.io/library/rod-dev-client:ad58b96 0.1s done
[2m19:53:34[0m [38;5;34m[1m[dygest-client       ][0m   
[2m19:53:34[0m [38;5;34m[1m[iron-client         ][0m   #17 [runner 6/7] COPY --from=builder --chown=nextjs:nodejs /app/.next/static ./.next/static
[2m19:53:34[0m [38;5;34m[1m[rod-dev-client      ][0m   #19 DONE 26.1s
[2m19:53:34[0m [38;5;34m[1m[clock-crew-client   ][0m [2m19:53:34[0m   [32m✔ Built in 484s[0m
[2m19:53:34[0m [38;5;34m[1m[dygest-client       ][0m   #17 [runner 6/7] COPY --from=builder --chown=nextjs:nodejs /app/.next/static ./.next/static
[2m19:53:34[0m [38;5;34m[1m[rod-dev-client      ][0m [2m19:53:34[0m   [32m✔ Built in 482s[0m
[2m19:53:34[0m [38;5;34m[1m[iron-client         ][0m   #17 DONE 4.1s
[2m19:53:34[0m [38;5;34m[1m[dygest-client       ][0m   #17 DONE 4.0s
[2m19:53:34[0m [38;5;34m[1m[iron-client         ][0m   
[2m19:53:34[0m [38;5;34m[1m[dygest-client       ][0m   
[2m19:53:34[0m [38;5;34m[1m[dygest-client       ][0m   #18 [runner 7/7] COPY --from=builder --chown=nextjs:nodejs /app/boot.js ./boot.js
[2m19:53:34[0m [38;5;34m[1m[iron-client         ][0m   #18 [runner 7/7] COPY --from=builder --chown=nextjs:nodejs /app/boot.js ./boot.js
[2m19:53:34[0m [38;5;34m[1m[iron-client         ][0m   #18 DONE 3.6s
[2m19:53:34[0m [38;5;34m[1m[dygest-client       ][0m   #18 DONE 3.7s
[2m19:53:34[0m [38;5;34m[1m[iron-client         ][0m   
[2m19:53:34[0m [38;5;34m[1m[dygest-client       ][0m   
[2m19:53:34[0m [38;5;34m[1m[dygest-client       ][0m   #19 exporting to image
[2m19:53:34[0m [38;5;34m[1m[iron-client         ][0m   #19 exporting to image
[2m19:53:34[0m [38;5;34m[1m[dygest-client       ][0m   #19 exporting layers
[2m19:53:34[0m [38;5;34m[1m[iron-client         ][0m   #19 exporting layers
[2m19:53:34[0m [38;5;34m[1m[dygest-client       ][0m   #19 exporting layers 5.2s done
[2m19:53:34[0m [38;5;34m[1m[iron-client         ][0m   #19 exporting layers 6.0s done
[2m19:53:34[0m [38;5;34m[1m[dygest-client       ][0m   #19 exporting manifest sha256:faa854904cc6d369bb3a258ec0ba2829582c94970ea56f5957ade9ae435db866
[2m19:53:34[0m [38;5;34m[1m[iron-client         ][0m   #19 exporting manifest sha256:8dbd5d2eebcff98a2969ac752ffe22ac5d40140e8e98c5a0f7363d9ccc3ce710
[2m19:53:34[0m [38;5;34m[1m[iron-client         ][0m   #19 exporting manifest sha256:8dbd5d2eebcff98a2969ac752ffe22ac5d40140e8e98c5a0f7363d9ccc3ce710 0.3s done
[2m19:53:34[0m [38;5;34m[1m[dygest-client       ][0m   #19 exporting manifest sha256:faa854904cc6d369bb3a258ec0ba2829582c94970ea56f5957ade9ae435db866 0.9s done
[2m19:53:34[0m [38;5;34m[1m[dygest-client       ][0m   #19 exporting config sha256:3756a2552a0a7755de6d585c8553c59e05503776e202e788f1a4eed5ad75a7fb
[2m19:53:34[0m [38;5;34m[1m[iron-client         ][0m   #19 exporting config sha256:020f0a59d469f9da36d92595f93b1da5e1ad131a869f3a176aa62cde9fc60363
[2m19:53:34[0m [38;5;34m[1m[dygest-client       ][0m   #19 exporting config sha256:3756a2552a0a7755de6d585c8553c59e05503776e202e788f1a4eed5ad75a7fb 1.2s done
[2m19:53:34[0m [38;5;34m[1m[dygest-client       ][0m   #19 exporting attestation manifest sha256:7e3d09f7873722b943c08f5913749d8a5f04708bade2987dac4aaf0926f1befa
[2m19:53:34[0m [38;5;34m[1m[iron-client         ][0m   #19 exporting config sha256:020f0a59d469f9da36d92595f93b1da5e1ad131a869f3a176aa62cde9fc60363 0.3s done
[2m19:53:34[0m [38;5;34m[1m[iron-client         ][0m   #19 exporting attestation manifest sha256:9e8d13a191632004c35caca5e31a36d726f4f9dfa5a69198ba4982f77f397bf4
[2m19:53:34[0m [38;5;34m[1m[dygest-client       ][0m   #19 exporting attestation manifest sha256:7e3d09f7873722b943c08f5913749d8a5f04708bade2987dac4aaf0926f1befa 1.7s done
[2m19:53:35[0m [38;5;34m[1m[dygest-client       ][0m   #19 exporting manifest list sha256:b5dce27e866819dfc10fd9d5c1cbb1b39ebc438a82b92c14221ecb6ee0655315
[2m19:53:35[0m [38;5;34m[1m[iron-client         ][0m   #19 exporting attestation manifest sha256:9e8d13a191632004c35caca5e31a36d726f4f9dfa5a69198ba4982f77f397bf4 1.4s done
[2m19:53:35[0m [38;5;34m[1m[iron-client         ][0m   #19 exporting manifest list sha256:a946615bfb989c394be4d8d9ee20ce6b4db1900471178ed3f032e0502269644a
[2m19:53:35[0m [38;5;34m[1m[dygest-client       ][0m   #19 exporting manifest list sha256:b5dce27e866819dfc10fd9d5c1cbb1b39ebc438a82b92c14221ecb6ee0655315 1.4s done
[2m19:53:35[0m [38;5;34m[1m[dygest-client       ][0m   #19 naming to docker.io/library/dygest-client:latest
[2m19:53:35[0m [38;5;34m[1m[iron-client         ][0m   #19 exporting manifest list sha256:a946615bfb989c394be4d8d9ee20ce6b4db1900471178ed3f032e0502269644a 0.4s done
[2m19:53:35[0m [38;5;34m[1m[iron-client         ][0m   #19 naming to docker.io/library/iron-client:latest
[2m19:53:35[0m [38;5;34m[1m[dygest-client       ][0m   #19 naming to docker.io/library/dygest-client:latest 0.1s done
[2m19:53:35[0m [38;5;34m[1m[iron-client         ][0m   #19 naming to docker.io/library/iron-client:latest 0.1s done
[2m19:53:35[0m [38;5;34m[1m[dygest-client       ][0m   #19 unpacking to docker.io/library/dygest-client:latest
[2m19:53:35[0m [38;5;34m[1m[iron-client         ][0m   #19 unpacking to docker.io/library/iron-client:latest
[2m19:53:35[0m [38;5;34m[1m[dygest-client       ][0m   #19 unpacking to docker.io/library/dygest-client:latest 5.2s done
[2m19:53:35[0m [38;5;34m[1m[iron-client         ][0m   #19 unpacking to docker.io/library/iron-client:latest 5.6s done
[2m19:53:35[0m [38;5;34m[1m[dygest-client       ][0m   #19 naming to docker.io/library/dygest-client:030e097 0.1s done
[2m19:53:35[0m [38;5;34m[1m[iron-client         ][0m   #19 naming to docker.io/library/iron-client:007b879
[2m19:53:35[0m [38;5;34m[1m[dygest-client       ][0m   #19 unpacking to docker.io/library/dygest-client:030e097
[2m19:53:35[0m [38;5;34m[1m[iron-client         ][0m   #19 naming to docker.io/library/iron-client:007b879 0.2s done
[2m19:53:35[0m [38;5;34m[1m[dygest-client       ][0m   #19 unpacking to docker.io/library/dygest-client:030e097 0.1s done
[2m19:53:35[0m [38;5;34m[1m[iron-client         ][0m   #19 unpacking to docker.io/library/iron-client:007b879
[2m19:53:35[0m [38;5;34m[1m[dygest-client       ][0m   #19 DONE 23.0s
[2m19:53:35[0m [38;5;34m[1m[iron-client         ][0m   #19 unpacking to docker.io/library/iron-client:007b879 0.4s done
[2m19:53:35[0m [38;5;34m[1m[dygest-client       ][0m [2m19:53:34[0m   [32m✔ Built in 482s[0m
[2m19:53:35[0m [38;5;34m[1m[iron-client         ][0m   #19 DONE 23.8s
[2m19:53:35[0m [38;5;34m[1m[iron-client         ][0m [2m19:53:34[0m   [32m✔ Built in 482s[0m
[2m19:53:35[0m [38;5;34m[1m[dygest-client       ][0m Untagged: dygest-client:030e097
[2m19:53:35[0m [38;5;34m[1m[dygest-client       ][0m [2m19:53:35[0m   [2mRemoved local tag dygest-client:030e097[0m
[2m19:53:35[0m [38;5;34m[1m[dygest-client       ][0m 
[2m19:53:35[0m [38;5;34m[1m[dygest-client       ][0m [32m[1m══════════════════════════════════════════════════════[0m
[2m19:53:35[0m [38;5;34m[1m[dygest-client       ][0m [32m[1m  ✅ Build complete in 502s[0m
[2m19:53:35[0m [38;5;34m[1m[dygest-client       ][0m   [2mmaster@030e097 (2026-05-21T02:53:35Z)[0m
[2m19:53:35[0m [38;5;34m[1m[dygest-client       ][0m [32m[1m══════════════════════════════════════════════════════[0m
[2m19:53:35[0m [38;5;34m[1m[dygest-client       ][0m 
[2m19:53:35[0m [38;5;34m[1m[iron-client         ][0m Untagged: iron-client:007b879
[2m19:53:35[0m [38;5;34m[1m[iron-client         ][0m [2m19:53:35[0m   [2mRemoved local tag iron-client:007b879[0m
[2m19:53:35[0m [38;5;34m[1m[iron-client         ][0m 
[2m19:53:35[0m [38;5;34m[1m[iron-client         ][0m [32m[1m══════════════════════════════════════════════════════[0m
[2m19:53:35[0m [38;5;34m[1m[iron-client         ][0m [32m[1m  ✅ Build complete in 502s[0m
[2m19:53:35[0m [38;5;34m[1m[iron-client         ][0m   [2mmaster@007b879 (2026-05-21T02:53:35Z)[0m
[2m19:53:35[0m [38;5;34m[1m[iron-client         ][0m [32m[1m══════════════════════════════════════════════════════[0m
[2m19:53:35[0m [38;5;34m[1m[iron-client         ][0m 
[2m19:53:35[0m [38;5;34m[1m[rod-dev-client      ][0m Untagged: rod-dev-client:ad58b96
[2m19:53:35[0m [38;5;34m[1m[rod-dev-client      ][0m [2m19:53:35[0m   [2mRemoved local tag rod-dev-client:ad58b96[0m
[2m19:53:35[0m [38;5;34m[1m[rod-dev-client      ][0m 
[2m19:53:35[0m [38;5;34m[1m[rod-dev-client      ][0m [32m[1m══════════════════════════════════════════════════════[0m
[2m19:53:35[0m [38;5;34m[1m[rod-dev-client      ][0m [32m[1m  ✅ Build complete in 502s[0m
[2m19:53:35[0m [38;5;34m[1m[rod-dev-client      ][0m   [2mmaster@ad58b96 (2026-05-21T02:53:35Z)[0m
[2m19:53:35[0m [38;5;34m[1m[rod-dev-client      ][0m [32m[1m══════════════════════════════════════════════════════[0m
[2m19:53:35[0m [38;5;34m[1m[rod-dev-client      ][0m 
[2m19:53:35[0m [38;5;34m[1m[clock-crew-client   ][0m Untagged: clock-crew-client:bc9862f
[2m19:53:35[0m [38;5;34m[1m[clock-crew-client   ][0m [2m19:53:35[0m   [2mRemoved local tag clock-crew-client:bc9862f[0m
[2m19:53:35[0m [38;5;34m[1m[clock-crew-client   ][0m 
[2m19:53:35[0m [38;5;34m[1m[clock-crew-client   ][0m [32m[1m══════════════════════════════════════════════════════[0m
[2m19:53:35[0m [38;5;34m[1m[clock-crew-client   ][0m [32m[1m  ✅ Build complete in 502s[0m
[2m19:53:35[0m [38;5;34m[1m[clock-crew-client   ][0m   [2mmaster@bc9862f (2026-05-21T02:53:35Z)[0m
[2m19:53:35[0m [38;5;34m[1m[clock-crew-client   ][0m [32m[1m══════════════════════════════════════════════════════[0m
[2m19:53:35[0m [38;5;34m[1m[clock-crew-client   ][0m 
[2m19:53:35[0m [38;5;33m[1m[lights-service      ][0m [2m19:53:35[0m   [32m✔ Image transferred in 4s[0m
[2m19:53:35[0m [38;5;33m[1m[lights-service      ][0m 
[2m19:53:35[0m [38;5;33m[1m[lights-service      ][0m [32m[1m══════════════════════════════════════════════════════[0m
[2m19:53:35[0m [38;5;33m[1m[lights-service      ][0m [32m[1m  ✅ Transfer complete in 5s[0m
[2m19:53:35[0m [38;5;33m[1m[lights-service      ][0m   [2mmaster@36d0155 → synology (2026-05-21T02:53:30Z)[0m
[2m19:53:35[0m [38;5;33m[1m[lights-service      ][0m [32m[1m══════════════════════════════════════════════════════[0m
[2m19:53:35[0m [38;5;33m[1m[lights-service      ][0m 
[2m19:53:35[0m [38;5;34m[1m[rod-dev-client      ][0m 
[2m19:53:35[0m [38;5;34m[1m[rod-dev-client      ][0m [36m[1m══════════════════════════════════════════════════════[0m
[2m19:53:35[0m [38;5;34m[1m[rod-dev-client      ][0m [36m[1m  🚀 Rod Dev Client — Transfer to synology[0m
[2m19:53:35[0m [38;5;34m[1m[rod-dev-client      ][0m [36m[1m══════════════════════════════════════════════════════[0m
[2m19:53:35[0m [38;5;34m[1m[rod-dev-client      ][0m [2m19:53:35[0m   [32m✔ SSH access to nas confirmed[0m
[2m19:53:35[0m [38;5;34m[1m[rod-dev-client      ][0m 
[2m19:53:35[0m [38;5;34m[1m[rod-dev-client      ][0m [2m19:53:35[0m [36m[1m▸ Transferring image via SSH → nas (synology)[0m
[2m19:53:35[0m [38;5;34m[1m[rod-dev-client      ][0m [2m19:53:35[0m   [2mSyncing docker-compose.yml...[0m
[2m19:53:35[0m [38;5;34m[1m[rod-dev-client      ][0m [2m19:53:35[0m   [2mTagging current :latest as :previous for rollback...[0m
[2m19:53:36[0m [38;5;34m[1m[rod-dev-client      ][0m [2m19:53:36[0m   [32m✔ Rollback image saved as rod-dev-client:previous[0m
[2m19:53:36[0m [38;5;34m[1m[rod-dev-client      ][0m [2m19:53:36[0m   [2mPiping image over SSH (this may take a moment)...[0m
[2m19:53:37[0m [38;5;34m[1m[clankerbox-client   ][0m [2m19:53:37[0m   [32m✔ Image transferred in 7s[0m
[2m19:53:37[0m [38;5;34m[1m[clankerbox-client   ][0m 
[2m19:53:37[0m [38;5;34m[1m[clankerbox-client   ][0m [32m[1m══════════════════════════════════════════════════════[0m
[2m19:53:37[0m [38;5;34m[1m[clankerbox-client   ][0m [32m[1m  ✅ Transfer complete in 7s[0m
[2m19:53:37[0m [38;5;34m[1m[clankerbox-client   ][0m   [2mmaster@abeb0e8 → synology (2026-05-21T02:53:30Z)[0m
[2m19:53:37[0m [38;5;34m[1m[clankerbox-client   ][0m [32m[1m══════════════════════════════════════════════════════[0m
[2m19:53:37[0m [38;5;34m[1m[clankerbox-client   ][0m 
[2m19:53:37[0m [38;5;34m[1m[clock-crew-client   ][0m 
[2m19:53:37[0m [38;5;34m[1m[clock-crew-client   ][0m [36m[1m══════════════════════════════════════════════════════[0m
[2m19:53:37[0m [38;5;34m[1m[clock-crew-client   ][0m [36m[1m  ⏰ Clock Crew Client — Transfer to synology[0m
[2m19:53:37[0m [38;5;34m[1m[clock-crew-client   ][0m [36m[1m══════════════════════════════════════════════════════[0m
[2m19:53:37[0m [38;5;34m[1m[clock-crew-client   ][0m [2m19:53:37[0m   [32m✔ SSH access to nas confirmed[0m
[2m19:53:37[0m [38;5;34m[1m[clock-crew-client   ][0m 
[2m19:53:37[0m [38;5;34m[1m[clock-crew-client   ][0m [2m19:53:37[0m [36m[1m▸ Transferring image via SSH → nas (synology)[0m
[2m19:53:37[0m [38;5;34m[1m[clock-crew-client   ][0m [2m19:53:37[0m   [2mSyncing docker-compose.yml...[0m
[2m19:53:37[0m [38;5;34m[1m[clock-crew-client   ][0m [2m19:53:37[0m   [2mSyncing .env.deploy → .env...[0m
[2m19:53:37[0m [38;5;34m[1m[clock-crew-client   ][0m [2m19:53:37[0m   [32m✔ .env synced[0m
[2m19:53:37[0m [38;5;34m[1m[clock-crew-client   ][0m [2m19:53:37[0m   [2mTagging current :latest as :previous for rollback...[0m
[2m19:53:37[0m [38;5;34m[1m[clock-crew-client   ][0m [2m19:53:37[0m   [32m✔ Rollback image saved as clock-crew-client:previous[0m
[2m19:53:37[0m [38;5;34m[1m[clock-crew-client   ][0m [2m19:53:37[0m   [2mPiping image over SSH (this may take a moment)...[0m
[2m19:53:37[0m [38;5;34m[1m[messages-client     ][0m [2m19:53:37[0m   [32m✔ Image transferred in 6s[0m
[2m19:53:37[0m [38;5;34m[1m[messages-client     ][0m 
[2m19:53:37[0m [38;5;34m[1m[messages-client     ][0m [32m[1m══════════════════════════════════════════════════════[0m
[2m19:53:37[0m [38;5;34m[1m[messages-client     ][0m [32m[1m  ✅ Transfer complete in 7s[0m
[2m19:53:37[0m [38;5;34m[1m[messages-client     ][0m   [2mmaster@3f6480b → synology (2026-05-21T02:53:30Z)[0m
[2m19:53:37[0m [38;5;34m[1m[messages-client     ][0m [32m[1m══════════════════════════════════════════════════════[0m
[2m19:53:37[0m [38;5;34m[1m[messages-client     ][0m 
[2m19:53:37[0m [38;5;34m[1m[dygest-client       ][0m 
[2m19:53:37[0m [38;5;34m[1m[dygest-client       ][0m [36m[1m══════════════════════════════════════════════════════[0m
[2m19:53:37[0m [38;5;34m[1m[dygest-client       ][0m [36m[1m  🥗 Dygest Client — Transfer to synology[0m
[2m19:53:37[0m [38;5;34m[1m[dygest-client       ][0m [36m[1m══════════════════════════════════════════════════════[0m
[2m19:53:37[0m [38;5;34m[1m[dygest-client       ][0m [2m19:53:37[0m   [32m✔ SSH access to nas confirmed[0m
[2m19:53:37[0m [38;5;34m[1m[dygest-client       ][0m 
[2m19:53:37[0m [38;5;34m[1m[dygest-client       ][0m [2m19:53:37[0m [36m[1m▸ Transferring image via SSH → nas (synology)[0m
[2m19:53:37[0m [38;5;34m[1m[dygest-client       ][0m [2m19:53:37[0m   [2mSyncing docker-compose.yml...[0m
[2m19:53:37[0m [38;5;34m[1m[dygest-client       ][0m [2m19:53:37[0m   [2mSyncing .env.deploy → .env...[0m
[2m19:53:37[0m [38;5;34m[1m[dygest-client       ][0m [2m19:53:37[0m   [32m✔ .env synced[0m
[2m19:53:38[0m [38;5;34m[1m[portal-client       ][0m [2m19:53:38[0m   [32m✔ Image transferred in 7s[0m
[2m19:53:38[0m [38;5;34m[1m[portal-client       ][0m 
[2m19:53:38[0m [38;5;34m[1m[portal-client       ][0m [32m[1m══════════════════════════════════════════════════════[0m
[2m19:53:38[0m [38;5;34m[1m[portal-client       ][0m [32m[1m  ✅ Transfer complete in 8s[0m
[2m19:53:38[0m [38;5;34m[1m[portal-client       ][0m   [2mmaster@7313bb9 → synology (2026-05-21T02:53:30Z)[0m
[2m19:53:38[0m [38;5;34m[1m[portal-client       ][0m [32m[1m══════════════════════════════════════════════════════[0m
[2m19:53:38[0m [38;5;34m[1m[portal-client       ][0m 
[2m19:53:38[0m [38;5;34m[1m[dygest-client       ][0m [2m19:53:38[0m   [2mTagging current :latest as :previous for rollback...[0m
[2m19:53:38[0m [38;5;34m[1m[iron-client         ][0m 
[2m19:53:38[0m [38;5;34m[1m[iron-client         ][0m [36m[1m══════════════════════════════════════════════════════[0m
[2m19:53:38[0m [38;5;34m[1m[iron-client         ][0m [36m[1m  🏋️ Iron Client — Transfer to synology[0m
[2m19:53:38[0m [38;5;34m[1m[iron-client         ][0m [36m[1m══════════════════════════════════════════════════════[0m
[2m19:53:38[0m [38;5;34m[1m[iron-client         ][0m [2m19:53:38[0m   [32m✔ SSH access to nas confirmed[0m
[2m19:53:38[0m [38;5;34m[1m[iron-client         ][0m 
[2m19:53:38[0m [38;5;34m[1m[iron-client         ][0m [2m19:53:38[0m [36m[1m▸ Transferring image via SSH → nas (synology)[0m
[2m19:53:38[0m [38;5;34m[1m[iron-client         ][0m [2m19:53:38[0m   [2mSyncing docker-compose.yml...[0m
[2m19:53:38[0m [38;5;34m[1m[iron-client         ][0m [2m19:53:38[0m   [2mSyncing .env.deploy → .env...[0m
[2m19:53:38[0m [38;5;34m[1m[dygest-client       ][0m [2m19:53:38[0m   [32m✔ Rollback image saved as dygest-client:previous[0m
[2m19:53:38[0m [38;5;34m[1m[dygest-client       ][0m [2m19:53:38[0m   [2mPiping image over SSH (this may take a moment)...[0m
[2m19:53:38[0m [38;5;34m[1m[iron-client         ][0m [2m19:53:38[0m   [32m✔ .env synced[0m
[2m19:53:38[0m [38;5;34m[1m[iron-client         ][0m [2m19:53:38[0m   [2mTagging current :latest as :previous for rollback...[0m
[2m19:53:38[0m [38;5;34m[1m[iron-client         ][0m [2m19:53:38[0m   [32m✔ Rollback image saved as iron-client:previous[0m
[2m19:53:38[0m [38;5;34m[1m[iron-client         ][0m [2m19:53:38[0m   [2mPiping image over SSH (this may take a moment)...[0m
[2m19:53:39[0m [38;5;33m[1m[portal-service      ][0m [2m19:53:39[0m   [32m✔ Image transferred in 6s[0m
[2m19:53:39[0m [38;5;33m[1m[portal-service      ][0m 
[2m19:53:39[0m [38;5;33m[1m[portal-service      ][0m [32m[1m══════════════════════════════════════════════════════[0m
[2m19:53:39[0m [38;5;33m[1m[portal-service      ][0m [32m[1m  ✅ Transfer complete in 7s[0m
[2m19:53:39[0m [38;5;33m[1m[portal-service      ][0m   [2mmaster@4049ff4 → synology (2026-05-21T02:53:32Z)[0m
[2m19:53:39[0m [38;5;33m[1m[portal-service      ][0m [32m[1m══════════════════════════════════════════════════════[0m
[2m19:53:39[0m [38;5;33m[1m[portal-service      ][0m 
[2m19:53:40[0m [38;5;34m[1m[classic-whitemane-client][0m [2m19:53:40[0m   [32m✔ Image transferred in 6s[0m
[2m19:53:40[0m [38;5;34m[1m[classic-whitemane-client][0m 
[2m19:53:40[0m [38;5;34m[1m[classic-whitemane-client][0m [32m[1m══════════════════════════════════════════════════════[0m
[2m19:53:40[0m [38;5;34m[1m[classic-whitemane-client][0m [32m[1m  ✅ Transfer complete in 7s[0m
[2m19:53:40[0m [38;5;34m[1m[classic-whitemane-client][0m   [2mmaster@0789060 → synology (2026-05-21T02:53:33Z)[0m
[2m19:53:40[0m [38;5;34m[1m[classic-whitemane-client][0m [32m[1m══════════════════════════════════════════════════════[0m
[2m19:53:40[0m [38;5;34m[1m[classic-whitemane-client][0m 
[2m19:53:40[0m [38;5;33m[1m[clock-crew-service  ][0m   #18 unpacking to docker.io/library/clock-crew-service:latest
[2m19:53:40[0m [38;5;33m[1m[clock-crew-service  ][0m   #18 unpacking to docker.io/library/clock-crew-service:latest 1.9s done
[2m19:53:40[0m [38;5;34m[1m[ledger-client       ][0m   #15 [runner 4/7] COPY --from=builder /app/public ./public
[2m19:53:40[0m [38;5;33m[1m[clock-crew-service  ][0m   #18 naming to docker.io/library/clock-crew-service:2996e70 0.1s done
[2m19:53:40[0m [38;5;34m[1m[ledger-client       ][0m   #15 DONE 2.3s
[2m19:53:40[0m [38;5;33m[1m[clock-crew-service  ][0m   #18 unpacking to docker.io/library/clock-crew-service:2996e70 0.1s done
[2m19:53:40[0m [38;5;34m[1m[ledger-client       ][0m   
[2m19:53:40[0m [38;5;33m[1m[clock-crew-service  ][0m   #18 DONE 13.4s
[2m19:53:40[0m [38;5;34m[1m[ledger-client       ][0m   #16 [runner 5/7] COPY --from=builder --chown=nextjs:nodejs /app/.next/standalone ./
[2m19:53:40[0m [38;5;33m[1m[clock-crew-service  ][0m [2m19:53:40[0m   [32m✔ Built in 500s[0m
[2m19:53:40[0m [38;5;34m[1m[ledger-client       ][0m   #16 DONE 2.3s
[2m19:53:40[0m [38;5;34m[1m[ledger-client       ][0m   
[2m19:53:40[0m [38;5;34m[1m[ledger-client       ][0m   #17 [runner 6/7] COPY --from=builder --chown=nextjs:nodejs /app/.next/static ./.next/static
[2m19:53:40[0m [38;5;34m[1m[ledger-client       ][0m   #17 DONE 4.4s
[2m19:53:40[0m [38;5;34m[1m[ledger-client       ][0m   
[2m19:53:40[0m [38;5;34m[1m[ledger-client       ][0m   #18 [runner 7/7] COPY --from=builder --chown=nextjs:nodejs /app/boot.js ./boot.js
[2m19:53:40[0m [38;5;34m[1m[ledger-client       ][0m   #18 DONE 6.6s
[2m19:53:40[0m [38;5;34m[1m[ledger-client       ][0m   
[2m19:53:40[0m [38;5;34m[1m[ledger-client       ][0m   #19 exporting to image
[2m19:53:40[0m [38;5;34m[1m[ledger-client       ][0m   #19 exporting layers
[2m19:53:40[0m [38;5;34m[1m[ledger-client       ][0m   #19 exporting layers 5.6s done
[2m19:53:40[0m [38;5;34m[1m[ledger-client       ][0m   #19 exporting manifest sha256:2b7e8c4eed1c36dc2b0ee8a46f19945ff40a26ed2c54ca62c8580f96bbdcd942
[2m19:53:40[0m [38;5;34m[1m[ledger-client       ][0m   #19 exporting manifest sha256:2b7e8c4eed1c36dc2b0ee8a46f19945ff40a26ed2c54ca62c8580f96bbdcd942 0.4s done
[2m19:53:40[0m [38;5;34m[1m[ledger-client       ][0m   #19 exporting config sha256:fd1c83f277109f1e5b1428036dafd6efec58725180b50aaffc19ee423f19fafa
[2m19:53:40[0m [38;5;34m[1m[ledger-client       ][0m   #19 exporting config sha256:fd1c83f277109f1e5b1428036dafd6efec58725180b50aaffc19ee423f19fafa 0.5s done
[2m19:53:40[0m [38;5;34m[1m[ledger-client       ][0m   #19 exporting attestation manifest sha256:738d9985f4d215b5115a90d336b19fe4b5582103e24f62b389f8cf9dd7d46273
[2m19:53:40[0m [38;5;34m[1m[ledger-client       ][0m   #19 exporting attestation manifest sha256:738d9985f4d215b5115a90d336b19fe4b5582103e24f62b389f8cf9dd7d46273 1.8s done
[2m19:53:40[0m [38;5;34m[1m[ledger-client       ][0m   #19 exporting manifest list sha256:efbd0c14dceff9c9753fb461a8268bf2109a7533ec36b9555213a68a56f090aa
[2m19:53:40[0m [38;5;34m[1m[ledger-client       ][0m   #19 exporting manifest list sha256:efbd0c14dceff9c9753fb461a8268bf2109a7533ec36b9555213a68a56f090aa 0.3s done
[2m19:53:40[0m [38;5;34m[1m[ledger-client       ][0m   #19 naming to docker.io/library/ledger-client:latest
[2m19:53:40[0m [38;5;34m[1m[ledger-client       ][0m   #19 naming to docker.io/library/ledger-client:latest 0.1s done
[2m19:53:40[0m [38;5;34m[1m[ledger-client       ][0m   #19 unpacking to docker.io/library/ledger-client:latest
[2m19:53:40[0m [38;5;34m[1m[ledger-client       ][0m   #19 unpacking to docker.io/library/ledger-client:latest 3.9s done
[2m19:53:40[0m [38;5;34m[1m[ledger-client       ][0m   #19 naming to docker.io/library/ledger-client:cdab4a8 0.1s done
[2m19:53:40[0m [38;5;34m[1m[ledger-client       ][0m   #19 unpacking to docker.io/library/ledger-client:cdab4a8 0.1s done
[2m19:53:40[0m [38;5;34m[1m[ledger-client       ][0m   #19 DONE 21.5s
[2m19:53:40[0m [38;5;34m[1m[ledger-client       ][0m [2m19:53:40[0m   [32m✔ Built in 485s[0m
[2m19:53:40[0m [38;5;34m[1m[ledger-client       ][0m Untagged: ledger-client:cdab4a8
[2m19:53:40[0m [38;5;34m[1m[ledger-client       ][0m [2m19:53:40[0m   [2mRemoved local tag ledger-client:cdab4a8[0m
[2m19:53:40[0m [38;5;33m[1m[clock-crew-service  ][0m Untagged: clock-crew-service:2996e70
[2m19:53:40[0m [38;5;33m[1m[clock-crew-service  ][0m [2m19:53:40[0m   [2mRemoved local tag clock-crew-service:2996e70[0m
[2m19:53:40[0m [38;5;34m[1m[ledger-client       ][0m 
[2m19:53:40[0m [38;5;34m[1m[ledger-client       ][0m [32m[1m══════════════════════════════════════════════════════[0m
[2m19:53:40[0m [38;5;34m[1m[ledger-client       ][0m [32m[1m  ✅ Build complete in 507s[0m
[2m19:53:40[0m [38;5;34m[1m[ledger-client       ][0m   [2mmaster@cdab4a8 (2026-05-21T02:53:40Z)[0m
[2m19:53:40[0m [38;5;34m[1m[ledger-client       ][0m [32m[1m══════════════════════════════════════════════════════[0m
[2m19:53:40[0m [38;5;34m[1m[ledger-client       ][0m 
[2m19:53:40[0m [38;5;34m[1m[prism-client        ][0m   #16 [runner 4/7] COPY --from=builder /app/public ./public
[2m19:53:40[0m [38;5;34m[1m[prism-client        ][0m   #16 DONE 2.4s
[2m19:53:40[0m [38;5;34m[1m[prism-client        ][0m   
[2m19:53:40[0m [38;5;34m[1m[prism-client        ][0m   #17 [runner 5/7] COPY --from=builder --chown=nextjs:nodejs /app/.next/standalone ./
[2m19:53:40[0m [38;5;34m[1m[prism-client        ][0m   #17 DONE 7.7s
[2m19:53:40[0m [38;5;34m[1m[prism-client        ][0m   
[2m19:53:40[0m [38;5;33m[1m[clock-crew-service  ][0m 
[2m19:53:40[0m [38;5;34m[1m[prism-client        ][0m   #18 [runner 6/7] COPY --from=builder --chown=nextjs:nodejs /app/.next/static ./.next/static
[2m19:53:40[0m [38;5;33m[1m[clock-crew-service  ][0m [32m[1m══════════════════════════════════════════════════════[0m
[2m19:53:40[0m [38;5;34m[1m[prism-client        ][0m   #18 DONE 5.7s
[2m19:53:40[0m [38;5;33m[1m[clock-crew-service  ][0m [32m[1m  ✅ Build complete in 507s[0m
[2m19:53:40[0m [38;5;34m[1m[prism-client        ][0m   
[2m19:53:40[0m [38;5;33m[1m[clock-crew-service  ][0m   [2mmaster@2996e70 (2026-05-21T02:53:40Z)[0m
[2m19:53:40[0m [38;5;34m[1m[prism-client        ][0m   #19 [runner 7/7] COPY --from=builder --chown=nextjs:nodejs /app/boot.js ./boot.js
[2m19:53:40[0m [38;5;33m[1m[clock-crew-service  ][0m [32m[1m══════════════════════════════════════════════════════[0m
[2m19:53:40[0m [38;5;34m[1m[prism-client        ][0m   #19 DONE 6.3s
[2m19:53:40[0m [38;5;33m[1m[clock-crew-service  ][0m 
[2m19:53:40[0m [38;5;34m[1m[prism-client        ][0m   
[2m19:53:40[0m [38;5;34m[1m[prism-client        ][0m   #20 exporting to image
[2m19:53:40[0m [38;5;34m[1m[prism-client        ][0m   #20 exporting layers
[2m19:53:40[0m [38;5;34m[1m[prism-client        ][0m   #20 exporting layers 4.4s done
[2m19:53:40[0m [38;5;34m[1m[prism-client        ][0m   #20 exporting manifest sha256:e79176a1e35d1fe334e0d51ee23cf67e5223cd504d2b1baef6cecdbf2eb2e169
[2m19:53:40[0m [38;5;34m[1m[prism-client        ][0m   #20 exporting manifest sha256:e79176a1e35d1fe334e0d51ee23cf67e5223cd504d2b1baef6cecdbf2eb2e169 0.2s done
[2m19:53:40[0m [38;5;34m[1m[prism-client        ][0m   #20 exporting config sha256:0bc4cb585a6f7a4e3896e7d0c7c12b20c9ce7774625274e62fa58bed30d6d337
[2m19:53:40[0m [38;5;34m[1m[prism-client        ][0m   #20 exporting config sha256:0bc4cb585a6f7a4e3896e7d0c7c12b20c9ce7774625274e62fa58bed30d6d337 0.4s done
[2m19:53:40[0m [38;5;34m[1m[prism-client        ][0m   #20 exporting attestation manifest sha256:1b393a93f5420ced31770fb0be1936d4b7061585f2ab7c411b9cb4938d6c8f13
[2m19:53:40[0m [38;5;34m[1m[prism-client        ][0m   #20 exporting attestation manifest sha256:1b393a93f5420ced31770fb0be1936d4b7061585f2ab7c411b9cb4938d6c8f13 0.7s done
[2m19:53:40[0m [38;5;34m[1m[prism-client        ][0m   #20 exporting manifest list sha256:1b4c5edbc4490eba756ea9987d83a684c40db28d7d94036ee89ec82cfc3bd843
[2m19:53:40[0m [38;5;34m[1m[prism-client        ][0m   #20 exporting manifest list sha256:1b4c5edbc4490eba756ea9987d83a684c40db28d7d94036ee89ec82cfc3bd843 0.2s done
[2m19:53:40[0m [38;5;34m[1m[prism-client        ][0m   #20 naming to docker.io/library/prism-client:latest
[2m19:53:40[0m [38;5;34m[1m[prism-client        ][0m   #20 naming to docker.io/library/prism-client:latest 0.0s done
[2m19:53:40[0m [38;5;34m[1m[prism-client        ][0m   #20 unpacking to docker.io/library/prism-client:latest
[2m19:53:40[0m [38;5;34m[1m[prism-client        ][0m   #20 unpacking to docker.io/library/prism-client:latest 2.1s done
[2m19:53:40[0m [38;5;34m[1m[prism-client        ][0m   #20 naming to docker.io/library/prism-client:f8a93d3 0.0s done
[2m19:53:40[0m [38;5;34m[1m[prism-client        ][0m   #20 unpacking to docker.io/library/prism-client:f8a93d3 0.1s done
[2m19:53:40[0m [38;5;34m[1m[prism-client        ][0m   #20 DONE 9.9s
[2m19:53:40[0m [38;5;34m[1m[prism-client        ][0m [2m19:53:40[0m   [32m✔ Built in 488s[0m
[2m19:53:40[0m [38;5;34m[1m[prism-client        ][0m Untagged: prism-client:f8a93d3
[2m19:53:40[0m [38;5;34m[1m[prism-client        ][0m [2m19:53:40[0m   [2mRemoved local tag prism-client:f8a93d3[0m
[2m19:53:41[0m [38;5;34m[1m[prism-client        ][0m 
[2m19:53:41[0m [38;5;34m[1m[prism-client        ][0m [32m[1m══════════════════════════════════════════════════════[0m
[2m19:53:41[0m [38;5;34m[1m[prism-client        ][0m [32m[1m  ✅ Build complete in 508s[0m
[2m19:53:41[0m [38;5;34m[1m[prism-client        ][0m   [2mmaster@f8a93d3 (2026-05-21T02:53:41Z)[0m
[2m19:53:41[0m [38;5;34m[1m[prism-client        ][0m [32m[1m══════════════════════════════════════════════════════[0m
[2m19:53:41[0m [38;5;34m[1m[prism-client        ][0m 
[2m19:53:41[0m [38;5;33m[1m[clock-crew-service  ][0m 
[2m19:53:41[0m [38;5;33m[1m[clock-crew-service  ][0m [36m[1m══════════════════════════════════════════════════════[0m
[2m19:53:41[0m [38;5;33m[1m[clock-crew-service  ][0m [36m[1m  🕐 Clock Crew Service — Transfer to synology[0m
[2m19:53:41[0m [38;5;33m[1m[clock-crew-service  ][0m [36m[1m══════════════════════════════════════════════════════[0m
[2m19:53:41[0m [38;5;34m[1m[prism-client        ][0m 
[2m19:53:41[0m [38;5;33m[1m[clock-crew-service  ][0m [2m19:53:41[0m   [32m✔ SSH access to nas confirmed[0m
[2m19:53:41[0m [38;5;34m[1m[prism-client        ][0m [36m[1m══════════════════════════════════════════════════════[0m
[2m19:53:41[0m [38;5;33m[1m[clock-crew-service  ][0m 
[2m19:53:41[0m [38;5;34m[1m[prism-client        ][0m [36m[1m  🔷 Prism Client — Transfer to synology[0m
[2m19:53:41[0m [38;5;33m[1m[clock-crew-service  ][0m [2m19:53:41[0m [36m[1m▸ Transferring image via SSH → nas (synology)[0m
[2m19:53:41[0m [38;5;34m[1m[prism-client        ][0m [36m[1m══════════════════════════════════════════════════════[0m
[2m19:53:41[0m [38;5;34m[1m[prism-client        ][0m [2m19:53:41[0m   [32m✔ SSH access to nas confirmed[0m
[2m19:53:41[0m [38;5;33m[1m[clock-crew-service  ][0m [2m19:53:41[0m   [2mSyncing docker-compose.yml...[0m
[2m19:53:41[0m [38;5;34m[1m[prism-client        ][0m 
[2m19:53:41[0m [38;5;34m[1m[prism-client        ][0m [2m19:53:41[0m [36m[1m▸ Transferring image via SSH → nas (synology)[0m
[2m19:53:41[0m [38;5;34m[1m[prism-client        ][0m [2m19:53:41[0m   [2mSyncing docker-compose.yml...[0m
[2m19:53:41[0m [38;5;33m[1m[clock-crew-service  ][0m [2m19:53:41[0m   [2mSyncing .env.deploy → .env...[0m
[2m19:53:41[0m [38;5;34m[1m[prism-client        ][0m [2m19:53:41[0m   [2mSyncing .env.deploy → .env...[0m
[2m19:53:41[0m [38;5;33m[1m[clock-crew-service  ][0m [2m19:53:41[0m   [32m✔ .env synced[0m
[2m19:53:41[0m [38;5;34m[1m[prism-client        ][0m [2m19:53:41[0m   [32m✔ .env synced[0m
[2m19:53:41[0m [38;5;33m[1m[clock-crew-service  ][0m [2m19:53:41[0m   [2mTagging current :latest as :previous for rollback...[0m
[2m19:53:41[0m [38;5;34m[1m[prism-client        ][0m [2m19:53:41[0m   [2mTagging current :latest as :previous for rollback...[0m
[2m19:53:42[0m [38;5;33m[1m[clock-crew-service  ][0m [2m19:53:42[0m   [32m✔ Rollback image saved as clock-crew-service:previous[0m
[2m19:53:42[0m [38;5;33m[1m[clock-crew-service  ][0m [2m19:53:42[0m   [2mPiping image over SSH (this may take a moment)...[0m
[2m19:53:42[0m [38;5;34m[1m[prism-client        ][0m [2m19:53:42[0m   [32m✔ Rollback image saved as prism-client:previous[0m
[2m19:53:42[0m [38;5;34m[1m[prism-client        ][0m [2m19:53:42[0m   [2mPiping image over SSH (this may take a moment)...[0m
[2m19:53:43[0m [38;5;34m[1m[rod-dev-client      ][0m [2m19:53:43[0m   [32m✔ Image transferred in 7s[0m
[2m19:53:43[0m [38;5;34m[1m[rod-dev-client      ][0m 
[2m19:53:43[0m [38;5;34m[1m[rod-dev-client      ][0m [32m[1m══════════════════════════════════════════════════════[0m
[2m19:53:43[0m [38;5;34m[1m[rod-dev-client      ][0m [32m[1m  ✅ Transfer complete in 8s[0m
[2m19:53:43[0m [38;5;34m[1m[rod-dev-client      ][0m   [2mmaster@ad58b96 → synology (2026-05-21T02:53:35Z)[0m
[2m19:53:43[0m [38;5;34m[1m[rod-dev-client      ][0m [32m[1m══════════════════════════════════════════════════════[0m
[2m19:53:43[0m [38;5;34m[1m[rod-dev-client      ][0m 
[2m19:53:43[0m [38;5;34m[1m[ledger-client       ][0m 
[2m19:53:43[0m [38;5;34m[1m[ledger-client       ][0m [36m[1m══════════════════════════════════════════════════════[0m
[2m19:53:43[0m [38;5;34m[1m[ledger-client       ][0m [36m[1m  📒 Ledger Client — Transfer to synology[0m
[2m19:53:43[0m [38;5;34m[1m[ledger-client       ][0m [36m[1m══════════════════════════════════════════════════════[0m
[2m19:53:43[0m [38;5;34m[1m[ledger-client       ][0m [2m19:53:43[0m   [32m✔ SSH access to nas confirmed[0m
[2m19:53:43[0m [38;5;34m[1m[ledger-client       ][0m 
[2m19:53:43[0m [38;5;34m[1m[ledger-client       ][0m [2m19:53:43[0m [36m[1m▸ Transferring image via SSH → nas (synology)[0m
[2m19:53:43[0m [38;5;34m[1m[ledger-client       ][0m [2m19:53:43[0m   [2mSyncing docker-compose.yml...[0m
[2m19:53:43[0m [38;5;34m[1m[ledger-client       ][0m [2m19:53:43[0m   [2mSyncing .env.deploy → .env...[0m
[2m19:53:43[0m [38;5;34m[1m[ledger-client       ][0m [2m19:53:43[0m   [32m✔ .env synced[0m
[2m19:53:43[0m [38;5;34m[1m[ledger-client       ][0m [2m19:53:43[0m   [2mTagging current :latest as :previous for rollback...[0m
[2m19:53:43[0m [38;5;34m[1m[ledger-client       ][0m [2m19:53:43[0m   [32m✔ Rollback image saved as ledger-client:previous[0m
[2m19:53:43[0m [38;5;34m[1m[ledger-client       ][0m [2m19:53:43[0m   [2mPiping image over SSH (this may take a moment)...[0m
[2m19:53:44[0m [38;5;34m[1m[dygest-client       ][0m [2m19:53:44[0m   [32m✔ Image transferred in 6s[0m
[2m19:53:44[0m [38;5;34m[1m[dygest-client       ][0m 
[2m19:53:44[0m [38;5;34m[1m[dygest-client       ][0m [32m[1m══════════════════════════════════════════════════════[0m
[2m19:53:44[0m [38;5;34m[1m[dygest-client       ][0m [32m[1m  ✅ Transfer complete in 7s[0m
[2m19:53:44[0m [38;5;34m[1m[dygest-client       ][0m   [2mmaster@030e097 → synology (2026-05-21T02:53:37Z)[0m
[2m19:53:44[0m [38;5;34m[1m[dygest-client       ][0m [32m[1m══════════════════════════════════════════════════════[0m
[2m19:53:44[0m [38;5;34m[1m[dygest-client       ][0m 
[2m19:53:44[0m [38;5;34m[1m[iron-client         ][0m [2m19:53:44[0m   [32m✔ Image transferred in 6s[0m
[2m19:53:44[0m [38;5;34m[1m[iron-client         ][0m 
[2m19:53:44[0m [38;5;34m[1m[iron-client         ][0m [32m[1m══════════════════════════════════════════════════════[0m
[2m19:53:44[0m [38;5;34m[1m[iron-client         ][0m [32m[1m  ✅ Transfer complete in 6s[0m
[2m19:53:44[0m [38;5;34m[1m[iron-client         ][0m   [2mmaster@007b879 → synology (2026-05-21T02:53:38Z)[0m
[2m19:53:44[0m [38;5;34m[1m[iron-client         ][0m [32m[1m══════════════════════════════════════════════════════[0m
[2m19:53:44[0m [38;5;34m[1m[iron-client         ][0m 
[2m19:53:44[0m [38;5;34m[1m[clock-crew-client   ][0m [2m19:53:44[0m   [32m✔ Image transferred in 7s[0m
[2m19:53:44[0m [38;5;34m[1m[clock-crew-client   ][0m 
[2m19:53:44[0m [38;5;34m[1m[clock-crew-client   ][0m [32m[1m══════════════════════════════════════════════════════[0m
[2m19:53:44[0m [38;5;34m[1m[clock-crew-client   ][0m [32m[1m  ✅ Transfer complete in 7s[0m
[2m19:53:44[0m [38;5;34m[1m[clock-crew-client   ][0m   [2mmaster@bc9862f → synology (2026-05-21T02:53:37Z)[0m
[2m19:53:44[0m [38;5;34m[1m[clock-crew-client   ][0m [32m[1m══════════════════════════════════════════════════════[0m
[2m19:53:44[0m [38;5;34m[1m[clock-crew-client   ][0m 
[2m19:53:45[0m [38;5;34m[1m[lights-client       ][0m 
[2m19:53:45[0m [38;5;34m[1m[lights-client       ][0m [32m[1m══════════════════════════════════════════════════════[0m
[2m19:53:45[0m [38;5;34m[1m[lights-client       ][0m [32m[1m  ✅ Build complete in 512s[0m
[2m19:53:45[0m [38;5;34m[1m[lights-client       ][0m   [2mmaster@b65b858 (2026-05-21T02:53:45Z)[0m
[2m19:53:45[0m [38;5;34m[1m[lights-client       ][0m [32m[1m══════════════════════════════════════════════════════[0m
[2m19:53:45[0m [38;5;34m[1m[lights-client       ][0m 
[2m19:53:45[0m [38;5;34m[1m[lights-client       ][0m 
[2m19:53:45[0m [38;5;34m[1m[lights-client       ][0m [36m[1m══════════════════════════════════════════════════════[0m
[2m19:53:45[0m [38;5;34m[1m[lights-client       ][0m [36m[1m  💡 Lights Client — Transfer to synology[0m
[2m19:53:45[0m [38;5;34m[1m[lights-client       ][0m [36m[1m══════════════════════════════════════════════════════[0m
[2m19:53:45[0m [38;5;34m[1m[lights-client       ][0m [2m19:53:45[0m   [32m✔ SSH access to nas confirmed[0m
[2m19:53:45[0m [38;5;34m[1m[lights-client       ][0m 
[2m19:53:45[0m [38;5;34m[1m[lights-client       ][0m [2m19:53:45[0m [36m[1m▸ Transferring image via SSH → nas (synology)[0m
[2m19:53:45[0m [38;5;34m[1m[lights-client       ][0m [2m19:53:45[0m   [2mSyncing docker-compose.yml...[0m
[2m19:53:45[0m [38;5;34m[1m[lights-client       ][0m [2m19:53:45[0m   [2mSyncing .env.deploy → .env...[0m
[2m19:53:45[0m [38;5;34m[1m[lights-client       ][0m [2m19:53:45[0m   [32m✔ .env synced[0m
[2m19:53:45[0m [38;5;34m[1m[lights-client       ][0m [2m19:53:45[0m   [2mTagging current :latest as :previous for rollback...[0m
[2m19:53:45[0m [38;5;34m[1m[lights-client       ][0m [2m19:53:45[0m   [32m✔ Rollback image saved as lights-client:previous[0m
[2m19:53:45[0m [38;5;34m[1m[lights-client       ][0m [2m19:53:45[0m   [2mPiping image over SSH (this may take a moment)...[0m
[2m19:53:48[0m [38;5;33m[1m[clock-crew-service  ][0m [2m19:53:48[0m   [32m✔ Image transferred in 6s[0m
[2m19:53:48[0m [38;5;33m[1m[clock-crew-service  ][0m 
[2m19:53:48[0m [38;5;33m[1m[clock-crew-service  ][0m [32m[1m══════════════════════════════════════════════════════[0m
[2m19:53:48[0m [38;5;33m[1m[clock-crew-service  ][0m [32m[1m  ✅ Transfer complete in 7s[0m
[2m19:53:48[0m [38;5;33m[1m[clock-crew-service  ][0m   [2mmaster@2996e70 → synology (2026-05-21T02:53:41Z)[0m
[2m19:53:48[0m [38;5;33m[1m[clock-crew-service  ][0m [32m[1m══════════════════════════════════════════════════════[0m
[2m19:53:48[0m [38;5;33m[1m[clock-crew-service  ][0m 
[2m19:53:48[0m [38;5;34m[1m[prism-client        ][0m [2m19:53:48[0m   [32m✔ Image transferred in 6s[0m
[2m19:53:48[0m [38;5;34m[1m[prism-client        ][0m 
[2m19:53:48[0m [38;5;34m[1m[prism-client        ][0m [32m[1m══════════════════════════════════════════════════════[0m
[2m19:53:48[0m [38;5;34m[1m[prism-client        ][0m [32m[1m  ✅ Transfer complete in 7s[0m
[2m19:53:48[0m [38;5;34m[1m[prism-client        ][0m   [2mmaster@f8a93d3 → synology (2026-05-21T02:53:41Z)[0m
[2m19:53:48[0m [38;5;34m[1m[prism-client        ][0m [32m[1m══════════════════════════════════════════════════════[0m
[2m19:53:48[0m [38;5;34m[1m[prism-client        ][0m 
[2m19:53:51[0m [38;5;34m[1m[lights-client       ][0m [2m19:53:51[0m   [32m✔ Image transferred in 6s[0m
[2m19:53:51[0m [38;5;34m[1m[lights-client       ][0m 
[2m19:53:51[0m [38;5;34m[1m[lights-client       ][0m [32m[1m══════════════════════════════════════════════════════[0m
[2m19:53:51[0m [38;5;34m[1m[lights-client       ][0m [32m[1m  ✅ Transfer complete in 6s[0m
[2m19:53:51[0m [38;5;34m[1m[lights-client       ][0m   [2mmaster@b65b858 → synology (2026-05-21T02:53:45Z)[0m
[2m19:53:51[0m [38;5;34m[1m[lights-client       ][0m [32m[1m══════════════════════════════════════════════════════[0m
[2m19:53:51[0m [38;5;34m[1m[lights-client       ][0m 
[2m19:53:51[0m [38;5;34m[1m[ledger-client       ][0m [2m19:53:51[0m   [32m✔ Image transferred in 8s[0m
[2m19:53:51[0m [38;5;34m[1m[ledger-client       ][0m 
[2m19:53:51[0m [38;5;34m[1m[ledger-client       ][0m [32m[1m══════════════════════════════════════════════════════[0m
[2m19:53:51[0m [38;5;34m[1m[ledger-client       ][0m [32m[1m  ✅ Transfer complete in 8s[0m
[2m19:53:51[0m [38;5;34m[1m[ledger-client       ][0m   [2mmaster@cdab4a8 → synology (2026-05-21T02:53:43Z)[0m
[2m19:53:51[0m [38;5;34m[1m[ledger-client       ][0m [32m[1m══════════════════════════════════════════════════════[0m
[2m19:53:51[0m [38;5;34m[1m[ledger-client       ][0m 
[2m19:54:10[0m [38;5;33m[1m[workspace-service   ][0m   #20 unpacking to docker.io/library/workspace-service:latest
[2m19:54:10[0m [38;5;33m[1m[workspace-service   ][0m   #20 unpacking to docker.io/library/workspace-service:latest 3.7s done
[2m19:54:10[0m [38;5;33m[1m[workspace-service   ][0m   #20 naming to docker.io/library/workspace-service:8b6bb12 0.0s done
[2m19:54:10[0m [38;5;33m[1m[workspace-service   ][0m   #20 unpacking to docker.io/library/workspace-service:8b6bb12 0.1s done
[2m19:54:10[0m [38;5;33m[1m[workspace-service   ][0m   #20 DONE 18.5s
[2m19:54:10[0m [38;5;33m[1m[workspace-service   ][0m [2m19:54:10[0m   [32m✔ Built in 532s[0m
[2m19:54:10[0m [38;5;33m[1m[workspace-service   ][0m Untagged: workspace-service:8b6bb12
[2m19:54:10[0m [38;5;33m[1m[workspace-service   ][0m [2m19:54:10[0m   [2mRemoved local tag workspace-service:8b6bb12[0m
[2m19:54:10[0m [38;5;33m[1m[workspace-service   ][0m 
[2m19:54:10[0m [38;5;33m[1m[workspace-service   ][0m [32m[1m══════════════════════════════════════════════════════[0m
[2m19:54:10[0m [38;5;33m[1m[workspace-service   ][0m [32m[1m  ✅ Build complete in 537s[0m
[2m19:54:10[0m [38;5;33m[1m[workspace-service   ][0m   [2mmaster@8b6bb12 (2026-05-21T02:54:10Z)[0m
[2m19:54:10[0m [38;5;33m[1m[workspace-service   ][0m [32m[1m══════════════════════════════════════════════════════[0m
[2m19:54:10[0m [38;5;33m[1m[workspace-service   ][0m 
[2m19:54:10[0m [38;5;33m[1m[workspace-service   ][0m 
[2m19:54:10[0m [38;5;33m[1m[workspace-service   ][0m [36m[1m══════════════════════════════════════════════════════[0m
[2m19:54:10[0m [38;5;33m[1m[workspace-service   ][0m [36m[1m  🔌 Workspace Service — Transfer to synology[0m
[2m19:54:10[0m [38;5;33m[1m[workspace-service   ][0m [36m[1m══════════════════════════════════════════════════════[0m
[2m19:54:10[0m [38;5;33m[1m[workspace-service   ][0m [2m19:54:10[0m   [32m✔ SSH access to nas confirmed[0m
[2m19:54:10[0m [38;5;33m[1m[workspace-service   ][0m 
[2m19:54:10[0m [38;5;33m[1m[workspace-service   ][0m [2m19:54:10[0m [36m[1m▸ Transferring image via SSH → nas (synology)[0m
[2m19:54:10[0m [38;5;33m[1m[workspace-service   ][0m [2m19:54:10[0m   [2mSyncing docker-compose.yml...[0m
[2m19:54:10[0m [38;5;33m[1m[workspace-service   ][0m [2m19:54:10[0m   [2mSyncing .env.deploy → .env...[0m
[2m19:54:10[0m [38;5;33m[1m[workspace-service   ][0m [2m19:54:10[0m   [32m✔ .env synced[0m
[2m19:54:11[0m [38;5;33m[1m[workspace-service   ][0m [2m19:54:11[0m   [2mTagging current :latest as :previous for rollback...[0m
[2m19:54:11[0m [38;5;33m[1m[workspace-service   ][0m [2m19:54:11[0m   [32m✔ Rollback image saved as workspace-service:previous[0m
[2m19:54:11[0m [38;5;33m[1m[workspace-service   ][0m [2m19:54:11[0m   [2mPiping image over SSH (this may take a moment)...[0m
[2m19:54:13[0m [38;5;33m[1m[reels-service       ][0m   #20 unpacking to docker.io/library/reels-service:latest
[2m19:54:13[0m [38;5;33m[1m[reels-service       ][0m   #20 unpacking to docker.io/library/reels-service:latest 1.5s done
[2m19:54:13[0m [38;5;33m[1m[reels-service       ][0m   #20 naming to docker.io/library/reels-service:0332fde done
[2m19:54:13[0m [38;5;33m[1m[reels-service       ][0m   #20 unpacking to docker.io/library/reels-service:0332fde 0.0s done
[2m19:54:13[0m [38;5;33m[1m[reels-service       ][0m   #20 DONE 7.3s
[2m19:54:13[0m [38;5;33m[1m[reels-service       ][0m [2m19:54:13[0m   [32m✔ Built in 482s[0m
[2m19:54:13[0m [38;5;33m[1m[reels-service       ][0m Untagged: reels-service:0332fde
[2m19:54:13[0m [38;5;33m[1m[reels-service       ][0m [2m19:54:13[0m   [2mRemoved local tag reels-service:0332fde[0m
[2m19:54:14[0m [38;5;33m[1m[reels-service       ][0m 
[2m19:54:14[0m [38;5;33m[1m[reels-service       ][0m [32m[1m══════════════════════════════════════════════════════[0m
[2m19:54:14[0m [38;5;33m[1m[reels-service       ][0m [32m[1m  ✅ Build complete in 541s[0m
[2m19:54:14[0m [38;5;33m[1m[reels-service       ][0m   [2mmaster@0332fde (2026-05-21T02:54:14Z)[0m
[2m19:54:14[0m [38;5;33m[1m[reels-service       ][0m [32m[1m══════════════════════════════════════════════════════[0m
[2m19:54:14[0m [38;5;33m[1m[reels-service       ][0m 
[2m19:54:14[0m [38;5;33m[1m[reels-service       ][0m 
[2m19:54:14[0m [38;5;33m[1m[reels-service       ][0m [36m[1m══════════════════════════════════════════════════════[0m
[2m19:54:14[0m [38;5;33m[1m[reels-service       ][0m [36m[1m  🎬 Reels Service — Transfer to synology[0m
[2m19:54:14[0m [38;5;33m[1m[reels-service       ][0m [36m[1m══════════════════════════════════════════════════════[0m
[2m19:54:14[0m [38;5;33m[1m[reels-service       ][0m [2m19:54:14[0m   [32m✔ SSH access to nas confirmed[0m
[2m19:54:14[0m [38;5;33m[1m[reels-service       ][0m 
[2m19:54:14[0m [38;5;33m[1m[reels-service       ][0m [2m19:54:14[0m [36m[1m▸ Transferring image via SSH → nas (synology)[0m
[2m19:54:14[0m [38;5;33m[1m[reels-service       ][0m [2m19:54:14[0m   [2mSyncing docker-compose.yml...[0m
[2m19:54:14[0m [38;5;33m[1m[reels-service       ][0m [2m19:54:14[0m   [2mSyncing .env.deploy → .env...[0m
[2m19:54:14[0m [38;5;33m[1m[reels-service       ][0m [2m19:54:14[0m   [32m✔ .env synced[0m
[2m19:54:14[0m [38;5;33m[1m[reels-service       ][0m [2m19:54:14[0m   [2mTagging current :latest as :previous for rollback...[0m
[2m19:54:15[0m [38;5;33m[1m[reels-service       ][0m [2m19:54:15[0m   [32m✔ Rollback image saved as reels-service:previous[0m
[2m19:54:15[0m [38;5;33m[1m[reels-service       ][0m [2m19:54:15[0m   [2mPiping image over SSH (this may take a moment)...[0m
[2m19:54:21[0m [38;5;33m[1m[reels-service       ][0m [2m19:54:21[0m   [32m✔ Image transferred in 6s[0m
[2m19:54:21[0m [38;5;33m[1m[reels-service       ][0m 
[2m19:54:21[0m [38;5;33m[1m[reels-service       ][0m [32m[1m══════════════════════════════════════════════════════[0m
[2m19:54:21[0m [38;5;33m[1m[reels-service       ][0m [32m[1m  ✅ Transfer complete in 7s[0m
[2m19:54:21[0m [38;5;33m[1m[reels-service       ][0m   [2mmaster@0332fde → synology (2026-05-21T02:54:14Z)[0m
[2m19:54:21[0m [38;5;33m[1m[reels-service       ][0m [32m[1m══════════════════════════════════════════════════════[0m
[2m19:54:21[0m [38;5;33m[1m[reels-service       ][0m 
[2m19:54:21[0m [38;5;33m[1m[prism-service       ][0m   #20 unpacking to docker.io/library/prism-service:latest
[2m19:54:21[0m [38;5;33m[1m[prism-service       ][0m   #20 unpacking to docker.io/library/prism-service:latest 2.1s done
[2m19:54:21[0m [38;5;33m[1m[prism-service       ][0m   #20 naming to docker.io/library/prism-service:71d5b56 done
[2m19:54:21[0m [38;5;33m[1m[prism-service       ][0m   #20 unpacking to docker.io/library/prism-service:71d5b56 0.0s done
[2m19:54:21[0m [38;5;33m[1m[prism-service       ][0m   #20 DONE 6.3s
[2m19:54:21[0m [38;5;33m[1m[prism-service       ][0m [2m19:54:21[0m   [32m✔ Built in 532s[0m
[2m19:54:21[0m [38;5;33m[1m[prism-service       ][0m Untagged: prism-service:71d5b56
[2m19:54:21[0m [38;5;33m[1m[prism-service       ][0m [2m19:54:21[0m   [2mRemoved local tag prism-service:71d5b56[0m
[2m19:54:21[0m [38;5;33m[1m[prism-service       ][0m 
[2m19:54:21[0m [38;5;33m[1m[prism-service       ][0m [32m[1m══════════════════════════════════════════════════════[0m
[2m19:54:21[0m [38;5;33m[1m[prism-service       ][0m [32m[1m  ✅ Build complete in 548s[0m
[2m19:54:21[0m [38;5;33m[1m[prism-service       ][0m   [2mmaster@71d5b56 (2026-05-21T02:54:21Z)[0m
[2m19:54:21[0m [38;5;33m[1m[prism-service       ][0m [32m[1m══════════════════════════════════════════════════════[0m
[2m19:54:21[0m [38;5;33m[1m[prism-service       ][0m 
[2m19:54:21[0m [38;5;33m[1m[prism-service       ][0m 
[2m19:54:21[0m [38;5;33m[1m[prism-service       ][0m [36m[1m══════════════════════════════════════════════════════[0m
[2m19:54:21[0m [38;5;33m[1m[prism-service       ][0m [36m[1m  🔷 Prism Service — Transfer to synology[0m
[2m19:54:21[0m [38;5;33m[1m[prism-service       ][0m [36m[1m══════════════════════════════════════════════════════[0m
[2m19:54:21[0m [38;5;33m[1m[prism-service       ][0m [2m19:54:21[0m   [32m✔ SSH access to nas confirmed[0m
[2m19:54:21[0m [38;5;33m[1m[prism-service       ][0m 
[2m19:54:21[0m [38;5;33m[1m[prism-service       ][0m [2m19:54:21[0m [36m[1m▸ Transferring image via SSH → nas (synology)[0m
[2m19:54:21[0m [38;5;33m[1m[prism-service       ][0m [2m19:54:21[0m   [2mSyncing docker-compose.yml...[0m
[2m19:54:21[0m [38;5;33m[1m[prism-service       ][0m [2m19:54:21[0m   [2mSyncing .env.deploy → .env...[0m
[2m19:54:21[0m [38;5;33m[1m[prism-service       ][0m [2m19:54:21[0m   [32m✔ .env synced[0m
[2m19:54:21[0m [38;5;33m[1m[prism-service       ][0m [2m19:54:21[0m   [2mTagging current :latest as :previous for rollback...[0m
[2m19:54:22[0m [38;5;33m[1m[prism-service       ][0m [2m19:54:22[0m   [32m✔ Rollback image saved as prism-service:previous[0m
[2m19:54:22[0m [38;5;33m[1m[prism-service       ][0m [2m19:54:22[0m   [2mPiping image over SSH (this may take a moment)...[0m
[2m19:54:26[0m [38;5;33m[1m[workspace-service   ][0m [2m19:54:26[0m   [32m✔ Image transferred in 15s[0m
[2m19:54:26[0m [38;5;33m[1m[workspace-service   ][0m 
[2m19:54:26[0m [38;5;33m[1m[workspace-service   ][0m [32m[1m══════════════════════════════════════════════════════[0m
[2m19:54:26[0m [38;5;33m[1m[workspace-service   ][0m [32m[1m  ✅ Transfer complete in 16s[0m
[2m19:54:26[0m [38;5;33m[1m[workspace-service   ][0m   [2mmaster@8b6bb12 → synology (2026-05-21T02:54:10Z)[0m
[2m19:54:26[0m [38;5;33m[1m[workspace-service   ][0m [32m[1m══════════════════════════════════════════════════════[0m
[2m19:54:26[0m [38;5;33m[1m[workspace-service   ][0m 
[2m19:54:28[0m [38;5;33m[1m[prism-service       ][0m [2m19:54:28[0m   [32m✔ Image transferred in 6s[0m
[2m19:54:28[0m [38;5;33m[1m[prism-service       ][0m 
[2m19:54:28[0m [38;5;33m[1m[prism-service       ][0m [32m[1m══════════════════════════════════════════════════════[0m
[2m19:54:28[0m [38;5;33m[1m[prism-service       ][0m [32m[1m  ✅ Transfer complete in 7s[0m
[2m19:54:28[0m [38;5;33m[1m[prism-service       ][0m   [2mmaster@71d5b56 → synology (2026-05-21T02:54:21Z)[0m
[2m19:54:28[0m [38;5;33m[1m[prism-service       ][0m [32m[1m══════════════════════════════════════════════════════[0m
[2m19:54:28[0m [38;5;33m[1m[prism-service       ][0m 
